pmid,pmcid
15048078,
18599741,
19169241,PMC2719882
19528076,PMC2760790
19829295,PMC2857523
20150413,PMC2879520
20452322,PMC2867844
20835245,
20944595,PMC3607281
21261984,PMC3041646
21289626,PMC3100360
21324177,PMC3188798
21325135,PMC3042160
21364760,PMC3045451
21402899,PMC3106338
21454787,PMC3773223
21459846,PMC3152320
21494657,PMC3072964
21549415,PMC3099127
21571633,PMC3107329
21636547,PMC3694393
21724842,PMC3129246
21764852,PMC3143939
21804560,PMC3152676
21822215,PMC3173790
21840877,PMC3187648
21850022,PMC3381505
21876675,PMC3158048
21960545,PMC3246201
21964334,PMC7398428
22019781,PMC3576853
22043308,PMC3197143
22128135,PMC3246200
22140575,PMC3227660
22156296,PMC3266032
22199257,PMC3315322
22203967,PMC3268328
22214611,PMC3296256
22250051,
22355776,PMC3278922
22384406,PMC3284335
22396588,PMC3311343
22412385,PMC3297576
22421545,PMC3371706
22431509,PMC3323876
22466170,PMC3371717
22467206,PMC3401465
22502866,
22547686,PMC3434493
22574288,PMC3345519
22575960,
22581800,PMC3371703
22615383,PMC3384175
22655260,PMC3356053
22684280,PMC3409256
22689670,PMC3487446
22727668,PMC3418396
22751203,PMC3518396
22815530,PMC3445765
22859977,PMC3409179
22889811,
22905095,PMC3414479
22927820,PMC3426530
22929540,PMC4053743
22951069,PMC3491396
22955616,PMC3439153
22955618,PMC3736582
22955620,PMC3684276
22955828,PMC3771521
22955974,PMC3431479
22955988,PMC3431493
22959273,
22983443,PMC3496958
22988074,PMC3479560
22991305,
23019147,PMC3483545
23024189,
23034120,PMC3491416
23063654,
23079744,PMC3528691
23091622,PMC3472983
23101621,PMC3505597
23160002,PMC3625679
23201122,PMC3893119
23203880,PMC3531161
23222956,PMC3588142
23245995,
23371553,PMC4094295
23405175,PMC3566005
23408857,PMC3627581
23471003,PMC3627604
23474544,PMC3677275
23493425,PMC3678075
23503461,PMC3690170
23519614,PMC3643591
23523369,PMC3640649
23526891,PMC3597546
23530127,PMC3639415
23530188,PMC3625261
23544130,PMC3609788
23552882,PMC3641357
23558953,PMC3694764
23576721,PMC3631675
23580553,PMC3664824
23594524,PMC4053767
23603901,PMC3656328
23604283,PMC3791587
23604310,PMC3631769
23636943,PMC3730096
23637631,PMC3636093
23651857,PMC3656321
23671415,PMC3649992
23680149,
23680150,PMC3681809
23703590,PMC3770762
23704208,PMC3715569
23706135,PMC4053860
23707782,PMC3697763
23716601,PMC3719674
23746844,PMC3681429
23766440,PMC3995272
23812588,PMC3732535
23846333,PMC3731661
23867340,
23874421,PMC3707605
23884293,PMC3722564
23902433,PMC3697991
23908766,PMC3728624
23911289,PMC3854650
23921087,PMC3772518
23945587,PMC4034386
23974199,
23979844,PMC3787129
23993096,PMC3974915
24000294,PMC4612639
24002588,
24019458,PMC3785716
24020486,PMC4054597
24030150,PMC3789166
24054872,PMC4062940
24069164,PMC3775772
24076275,PMC3880227
24077223,PMC3823624
24107992,PMC3870304
24124593,PMC3790720
24135138,PMC3809792
24141950,PMC3838900
24142927,PMC3852380
24171104,PMC3808542
24176112,PMC3937590
24194914,PMC3806802
24223926,PMC3815156
24278466,PMC3838386
24282307,PMC3864310
24292813,PMC3901081
24297791,PMC3913813
24301020,PMC3863897
24319002,PMC3904521
24332853,PMC4073674
24336214,PMC3966492
24336318,PMC4116484
24342436,PMC3978842
24358224,PMC3866163
24375627,PMC3927959
24388747,PMC5312658
24407023,
24413322,PMC4369791
24416450,PMC3887110
24465609,PMC3899048
24469107,
24490137,PMC3907684
24519855,PMC4206563
24525231,PMC3949484
24530302,
24564208,PMC3945043
24566867,
24582926,
24590075,PMC4142212
24590290,PMC3973117
24591564,PMC4194113
24602777,
24606633,PMC4016586
24612742,PMC4008156
24618292,PMC4059064
24625073,PMC4007773
24639548,PMC3977241
24645746,
24670642,
24681958,PMC4511176
24696455,PMC4015496
24713434,PMC4058362
24714810,PMC4032854
24735754,PMC4074881
24747643,PMC4074779
24763052,PMC4001311
24768205,
24774536,PMC4055106
24781209,PMC4119405
24798046,PMC4010419
24812032,PMC4149590
24813887,
24814343,PMC4128630
24834073,PMC4018524
24835589,
24835990,PMC4516227
24840202,PMC4052765
24852265,PMC4472460
24859338,PMC4236026
24887486,PMC4072947
24887547,PMC4072957
24894543,PMC4060138
24897521,PMC4045674
24898756,PMC4073284
24904649,PMC4033838
24921652,PMC4055451
24927563,PMC4078832
24928520,PMC4078819
24929677,PMC4085473
24931571,PMC4232457
24936470,PMC4050346
24937458,PMC4079039
24939936,PMC4066403
24952746,
24962896,PMC4082627
24971714,PMC4157967
24974848,PMC5705185
24981740,
24998913,PMC4151270
25015643,PMC4184919
25017071,PMC4747248
25043018,PMC6879323
25044704,PMC4184971
25049118,PMC5528589
25057003,PMC4135020
25057852,PMC4109958
25058159,PMC4109854
25079037,PMC4131020
25079319,PMC4492470
25083870,PMC4131209
25091051,
25092792,PMC4198039
25104330,PMC4184927
25114221,PMC4151726
25114226,PMC4151734
25115705,PMC4296147
25119045,PMC4184960
25122745,PMC4176344
25122893,PMC4131009
25132549,PMC4209203
25135958,PMC4216918
25150838,PMC4321899
25157961,PMC4144875
25176652,PMC4231288
25184630,PMC4201502
25188243,PMC4154646
25189356,PMC4312515
25199720,
25201530,PMC4237931
25203323,PMC4159621
25212499,PMC4210771
25212826,PMC4303114
25216519,PMC4196166
25239471,PMC4203885
25239642,
25242168,PMC4323738
25242744,
25253726,PMC4287973
25254613,
25257309,PMC4282573
25259922,PMC4177038
25263445,
25263594,PMC4363072
25267526,PMC4317169
25268989,PMC4200523
25273840,PMC4203936
25274727,PMC4180976
25288800,PMC4239625
25294825,PMC4231772
25294932,PMC4210312
25303530,PMC4465761
25306246,PMC4318247
25306899,
25331115,PMC4263981
25332240,PMC4295391
25342220,PMC4216369
25344525,PMC4258754
25362856,
25363786,PMC4193135
25385641,PMC4250124
25387393,PMC4258842
25401475,PMC4348951
25405991,PMC4236147
25406379,PMC4693296
25407795,
25410163,PMC4717359
25414352,PMC4267623
25414701,PMC4222131
25415230,PMC4241506
25417103,PMC4283810
25453902,PMC4327935
25453903,PMC4492343
25457180,
25476502,PMC4268817
25480299,PMC4720960
25482560,PMC4268354
25483776,PMC4322776
25483777,PMC4272762
25488971,PMC4311229
25499759,
25502142,PMC4428333
25512507,PMC4284555
25517638,PMC4253621
25519703,PMC4301544
25524025,PMC4284803
25525796,PMC4418520
25535248,PMC4331004
25538889,PMC4259114
25540362,PMC4325751
25543152,PMC4310934
25551752,PMC4281219
25561469,PMC4333096
25561494,PMC4281563
25561518,PMC4315302
25582907,PMC4308717
25583473,PMC4313835
25586593,PMC4349895
25607463,PMC4302272
25608663,
25619691,PMC4422651
25625564,PMC4338613
25633159,PMC4290828
25653311,PMC4381521
25658338,PMC4450057
25670080,PMC4356948
25683523,
25693567,PMC4405175
25693838,PMC4973854
25699542,PMC4358660
25701737,PMC4446190
25710561,PMC4339844
25716682,PMC4417413
25720964,PMC4401662
25722371,PMC4357734
25749382,PMC4467114
25749757,
25752574,PMC4385449
25757056,PMC4698803
25776849,PMC4361875
25779048,PMC4402532
25784680,PMC4424629
25787252,PMC4394264
25803323,PMC4484453
25803486,PMC4407272
25807485,PMC4507807
25813522,PMC4389233
25822018,PMC4611703
25843712,PMC4394036
25849130,
25860607,PMC4397979
25860612,
25865119,PMC4403341
25873175,PMC4398915
25883152,PMC4482066
25896974,PMC4526352
25901726,PMC4406717
25913192,PMC4447122
25918225,PMC4411280
25918241,PMC4456445
25918379,PMC4434739
25921068,
25925576,PMC4551905
25931586,
25942495,PMC4420468
25956916,PMC4424892
25961939,PMC4767150
25965569,PMC4429920
25971364,
25972361,PMC4673270
25973543,PMC4546468
25977731,PMC4430922
25985394,PMC5769922
25990724,PMC4499142
25992859,PMC4560365
25998508,PMC4534471
26025803,PMC4510000
26030458,PMC4450877
26030523,PMC4499021
26046767,PMC4457876
26051178,PMC4490946
26051518,
26051943,
26053097,PMC4621908
26053433,PMC4459148
26056085,PMC4662463
26057633,PMC4673289
26061776,PMC4480275
26073078,PMC4679725
26074077,
26087292,PMC4472931
26095609,PMC4618447
26095918,PMC4557300
26097870,PMC4468322
26098574,PMC5310712
26100017,PMC4525321
26113076,PMC4561488
26113877,PMC4480902
26124181,PMC4695135
26124281,PMC4525309
26130076,PMC4487992
26132860,PMC4510696
26135619,PMC4507016
26148230,PMC4833872
26149387,PMC4539381
26150553,PMC4543687
26153859,PMC4650274
26158411,PMC4627292
26164662,PMC4603665
26166704,PMC5770188
26168401,PMC5086585
26175417,PMC4518499
26178981,PMC4577887
26181416,PMC4504486
26182353,PMC4504487
26183718,PMC4597140
26184084,
26187636,PMC4506436
26191083,PMC4506402
26199174,
26201599,PMC4754787
26234182,PMC4532886
26236012,PMC4546522
26237430,
26240272,
26240283,PMC4573706
26240788,PMC4521214
26245647,PMC4918335
26249178,PMC4768486
26251276,PMC4528692
26253700,PMC4561495
26257057,PMC4650263
26259570,PMC4531430
26261309,PMC4553800
26262842,PMC4532367
26265142,PMC4534116
26267534,
26268681,PMC4562119
26271415,
26275810,PMC4600658
26276636,PMC4642453
26279188,PMC4679144
26282166,
26299965,PMC4562906
26300991,PMC4546208
26302407,PMC4699446
26303183,PMC4713339
26307088,PMC4599679
26311227,PMC4551378
26321201,
26331541,PMC4831063
26338483,PMC4665005
26341737,PMC4560928
26355004,PMC4579343
26359985,PMC4821508
26367798,PMC4921058
26374485,PMC4573460
26384656,PMC4666751
26404941,PMC4604343
26404942,PMC4604345
26411344,PMC4635069
26413216,PMC4575920
26415882,PMC4587679
26416693,PMC4587870
26431317,PMC4592187
26436950,PMC4632088
26437858,PMC4600730
26438844,PMC4620908
26440048,PMC4595011
26455392,PMC4609298
26456572,
26459277,PMC4603809
26460041,PMC4664352
26461092,PMC4646058
26464442,PMC4787766
26467507,PMC4761857
26468528,PMC4702570
26474064,
26474386,PMC4741887
26484143,PMC4535965
26487287,PMC4618137
26494788,PMC4617977
26498364,PMC4791255
26502339,PMC4666772
26504231,PMC4653227
26516633,PMC4620585
26521025,PMC4628784
26522723,PMC4853298
26524530,PMC4788391
26525104,PMC4644263
26527316,PMC4791239
26542979,PMC4867233
26555175,PMC4941640
26561938,PMC5003778
26565589,PMC4629278
26565915,
26566875,PMC4744547
26569308,PMC4695887
26575290,PMC4744188
26575292,PMC4775220
26581859,
26588041,PMC4845657
26588988,PMC4691886
26593424,PMC4695625
26598604,PMC4719424
26603836,PMC4760090
26609053,PMC4738160
26611474,PMC5004401
26612782,PMC4733224
26621032,PMC4732299
26627478,PMC4667504
26631571,PMC4668370
26632845,PMC4669165
26637368,PMC4707053
26641092,PMC4671683
26646695,PMC4791222
26656844,PMC4857881
26656874,PMC4675984
26657335,PMC4849803
26659056,PMC8729149
26659825,PMC4828727
26669855,PMC4680874
26670263,PMC4829315
26671595,PMC4681058
26678338,
26679841,PMC4701976
26680004,PMC4816137
26687005,PMC4739776
26687838,PMC4707064
26695660,PMC4687867
26697058,PMC4667072
26697315,PMC4664659
26715761,PMC4872072
26716708,PMC4699898
26724866,PMC4715682
26729287,PMC4728380
26731516,PMC4775225
26735014,PMC4854653
26735499,PMC4703369
26743006,PMC4872073
26748848,PMC4733364
26751641,
26752646,PMC4731162
26759243,
26766592,PMC4809063
26766736,PMC4815766
26769123,
26769127,PMC4801945
26771497,PMC4724865
26783963,PMC4868673
26784191,PMC4730362
26784546,PMC4731168
26785999,
26818199,PMC4728775
26823433,PMC4868069
26826130,PMC4793214
26828195,PMC4900892
26833731,PMC4743061
26834243,
26837576,PMC4824105
26838548,PMC4991033
26840567,PMC4905463
26842848,PMC4739097
26853473,PMC4752889
26862702,PMC4750166
26864203,PMC4780610
26867566,PMC4836134
26868908,PMC4946889
26878238,
26883358,PMC4762424
26894958,PMC4798961
26896798,PMC4797308
26900662,PMC4824641
26916115,
26922637,PMC4769547
26923328,PMC5036161
26924072,PMC4773505
26925584,PMC4771715
26926465,PMC4771717
26927674,PMC4811120
26932476,PMC4836651
26940867,PMC4884612
26944194,PMC4813787
26944678,PMC4782046
26952838,PMC5014577
26957556,
26960573,PMC4792926
26967054,PMC4924651
26968532,
26971878,PMC4789728
26973881,PMC4784261
26974154,PMC4811152
26979953,PMC4822608
26981430,PMC4778681
26989177,PMC4874484
26997480,PMC4808437
26999735,PMC4814347
27015110,PMC4884079
27015306,PMC4808520
27016420,PMC5041931
27019329,PMC5030109
27026680,PMC4941619
27034728,PMC4815258
27044866,PMC4959312
27049681,
27050099,PMC4829466
27050392,PMC4823868
27050516,PMC4833653
27052315,PMC4834053
27053337,PMC4889976
27058665,PMC4826479
27058786,PMC4836061
27058900,PMC5085137
27063598,PMC4972641
27068474,
27068475,PMC5395199
27081631,PMC4818341
27087856,PMC4833939
27091409,PMC5026546
27093186,PMC4836692
27094684,PMC4837395
27099234,PMC4893996
27100670,PMC4839679
27110918,PMC4984527
27111282,
27117702,PMC4860043
27119355,PMC5078037
27121842,PMC4880456
27125305,
27129154,PMC5085129
27130590,PMC4956150
27132940,PMC4874879
27134167,
27138336,PMC4857405
27144525,PMC5058651
27147598,
27148573,PMC4850884
27152521,PMC4859559
27153541,
27157620,PMC5102814
27163456,PMC4957600
27164560,PMC7505026
27169980,PMC4867668
27174990,PMC4928577
27177224,PMC5122362
27179036,
27180681,PMC4867597
27183590,PMC4875802
27183917,PMC5077964
27184842,
27189164,
27196599,PMC5912916
27210747,PMC4889529
27210757,PMC4889472
27210763,PMC4889463
27211549,PMC4856749
27221037,PMC5122410
27221067,PMC4879555
27221711,PMC4896643
27225120,PMC5021195
27229140,PMC5460624
27230261,PMC4895048
27246849,PMC4965574
27248322,PMC5190055
27252488,PMC4946139
27256882,PMC5540732
27258612,PMC5141352
27259239,PMC5173106
27261081,PMC4922177
27263970,PMC4911262
27270440,PMC5140780
27270588,PMC4938731
27273737,PMC4895220
27276681,PMC5130036
27280393,PMC5321534
27281208,PMC4998062
27282075,PMC5423196
27282340,PMC4901365
27288410,PMC5016180
27291620,PMC4909989
27292631,PMC5094353
27294782,
27300437,
27306793,
27309803,PMC4946961
27320919,PMC4929150
27322055,PMC4922685
27325645,
27325891,PMC4925018
27340176,PMC4926866
27342777,PMC5016176
27347849,
27354116,
27362937,PMC4928811
27363021,PMC5226503
27364557,PMC5010452
27373332,PMC4955522
27376689,PMC4990482
27378372,PMC4932678
27378792,PMC4967941
27383785,PMC4947006
27386569,PMC4928895
27390128,PMC5010049
27391784,PMC4938529
27401066,PMC4940857
27402901,
27405981,PMC5036860
27406171,PMC4947167
27412690,PMC5013317
27415791,PMC4961003
27422173,PMC4947293
27422411,PMC11482124
27431763,PMC4951197
27432957,PMC4978254
27434182,PMC4951031
27435934,PMC5052043
27447986,PMC4996622
27450084,PMC4987817
27452461,PMC4972668
27456471,PMC4963474
27459529,PMC5095253
27460974,PMC4963202
27461342,PMC4965721
27462861,PMC5302866
27465917,PMC5025899
27466232,PMC5052056
27477696,PMC5311252
27477906,PMC4975651
27477908,PMC5893147
27482887,PMC5004937
27488962,PMC4976218
27498870,PMC4996374
27499906,PMC4939892
27502218,
27506453,PMC4978994
27514584,PMC5071180
27519597,PMC4983003
27520449,PMC5050123
27527891,PMC6739073
27533040,PMC5133388
27535106,PMC5584808
27536004,PMC5224492
27539783,PMC5029456
27540136,PMC5479611
27545331,
27546460,PMC5031559
27546534,PMC5031988
27546791,PMC5065530
27548314,PMC5114141
27571262,PMC5042848
27573426,
27573823,PMC5027469
27574101,PMC5013636
27580029,PMC5136292
27595325,
27602759,PMC5323210
27604143,PMC5015087
27604489,PMC5096979
27604545,PMC5015097
27604819,PMC5336192
27605307,PMC5015059
27617304,PMC5017158
27618450,
27620872,PMC5088590
27625374,PMC5069553
27635046,
27638861,PMC5136348
27638884,PMC5159541
27641228,PMC5027586
27643989,PMC5028058
27647875,PMC5069555
27655340,PMC5031259
27663586,PMC5354947
27671336,
27671678,PMC5344673
27672034,PMC5314794
27672039,PMC5314791
27677335,PMC5052795
27681123,PMC5110153
27681425,
27681615,PMC5068336
27694442,PMC5114407
27697109,PMC5227301
27703239,PMC5059489
27713405,PMC5059781
27721404,PMC5383522
27727273,PMC5065120
27728805,PMC5540451
27733359,PMC5300005
27733505,PMC5314799
27737935,PMC5131824
27748763,
27748765,PMC5245767
27749084,PMC5359537
27756306,PMC5069826
27760161,PMC5070843
27760318,PMC5125728
27760381,
27764183,PMC5072738
27765019,PMC5072325
27765027,PMC5073873
27768893,
27773931,PMC5382134
27775701,PMC5117849
27776121,PMC5077151
27780967,
27783944,PMC5123826
27791031,PMC5087040
27795423,PMC5165202
27799565,PMC5135356
27803105,PMC5117661
27811843,PMC5097163
27825143,PMC5341258
27829155,
27829228,PMC5348409
27832591,PMC5130111
27833659,PMC5103450
27837029,
27846391,
27846392,PMC5175469
27851913,PMC5134901
27851970,
27852622,PMC5283599
27855702,PMC5114739
27856324,PMC5333536
27869830,PMC5195898
27871485,
27872100,
27876874,PMC5120297
27879268,PMC5243171
27880818,PMC5120958
27881822,PMC5123566
27892494,PMC5125100
27893714,
27893719,PMC5526658
27894074,PMC5354800
27899379,PMC5290184
27899423,PMC5290160
27899618,PMC5389713
27899639,PMC5389682
27907167,PMC5132003
27910913,PMC5133573
27917918,PMC5137168
27922002,PMC5150648
27926867,PMC5320932
27930301,PMC5187731
27941797,PMC5285474
27941798,PMC5285448
27941877,PMC5453834
27942860,PMC11819050
27959342,PMC5159881
27980063,PMC5389510
27980086,PMC5394926
27980103,PMC5292054
27980108,
27987431,PMC5217771
27989769,PMC5291795
27992407,PMC5182091
27994142,PMC5278483
27999094,PMC5204336
28004750,PMC5192221
28017614,PMC5234852
28018973,PMC5161211
28028053,PMC5694947
28028313,PMC5529293
28030800,PMC5355239
28030809,PMC5352396
28031488,PMC5255621
28035057,PMC5351655
28042144,PMC5537055
28046107,PMC5234848
28055971,PMC5354662
28057009,PMC5217568
28058815,PMC5476855
28059768,PMC5247742
28065413,PMC5351781
28067315,PMC5220314
28068325,PMC5760165
28073004,PMC5233415
28076790,PMC5926788
28076791,PMC5263239
28077088,PMC5225521
28079881,PMC5386382
28082404,
28087642,PMC5496791
28089908,PMC5508733
28092678,
28092686,PMC5695682
28093207,
28096468,PMC5354504
28097239,PMC5214933
28099419,PMC5398413
28101782,PMC5243239
28102193,PMC5253665
28108460,PMC5340640
28108474,PMC5287114
28112170,PMC5264244
28114278,PMC5474565
28114302,PMC5302127
28119415,PMC5416753
28122245,PMC5321610
28123069,PMC5624309
28123869,PMC5213309
28125717,PMC5268815
28126920,PMC5416844
28130225,
28134252,PMC5290269
28157484,PMC5106529
28160548,PMC5386711
28167506,
28167697,PMC5391141
28169291,PMC5309719
28174265,PMC5338386
28177281,PMC5357138
28178529,PMC5313047
28180324,PMC5388417
28186996,PMC5386730
28188132,PMC5437734
28191887,PMC5540325
28192450,PMC5305277
28194035,PMC5316832
28195176,PMC5316867
28202510,
28209615,PMC5413378
28211871,PMC5384025
28212443,PMC5315303
28213356,PMC5340587
28214471,PMC5316229
28215825,PMC5337161
28221248,PMC5988644
28222283,
28228601,
28232744,PMC5599326
28235956,
28236660,PMC5527468
28239551,PMC5318344
28241139,PMC5497220
28241141,PMC5372383
28247413,PMC5468005
28249000,PMC5332108
28249162,PMC5340981
28249167,
28255027,PMC5539948
28255028,PMC5376761
28257516,PMC5352148
28263307,PMC5667640
28264064,PMC5338779
28264810,PMC5493476
28270621,PMC5373369
28272465,PMC5344977
28273136,PMC5362247
28273165,PMC5342222
28273451,
28273452,PMC5609449
28275008,PMC5376758
28275095,PMC5373337
28281638,PMC5345075
28283064,PMC5405733
28289232,PMC5380023
28295289,
28297567,PMC5442765
28306507,PMC5546241
28314854,PMC5389283
28321286,PMC5357816
28332630,PMC5362932
28334900,PMC5499812
28344040,PMC5427719
28345629,PMC5366898
28350380,PMC5369315
28356514,PMC5393253
28369036,PMC5885283
28369554,PMC5499738
28380430,PMC5464844
28383660,PMC5834074
28388414,PMC5388891
28389511,PMC5559338
28390866,
28392220,PMC5425613
28396539,PMC5426967
28397780,PMC5394245
28399412,PMC5425285
28400196,PMC5484733
28404898,PMC5444715
28407681,PMC5392273
28411283,PMC5400527
28415728,PMC5503531
28416184,PMC5425402
28416637,PMC5472832
28418038,PMC5594206
28420326,PMC5395849
28423633,PMC5386637
28424164,PMC5473134
28425916,PMC5435462
28426722,PMC5398536
28428441,PMC5544558
28429794,PMC5413944
28434841,PMC5462626
28434940,PMC5425658
28436936,PMC5451246
28440341,
28442587,PMC5705946
28442752,PMC5457678
28444238,PMC5499592
28445693,
28445987,PMC5421939
28446439,PMC7802885
28447610,PMC5414184
28459462,PMC5578878
28465412,PMC5931361
28469092,PMC5414564
28472656,PMC5508517
28473532,PMC5497757
28474697,PMC5424160
28475868,PMC5510478
28480052,PMC5417364
28481029,PMC5527746
28484033,PMC5448232
28486549,PMC5423588
28487543,PMC5681448
28488769,PMC5673560
28489070,PMC5436223
28489570,PMC5522265
28490664,PMC5718051
28490802,PMC5431861
28492543,PMC5520704
28494239,PMC8938989
28494868,PMC6420824
28494942,PMC5425787
28498804,PMC5542220
28500257,PMC5452029
28504676,PMC5831360
28507152,PMC5465894
28507805,PMC5414884
28512247,PMC5505315
28515293,PMC5651724
28518056,PMC5459576
28525743,PMC5446411
28525990,PMC5438547
28526299,
28526809,PMC5542230
28530236,PMC5458144
28530711,
28533227,PMC7404813
28536623,PMC5415789
28538183,PMC5457485
28538184,PMC5531293
28541300,PMC5458519
28541577,PMC5570006
28548080,PMC5458547
28553926,PMC5466421
28559491,PMC5558910
28560170,PMC5443917
28566434,PMC5558834
28570276,PMC5453711
28575377,PMC5570092
28575647,PMC5473733
28578850,PMC5546878
28579529,
28581500,PMC5493197
28587571,
28587590,PMC5461714
28588024,PMC5555189
28591870,PMC5837682
28596291,PMC5538551
28596487,PMC5564707
28607076,PMC5488937
28609784,PMC5570033
28611215,PMC5495225
28614298,PMC5576182
28618162,PMC5579340
28619709,PMC5586597
28619718,PMC5865750
28625552,
28625833,PMC5623120
28628092,PMC6036910
28628110,PMC6055224
28633018,PMC5536848
28637928,PMC5643582
28640357,PMC5626593
28642487,PMC5481333
28647567,
28650479,
28652380,PMC5628128
28654894,PMC5564823
28658220,PMC6005659
28659575,PMC5489516
28661478,PMC5520939
28663557,PMC5491528
28663582,PMC12856936
28668826,
28669490,PMC5593798
28671673,PMC5666320
28678782,PMC5896562
28679652,PMC5622856
28680106,PMC5498581
28684431,PMC5551580
28685772,PMC5587854
28695110,PMC5483589
28696319,PMC5544284
28701475,PMC6039096
28701793,PMC5507892
28704716,PMC5731452
28709002,PMC6611169
28712938,
28716088,PMC5513093
28716899,PMC8171587
28721901,
28723562,
28723893,PMC5924693
28728983,PMC5632138
28729413,PMC5600857
28736425,PMC5547221
28737768,PMC5541905
28738804,PMC5525255
28739801,PMC5592672
28740083,PMC5524642
28747380,PMC5629268
28749464,PMC5550886
28753426,
28753429,PMC5767127
28754746,
28757253,PMC5726277
28779122,PMC5544667
28781121,
28782559,PMC5695663
28783173,PMC5700857
28786813,PMC5548489
28790111,
28792927,PMC5706657
28794202,PMC5579470
28798667,PMC5526973
28800922,
28805822,PMC5653288
28808038,PMC5668181
28810146,PMC6381325
28811345,PMC5559635
28813415,PMC5570667
28813674,PMC5985663
28819152,PMC5561104
28823557,PMC5587159
28823558,PMC5755977
28823962,
28826504,PMC5629025
28827661,PMC5566498
28831000,PMC5594639
28832682,PMC5568388
28837588,PMC5587343
28843484,
28844694,PMC6791823
28846924,
28847958,PMC5603999
28847988,PMC5914504
28848560,PMC5554507
28851814,
28854564,PMC5886283
28855212,PMC5645262
28855512,PMC5577318
28860207,PMC6055228
28860622,PMC5578970
28864476,PMC6668729
28864682,
28867147,PMC5605802
28867293,PMC5657607
28868519,PMC5578628
28869607,
28874392,PMC5626408
28877474,PMC5777516
28877527,
28878026,
28878246,PMC5587550
28878621,PMC5572227
28883001,
28886030,PMC5590820
28886127,PMC5590942
28887309,PMC5655502
28887438,PMC5674883
28891793,PMC5593504
28892060,PMC5660607
28892090,
28893800,
28893982,PMC5625911
28904012,PMC5630028
28911096,PMC5587728
28912132,PMC5727891
28920001,PMC5593706
28920958,PMC5677536
28921546,PMC5725737
28922346,PMC5953555
28923553,
28923912,PMC6456057
28925810,PMC5788436
28927099,PMC5588073
28928862,PMC5604205
28930682,
28930685,PMC5646692
28931820,PMC5606997
28937961,PMC5915180
28939678,PMC5898809
28939823,PMC5610242
28939884,PMC5610324
28951454,PMC5774855
28951465,PMC6637769
28959975,PMC5891832
28961236,PMC5636171
28963353,PMC5760289
28963538,PMC5622043
28964699,PMC5679353
28965760,PMC5728659
28966034,PMC5929990
28967863,PMC5643100
28967884,PMC5685549
28968964,PMC5609896
28971956,PMC5666673
28973462,PMC5737680
28974548,
28974650,PMC7330879
28977426,PMC5714221
28977470,PMC5737218
28982763,PMC5666678
28985562,PMC5846482
28986391,PMC5668941
28988820,PMC5718961
28991892,PMC5937676
28993409,PMC5732856
28994650,PMC5669633
29017058,PMC5750052
29020632,PMC5687273
29022142,PMC5809304
29023490,PMC5638242
29024780,
29028833,PMC5640240
29029402,PMC5630302
29033130,PMC5685550
29035371,PMC5961502
29035390,
29042553,PMC5645359
29044188,PMC5647428
29045536,PMC6658717
29045832,PMC5706555
29045843,
29045844,PMC5687286
29046454,PMC5730778
29048444,
29054992,PMC5819998
29056323,PMC6013302
29057918,PMC5651844
29058695,PMC5668886
29061142,PMC5651703
29061961,PMC5653666
29063830,PMC5655136
29066510,PMC5754241
29066513,PMC5935134
29074538,
29079719,PMC5750844
29084210,PMC5823716
29087294,PMC5679755
29088702,PMC5933935
29088719,PMC5650274
29092903,PMC5892729
29098080,PMC5665210
29099484,PMC5762855
29100359,PMC5652753
29100376,PMC5652769
29107533,PMC5687892
29108258,PMC5667991
29109117,PMC5754246
29113323,PMC5655218
29117547,PMC5726543
29121253,PMC6018707
29122982,
29123100,PMC5680222
29126837,
29129640,PMC5728175
29129908,PMC5682287
29130426,PMC5959327
29131160,PMC5722201
29133799,PMC5684409
29138277,PMC5733499
29138278,PMC5733497
29142068,PMC5752584
29142137,PMC5774889
29143341,
29143738,PMC5720590
29149598,PMC5993436
29150601,PMC5693921
29151363,PMC5694901
29152775,
29162437,PMC7007299
29162797,PMC5698427
29164052,PMC5673842
29167454,PMC5802686
29170413,PMC5701042
29170510,PMC5700979
29174800,
29180470,PMC5774586
29180699,PMC5769471
29186125,PMC6217924
29186366,PMC5819842
29186616,PMC5814809
29190885,PMC5696151
29192207,PMC5709387
29196464,PMC5837004
29202474,PMC5749504
29202477,PMC5749506
29202480,PMC5749518
29202482,PMC5749509
29203764,PMC5715138
29211708,PMC5774979
29211711,PMC5841452
29212027,PMC5728698
29212479,PMC5719570
29212856,PMC5967248
29215599,PMC5751259
29220513,PMC5925763
29227282,PMC5749502
29228002,PMC5724894
29228717,PMC5716757
29229600,PMC5811373
29233992,PMC5727188
29234122,PMC5727077
29235481,PMC5727390
29242506,PMC5802506
29246169,PMC5731058
29249359,PMC5766423
29249691,PMC5760343
29249692,PMC5760435
29254993,PMC8108069
29256496,PMC5793997
29262321,PMC5745042
29262328,PMC5746598
29262329,PMC5746596
29263845,PMC5705701
29269483,PMC5769772
29269732,PMC5740069
29269867,PMC6168472
29273624,PMC5793780
29275861,PMC6684025
29281661,PMC5744951
29282718,
29288235,
29290617,PMC5860916
29291346,
29295936,PMC5776985
29295957,PMC5914505
29295995,PMC5750219
29296742,PMC5728324
29296880,PMC5729629
29298978,PMC5752671
29301935,PMC5818173
29301971,
29309643,PMC5829742
29309722,PMC6057476
29311158,
29316427,PMC5764110
29317660,PMC5760624
29317678,PMC5760651
29321307,PMC5972905
29324392,PMC6728079
29330292,
29330365,PMC5766611
29330370,PMC5766599
29334376,PMC5803371
29335468,PMC5768781
29337990,PMC5786324
29339449,PMC5789414
29339538,
29339544,PMC5856628
29342134,PMC5785464
29343522,
29346775,PMC5843368
29348189,PMC5882512
29351904,PMC9011919
29352181,PMC5802577
29352292,PMC5792027
29353739,
29355840,PMC5785244
29356532,PMC5867665
29358408,PMC5819419
29360641,PMC5873878
29361088,PMC6231367
29362363,PMC5833419
29367285,PMC5835840
29373830,
29374279,PMC5786109
29378907,PMC5882506
29379199,PMC6310397
29379210,
29382783,
29383125,PMC5777737
29383126,PMC5777738
29385522,PMC5861452
29386107,PMC5967622
29386185,PMC5882560
29386396,PMC5834708
29395063,PMC5957072
29396493,PMC5797120
29398485,PMC5910666
29398709,PMC5916919
29402932,PMC5799368
29415187,
29415883,PMC5821187
29416646,PMC5787501
29416688,PMC5787431
29422643,PMC5805692
29422670,PMC5833835
29423269,PMC5798889
29426832,PMC5807365
29429977,PMC5848610
29431736,PMC5967874
29432597,PMC6280140
29433542,PMC5808446
29434212,PMC5809368
29435103,PMC5796974
29437725,PMC5828395
29437778,PMC5840539
29438694,PMC5813700
29438700,PMC5977991
29438977,PMC5894810
29440125,PMC5836092
29440233,PMC6086768
29449436,PMC5865428
29453404,PMC5816642
29454094,
29456185,PMC5918339
29456968,PMC5801399
29457796,PMC6730556
29458327,PMC5819162
29462945,PMC5855815
29463564,PMC6061932
29463573,PMC5859965
29463595,PMC5986238
29463813,PMC5820273
29467282,PMC5891417
29471413,PMC5909421
29472102,PMC5985229
29472484,PMC6112415
29472532,PMC5833769
29476010,PMC5856557
29476152,PMC5826585
29476964,
29479065,PMC5943191
29483136,PMC6369413
29490948,PMC6314302
29491376,PMC5830406
29491412,PMC5955861
29496664,PMC6858088
29502955,PMC5881394
29507391,PMC5866761
29507648,PMC5833094
29510190,
29510196,
29510988,PMC5967627
29511348,PMC5966365
29511350,
29513652,PMC6318124
29514068,PMC5897043
29518696,PMC5909677
29523794,PMC5844962
29526696,PMC5856641
29527701,PMC5893432
29528143,PMC5930076
29532865,PMC5843401
29533783,
29534157,PMC5917821
29539426,PMC5870123
29546464,
29548303,PMC5857099
29551269,PMC5866246
29551594,
29552290,PMC5844726
29560130,PMC5849194
29563139,PMC6150856
29566098,PMC5882172
29567811,
29568378,PMC5862599
29576454,PMC6643283
29581250,PMC5939079
29581274,PMC5899436
29581865,PMC5865691
29587824,PMC5872397
29590112,PMC5873940
29590609,PMC5903572
29590629,PMC5896174
29590631,PMC8204688
29592892,PMC6032890
29593282,PMC5871772
29593326,
29593334,PMC5871815
29605720,PMC5915992
29608602,PMC5880349
29608984,PMC5930000
29610481,PMC5893414
29614078,PMC5882141
29616851,PMC6214785
29617667,PMC5933844
29622655,PMC6029548
29622725,PMC6409205
29622799,PMC6461874
29625057,PMC5890941
29626126,PMC7087411
29628141,
29628309,PMC6258263
29629903,PMC5919820
29632539,PMC5879147
29632659,PMC5887255
29632808,PMC5881538
29634432,PMC7147957
29636421,PMC5924926
29641997,PMC8241223
29649003,PMC6025969
29650553,PMC5932604
29650777,PMC5916000
29650805,PMC5938620
29657129,PMC5953834
29658882,PMC5902165
29659627,PMC5919695
29660014,PMC6158595
29661169,PMC5902834
29662084,PMC5902613
29662164,PMC6022759
29662176,PMC5920728
29662178,
29662190,PMC6054535
29662633,PMC5882324
29667003,PMC6338618
29669006,PMC6176896
29669287,PMC5933875
29669292,
29669761,
29675951,
29679004,PMC5910401
29684110,PMC5972632
29684168,PMC6009696
29684192,PMC5961209
29691407,PMC5915440
29691780,
29692408,PMC5915391
29694893,PMC5963704
29695719,PMC5917026
29700321,PMC5920050
29700375,PMC5919936
29703144,PMC6389165
29703781,PMC6004057
29703889,PMC5923285
29704517,PMC7474466
29706544,
29706628,PMC5924756
29710228,PMC6087485
29712618,PMC5929907
29712909,PMC5928244
29716923,
29718933,PMC5931457
29719619,PMC5915086
29719936,PMC6026875
29720137,PMC5930761
29722878,PMC6158714
29724193,PMC5934884
29724793,PMC5991522
29728077,PMC5935908
29730990,PMC5937035
29731168,PMC5984165
29731978,PMC5929421
29734136,PMC6016551
29739788,PMC6125187
29741668,PMC6158754
29741809,PMC6026877
29742422,
29743561,PMC5943605
29743621,PMC5943353
29746587,PMC5963815
29747501,PMC7385754
29748571,PMC5945639
29749400,PMC6224398
29754406,PMC6026950
29754815,
29755131,PMC6107480
29755654,PMC5945521
29757189,PMC5983322
29758070,PMC5951544
29759984,PMC6004073
29759990,PMC6072573
29760071,PMC5984534
29760161,PMC6107877
29761158,PMC5935675
29764999,PMC5984485
29765028,PMC5954061
29768462,PMC5955523
29769207,PMC6125216
29769248,PMC5987917
29769258,PMC5991599
29769286,PMC6200133
29769529,PMC5955993
29769618,
29769722,
29773599,PMC6119130
29785026,PMC6055231
29786075,PMC6370770
29789628,PMC5964252
29792595,PMC5967868
29794131,PMC6618293
29796672,PMC6125626
29808006,
29808028,PMC5980762
29844105,PMC6049506
29844167,PMC6042123
29844388,PMC5974302
29844878,PMC5963621
29847788,PMC6007887
29848287,PMC5977534
29853607,PMC6028508
29858584,PMC6274620
29859176,PMC7001723
29861175,PMC6398937
29861296,PMC6791822
29862663,PMC6051202
29864419,PMC6120776
29866747,
29866822,PMC6016782
29867192,PMC6075671
29867216,PMC6122591
29867773,PMC5964132
29871935,
29873416,PMC6175245
29875134,PMC6031301
29875794,PMC5985396
29880867,PMC5992162
29884215,PMC5992658
29892065,PMC6110381
29893976,PMC6101486
29894694,PMC6191185
29895574,PMC6074045
29895674,PMC6072578
29895968,
29898915,
29898990,
29898995,
29899353,PMC5998130
29901772,PMC6158501
29902206,PMC6002042
29903879,PMC6192670
29905573,PMC6118570
29907599,PMC7115916
29910151,PMC6035102
29914715,
29915361,PMC6113057
29915428,PMC6421579
29921838,PMC6008438
29922161,PMC5996282
29924996,PMC6314477
29929942,
29930101,
29931089,PMC6125624
29933745,PMC6015472
29934580,PMC6015003
29937226,PMC6063761
29938567,PMC6161681
29939287,PMC6125627
29941152,PMC6292767
29941549,PMC6028512
29941933,PMC6030478
29942093,PMC6475503
29945888,PMC6075037
29946150,PMC6018746
29949775,PMC6146183
29949786,
29950518,PMC6097653
29950651,PMC6021377
29954933,PMC6269303
29958106,PMC6211564
29966764,
29968778,PMC6030186
29970451,PMC6071641
29973406,PMC8054766
29976840,PMC6065023
29982439,PMC6065480
29983888,PMC6033359
29986997,
29991687,PMC6039465
29993038,PMC6237764
29995873,
29997151,PMC6201274
29997232,PMC6125218
30003124,PMC6039985
30005669,PMC6045882
30011215,
30012564,
30012592,PMC6077712
30013107,PMC6101038
30014619,
30016502,PMC6454485
30018301,PMC6050266
30024860,PMC6159983
30026317,
30026490,PMC6053364
30026510,PMC6053443
30033362,
30033371,
30034620,PMC6047668
30037853,PMC6279594
30038221,PMC6082694
30038252,PMC6467203
30038266,PMC6283862
30038414,PMC6071863
30039525,PMC6144144
30041657,PMC6058388
30042132,PMC6075149
30042133,PMC6075143
30042172,PMC6140460
30042378,PMC6057987
30042414,
30046001,PMC6124402
30050105,PMC6062564
30050469,PMC6050429
30054476,PMC6063898
30059005,PMC6103745
30061158,
30061624,PMC6065423
30065029,
30070011,PMC6156287
30070637,PMC6158008
30074477,PMC6122955
30076308,PMC6076257
30076409,PMC6859054
30076926,PMC6309654
30078722,PMC6140332
30079402,PMC6071836
30080437,PMC6140815
30080846,PMC6095604
30080890,PMC6095625
30082317,PMC6177587
30082494,PMC6236466
30082728,PMC6079100
30086262,PMC6219903
30087143,
30087459,PMC6265260
30089255,PMC6171747
30093397,PMC6312034
30093495,PMC6138434
30097337,PMC6340736
30100187,PMC6150493
30100395,PMC6154886
30107177,PMC6097876
30108207,PMC6092349
30110628,PMC6249693
30115703,PMC7200079
30118678,PMC6149533
30120411,PMC6336686
30121621,
30122351,PMC6191937
30122444,PMC6135722
30122553,PMC6224545
30125329,PMC6117096
30126415,PMC6102855
30127373,PMC6170402
30127394,PMC6693632
30131370,PMC6186424
30131849,PMC6101278
30135250,
30135308,PMC6141185
30135560,PMC6345371
30135572,PMC6105679
30136421,PMC6351162
30139917,PMC6140511
30139998,PMC6107513
30140058,PMC6107547
30143015,PMC6109356
30143629,PMC6109055
30144504,PMC6250058
30144809,PMC6109294
30145359,
30148686,PMC6292503
30150410,PMC6140489
30150753,PMC6110798
30150773,PMC6527314
30150775,
30154439,PMC6113304
30154548,PMC6245953
30158112,PMC6276880
30158554,PMC6115401
30165787,PMC6224214
30166344,PMC6200927
30177776,PMC6163039
30177832,PMC7182071
30180878,PMC6124012
30181174,PMC6310235
30181242,PMC6279241
30181507,PMC6163887
30183076,
30185548,PMC6191339
30185628,PMC6214763
30190462,PMC6127298
30190514,PMC6127155
30191958,PMC6278950
30197754,PMC6126696
30198908,PMC6159960
30199532,PMC6147668
30205046,PMC6422029
30205049,PMC6159911
30206211,PMC6133967
30206227,PMC6134089
30209067,PMC6170170
30212242,PMC6391636
30212448,PMC6136692
30214690,PMC6132345
30214903,PMC6125337
30216339,PMC6157899
30218669,PMC6347478
30220099,PMC6215883
30220457,
30224758,PMC6181206
30228232,
30228241,PMC6143740
30231850,PMC6146521
30232004,PMC6219633
30232005,
30232013,
30232101,PMC6239193
30232291,PMC6237218
30232453,PMC6234840
30232459,PMC6145927
30237440,PMC6514849
30237493,PMC6148066
30237497,PMC6148032
30237511,PMC6748103
30237855,PMC6145692
30240750,PMC6147024
30241526,PMC6148962
30242112,PMC6239953
30242258,PMC6155045
30244869,PMC6225525
30253752,PMC6156849
30253781,PMC6156859
30256975,PMC6265444
30260431,PMC6294507
30265426,PMC6437779
30266989,PMC6372575
30269358,
30270106,PMC6214474
30271949,PMC6123626
30272558,PMC6185107
30274785,PMC6225079
30275445,PMC6167382
30275516,PMC6173298
30279734,PMC6160778
30282824,PMC6237460
30286710,PMC6172735
30286788,PMC6172843
30287662,PMC6414229
30288360,PMC6169572
30289973,PMC6294659
30291252,PMC6173745
30291336,
30293940,
30294829,
30295647,PMC6205409
30296942,PMC6176514
30297712,PMC6175882
30297778,PMC6219929
30297808,PMC6175862
30297869,PMC6218442
30300582,
30305041,PMC6180441
30305285,PMC6373451
30305606,PMC6180122
30306128,PMC6170038
30307528,
30307970,PMC6198989
30314329,PMC6210624
30315115,
30315258,PMC6185985
30320932,PMC6272096
30321299,PMC6412125
30323192,PMC6189109
30323285,PMC6444936
30324908,PMC6191286
30325352,PMC6190740
30327326,PMC6288382
30329085,PMC6326780
30332650,PMC6248336
30332658,
30333485,PMC6192987
30333494,PMC6193001
30333558,PMC9639231
30334368,PMC6237559
30334814,PMC6307949
30335683,PMC6343954
30337297,PMC6199649
30337563,PMC6193986
30340042,PMC6422358
30341421,PMC6748083
30343511,PMC6317945
30343527,PMC6317929
30344046,
30345349,PMC6185974
30348169,PMC6198520
30348759,PMC6233093
30349116,PMC6422046
30352278,
30352813,
30352904,
30353124,PMC6199308
30353166,PMC6462854
30353168,PMC6372071
30353617,PMC6392140
30355798,PMC6644046
30357359,PMC6277088
30357827,PMC6342657
30359577,
30364635,PMC6197336
30365065,PMC6257835
30371874,PMC6326824
30373918,PMC6368871
30374110,PMC6206098
30379370,PMC7380032
30380416,PMC6366939
30381297,PMC6442957
30382079,PMC6208382
30382083,PMC6208368
30385738,PMC6212493
30389702,PMC6705596
30392959,PMC6433469
30393759,PMC6206135
30393775,PMC6203837
30395538,PMC6264730
30395643,PMC6237423
30397315,PMC6698386
30400891,PMC6219186
30401716,PMC6295222
30402543,PMC6209383
30404791,PMC6279404
30409062,PMC6422458
30412224,PMC6225810
30413703,PMC6226477
30415952,
30416686,PMC6205557
30417100,PMC6221537
30419347,PMC6351074
30419821,PMC6233266
30420285,
30420752,PMC7001730
30423299,PMC6239211
30425508,PMC6203107
30425966,PMC6218583
30428345,PMC6296757
30428356,PMC6321629
30429088,PMC6306353
30429154,PMC6262852
30429208,PMC6322389
30429372,PMC6302950
30431433,PMC6277197
30443311,PMC6220561
30446660,PMC6240084
30447254,
30447347,
30449681,PMC6326872
30449723,PMC6309921
30451863,PMC6242832
30454010,PMC6240936
30454645,PMC6247954
30455436,
30455688,PMC6230993
30456384,PMC6238595
30456386,PMC6238411
30459395,PMC6244004
30463017,PMC6338450
30464211,PMC6249266
30467308,PMC6250664
30469014,PMC6249353
30476274,PMC6344866
30477489,PMC6257957
30477559,PMC6257964
30478051,PMC6294934
30478299,PMC6255842
30478423,
30478449,PMC6755993
30481782,
30487242,PMC6398210
30487368,PMC11926408
30496141,PMC6355211
30496486,PMC6379679
30503705,PMC6298230
30503706,PMC6554023
30506884,PMC6349343
30507380,PMC6303110
30510575,PMC6230429
30511964,PMC6355239
30513106,PMC6279030
30514804,PMC6545850
30517713,PMC6393244
30517867,PMC6324198
30517868,PMC6342284
30518613,
30518851,PMC6281582
30519573,PMC6241233
30524706,PMC6276193
30527665,PMC8968458
30527999,
30529531,PMC6551333
30531834,PMC6484770
30531871,
30536898,PMC6491995
30537512,PMC6294301
30537513,
30537514,PMC6352909
30538148,PMC6380277
30538293,
30538335,PMC6294324
30541837,PMC6384073
30542117,PMC6461515
30544928,PMC6316324
30546079,PMC6558280
30548162,PMC6555698
30548288,PMC6476548
30549291,PMC6519263
30550790,PMC6474419
30552103,PMC6314164
30552333,PMC6294251
30552977,
30554877,PMC6329640
30555573,PMC6276287
30555629,PMC6284737
30559421,PMC6532069
30559927,PMC6284858
30560866,PMC6299138
30563889,
30563893,PMC6377833
30563971,PMC6299095
30567979,PMC6401440
30568916,PMC6290060
30573454,PMC6317322
30573629,PMC6711172
30575730,PMC6303303
30575820,
30578319,PMC6329966
30582655,PMC6398890
30584254,PMC6315025
30590736,PMC6500550
30593567,PMC6338862
30595437,PMC6386617
30595531,PMC6444916
30598549,PMC6358485
30605520,PMC6411930
30605687,PMC6396678
30606742,PMC6360806
30606771,
30615637,PMC6322746
30615901,
30616658,PMC6322269
30619609,PMC6311003
30626740,PMC6485357
30626868,PMC6327034
30626869,PMC6327059
30628666,PMC6365037
30628724,PMC7423571
30629778,PMC6596424
30630822,PMC6397693
30631056,PMC6328544
30635567,PMC6329799
30639261,PMC6430684
30640896,PMC6331149
30641411,PMC6330361
30642878,PMC8797269
30643298,PMC6348009
30644358,PMC6336405
30645970,
30647404,PMC6333829
30651280,PMC6360819
30651288,
30651550,PMC6335434
30655535,PMC6336817
30655616,PMC6353968
30658679,PMC6339303
30658994,PMC6509007
30659195,PMC6338783
30660649,
30661959,PMC6687310
30663495,PMC6363278
30664779,PMC6633917
30664790,PMC6948102
30665420,PMC6341764
30665893,PMC6432718
30668775,PMC6468493
30670076,PMC6341724
30670627,PMC6360814
30670781,PMC6544520
30673779,PMC6361465
30674353,PMC6343302
30674564,PMC6363437
30674889,PMC6393520
30674989,PMC6563616
30675233,PMC6341838
30679434,PMC6345973
30679557,PMC6345880
30692639,
30692681,
30693469,PMC6850467
30696738,PMC6355981
30696953,PMC6499706
30697731,PMC6593675
30698808,PMC6412124
30700829,PMC6756228
30709863,PMC6373749
30710044,PMC6401260
30714679,PMC6488130
30717152,PMC6406699
30718260,PMC6497540
30718424,PMC6386723
30718505,PMC6362136
30718512,PMC6361890
30720865,
30723117,PMC6396169
30723171,PMC6530478
30728260,PMC6450116
30733195,PMC6467765
30735634,
30742096,PMC6546609
30742122,PMC6408961
30742544,PMC6680296
30745086,PMC6485942
30754719,PMC6406924
30755442,PMC6497578
30755444,PMC6467770
30755707,PMC6880927
30760707,PMC6374379
30760870,PMC6687534
30763683,
30763770,PMC6468197
30764831,PMC6376750
30765392,
30770362,PMC6391660
30770999,PMC6546611
30772380,
30773341,PMC7246081
30773595,PMC6486551
30775418,PMC6365369
30779441,PMC6593830
30783652,PMC6486550
30788509,PMC6451131
30791937,PMC6383285
30792186,PMC6400532
30796052,PMC6571057
30796221,PMC6385232
30796839,PMC6542340
30801039,PMC6376255
30804043,
30804224,PMC6411009
30805632,PMC6486546
30807234,PMC6506420
30808711,PMC6463700
30809307,PMC6376470
30813560,PMC6468617
30814062,
30814526,PMC6393509
30814679,PMC6461993
30814731,PMC6561087
30814741,
30815012,PMC6382020
30818224,PMC6393697
30819200,PMC6394047
30819645,PMC6450743
30819903,PMC6886409
30820351,PMC6391384
30827887,PMC6424636
30832689,PMC6399913
30833784,PMC6709854
30837577,PMC6401026
30837581,PMC6401130
30840885,
30840889,PMC6449498
30841919,PMC6404325
30842215,PMC6499328
30842218,PMC6499322
30842470,PMC6403315
30846719,PMC6405761
30846826,PMC6405739
30849979,PMC6408762
30850577,PMC6408575
30851239,PMC7988342
30854052,PMC6365901
30858363,PMC6411998
30858552,PMC6756219
30858614,PMC6755913
30860984,PMC6486333
30862719,
30865623,PMC6433297
30865625,PMC6433296
30865883,PMC6448596
30866995,PMC6416873
30867051,PMC6417085
30867218,PMC6606366
30867289,PMC6442582
30867593,PMC6438714
30867597,
30874541,PMC6420644
30877256,PMC6452716
30880225,
30883733,PMC6579655
30886146,PMC6423285
30886783,PMC6421064
30889293,
30890736,PMC6425004
30891063,PMC6411637
30894694,
30894746,PMC7611299
30894749,PMC6812682
30898650,PMC6557734
30899378,PMC6413274
30899417,PMC6420793
30902546,PMC6598686
30903020,PMC6430783
30905681,PMC6588464
30910979,PMC6462070
30911355,PMC6398008
30912515,PMC6440742
30914431,PMC6522315
30914725,PMC6435722
30914792,PMC6884148
30916811,PMC6488383
30917308,
30917865,PMC6438015
30918008,PMC6463213
30918020,PMC6606381
30918060,PMC6437273
30918399,PMC6707377
30923315,PMC6438984
30923319,PMC7340798
30923373,PMC7605494
30924641,PMC6948846
30924726,
30926388,
30926605,PMC6527152
30926812,PMC6441097
30926878,PMC6441033
30926929,PMC6441013
30926969,PMC6443099
30927045,PMC6525710
30927911,PMC6441211
30928206,PMC6527870
30929268,PMC6753944
30930056,PMC6525023
30930117,PMC6472943
30930119,PMC6467783
30930147,
30936474,
30938333,PMC6457324
30941318,PMC6444048
30944316,PMC6447566
30948495,PMC6504206
30948643,PMC6486754
30951670,PMC6664447
30952620,PMC6491796
30952905,PMC6451017
30953031,PMC6756218
30953519,PMC6449995
30953555,PMC6451284
30955884,PMC6711371
30955885,PMC6823843
30962207,PMC6500973
30962446,PMC6453957
30963568,PMC7263025
30965636,PMC6521309
30967634,
30968748,PMC6535958
30971321,PMC6456988
30972518,PMC6541682
30973654,
30975897,PMC6601215
30975912,PMC6939512
30976974,PMC6999025
30978357,PMC8318381
30979659,PMC6853029
30979708,PMC6549033
30979895,PMC6461621
30980673,
30986824,PMC6486572
30987380,PMC6520695
30987655,PMC6466735
30987999,PMC6548652
30988284,PMC6465371
30991027,PMC6812656
30992459,PMC6467924
30992567,PMC7679026
30993034,PMC6461029
30995479,
30995489,
30996073,PMC6820162
30999914,PMC6471868
31000582,PMC6610760
31000698,PMC6472371
31001480,PMC6454005
31006810,PMC6582326
31007848,PMC6459349
31012116,PMC6660365
31014355,PMC6480895
31015230,
31015400,PMC6478836
31015438,PMC6479050
31015465,PMC6478686
31015486,PMC6479060
31015567,PMC6478850
31015574,
31018951,PMC6542644
31023702,PMC6609954
31027518,PMC6486691
31028278,PMC6814517
31031002,
31031084,PMC6588483
31032141,PMC6477931
31033435,PMC6538374
31037510,PMC6949206
31039138,PMC6629156
31039140,PMC6597210
31039152,PMC6490878
31041561,PMC8078134
31043489,PMC6679760
31043582,PMC6494844
31043611,PMC6494882
31043744,PMC6533917
31048321,PMC6606342
31048683,PMC6497712
31048689,PMC6497655
31049937,PMC7065064
31053798,PMC6615061
31054182,PMC6668982
31054974,
31058073,PMC6477087
31060542,PMC6503380
31060906,PMC6558223
31061416,PMC6502834
31061459,PMC6563615
31061526,
31067569,PMC7316406
31068444,PMC6726376
31068457,
31073170,PMC6509342
31073278,PMC6498592
31074842,PMC6635741
31076446,
31076479,PMC6606333
31085176,PMC6945775
31085178,PMC6521975
31089191,PMC6517443
31095645,PMC6541308
31097419,PMC6692909
31097695,PMC6522544
31097698,PMC6522510
31100952,PMC6563125
31101763,
31101765,PMC6606360
31106149,PMC6498862
31108460,PMC6526247
31109297,PMC6528255
31110002,PMC6561257
31110013,PMC6561285
31110180,PMC6527565
31110217,
31110221,PMC6527698
31110352,
31113472,PMC6528217
31113850,PMC6584619
31113863,PMC6615668
31115563,PMC6549078
31115582,PMC6549092
31116002,PMC6639256
31120332,PMC6909779
31123343,PMC7494157
31126321,PMC6534875
31126900,
31130520,PMC6697612
31130957,PMC6509587
31133010,PMC6537309
31133691,PMC6738113
31133746,PMC6952269
31133756,PMC8183600
31134896,PMC6538376
31136958,PMC6536746
31138768,PMC6871662
31138842,PMC6887538
31142587,PMC6605752
31142743,PMC6541620
31145643,
31145973,
31147469,PMC7056941
31147539,PMC6542800
31147591,PMC6542853
31147722,PMC6698646
31149037,PMC6531294
31151404,PMC6544940
31152681,PMC6670021
31156698,PMC6530380
31158229,PMC6546236
31160577,PMC6547665
31160710,PMC7170003
31168092,PMC6626542
31169889,PMC6582409
31169949,PMC6757124
31171704,PMC6601509
31175057,PMC6606960
31175095,
31175345,PMC7721247
31178407,PMC6936329
31179855,PMC6779404
31181810,PMC6627640
31183075,PMC6555941
31185214,PMC7534582
31186036,PMC6560732
31193934,PMC6543196
31196176,PMC6567413
31198831,PMC6557731
31198906,PMC6563330
31200764,PMC6570893
31201181,PMC6785242
31201646,PMC12994284
31202576,
31207090,PMC6777998
31208434,PMC6580486
31214875,
31215771,PMC6653217
31216473,PMC7433711
31216476,
31216647,PMC6627522
31217338,PMC6724184
31217347,PMC6629090
31217428,PMC6584500
31218575,
31219654,PMC7537108
31223530,PMC6571010
31227306,PMC6920609
31227503,PMC6744978
31231465,PMC6570473
31239270,PMC6698222
31239516,PMC6639130
31240521,
31242243,PMC6594622
31242423,PMC6657699
31243098,
31243293,PMC6594956
31249870,PMC6594773
31251810,PMC6698740
31251911,PMC6760001
31253180,PMC6599250
31253784,PMC6599020
31253791,PMC6599207
31253868,PMC6755966
31257184,PMC6754293
31260412,PMC6715370
31262335,PMC6604188
31263060,PMC6686940
31263129,PMC6603045
31266464,PMC6604165
31266503,PMC6604197
31266538,PMC6604319
31266633,
31266833,PMC6744985
31266868,PMC6606803
31266892,PMC6642419
31266983,PMC6606599
31267558,PMC6669927
31270412,PMC6796870
31276604,
31279659,PMC6688901
31281487,PMC6587167
31281524,PMC6587348
31281537,PMC6592166
31281901,PMC6609211
31282108,PMC6714287
31284509,PMC6651528
31285280,PMC7611280
31285370,PMC6744995
31285436,PMC6614369
31291585,
31292138,PMC6774879
31292201,PMC6943826
31292228,PMC6620372
31294790,PMC6735767
31296250,PMC6625065
31300274,PMC6731133
31300344,PMC6642412
31300474,PMC6733269
31303470,PMC6707877
31306413,PMC6657958
31306552,PMC6972655
31307004,PMC6629722
31308078,PMC6995728
31309149,PMC6620102
31310053,PMC6685085
31310591,PMC6763228
31311575,PMC6636010
31311601,PMC6633653
31315653,PMC6636093
31316060,PMC6637138
31316209,PMC6934414
31324883,PMC6796877
31327655,PMC7210785
31331120,PMC6678245
31332348,
31334126,PMC6621974
31338875,PMC6800786
31340981,
31343987,PMC6777804
31344385,
31344408,PMC6802295
31346082,PMC6697815
31350286,PMC6679384
31350911,
31351877,PMC6754283
31353221,
31353502,PMC7154753
31356696,
31358019,PMC6661739
31358475,PMC6711861
31358969,
31361600,PMC6763249
31362937,PMC6724674
31366730,PMC6755804
31368616,PMC6778635
31371381,PMC6781010
31372511,PMC6656769
31375671,PMC6677832
31375747,
31376196,
31378681,PMC7505724
31380274,PMC6660286
31380287,PMC6653061
31383640,PMC6776795
31383875,PMC6683171
31387917,PMC6839953
31387918,PMC6774875
31390009,
31390573,PMC6733019
31391455,PMC6686004
31392276,PMC6669021
31393856,PMC6819102
31395738,PMC6717262
31395785,PMC7327437
31395852,PMC6687714
31395854,PMC6687715
31396262,PMC6668488
31396265,PMC6667652
31399571,PMC6689055
31399573,PMC6689091
31401107,
31403184,
31406254,
31409639,
31409692,PMC6771143
31410392,PMC6691505
31412240,
31417158,PMC6989381
31417181,
31420371,PMC6825570
31426476,PMC6721756
31427232,PMC6796576
31427792,PMC6952272
31428587,PMC6688199
31429776,PMC6701074
31431461,PMC7451049
31432603,PMC6778641
31433975,PMC6716532
31433991,PMC6754178
31434678,PMC6771400
31435022,PMC6872931
31437130,PMC6819120
31439820,PMC6731642
31444154,PMC6801099
31446059,PMC7309153
31447390,PMC6863466
31447391,
31451483,PMC7780711
31451564,PMC6891167
31451685,PMC6710278
31452512,PMC6713475
31452782,PMC6676401
31455674,PMC6983300
31461652,PMC6718812
31462429,PMC6801100
31462641,PMC6713762
31466944,PMC7202356
31467287,PMC6715699
31467541,PMC6699286
31468686,PMC6776892
31468695,PMC6776914
31474574,PMC7065273
31477794,PMC7050407
31478829,PMC6788855
31480645,PMC6769494
31481608,PMC6754586
31484735,PMC6761013
31484791,PMC6985905
31485472,PMC6715830
31491396,
31492753,PMC6816095
31493351,PMC6826133
31494761,
31495563,PMC6842433
31498151,PMC6763270
31500094,PMC6769617
31500347,PMC6769476
31501275,PMC6817756
31501863,PMC6821169
31503550,PMC6795499
31504629,PMC6823729
31506280,PMC6829598
31508283,PMC6724471
31511320,PMC6859848
31511512,PMC6739341
31511522,PMC6739309
31511524,PMC6739408
31515468,PMC6742644
31515477,PMC6742637
31515496,PMC6742760
31519689,PMC6881519
31519749,PMC6827284
31519809,PMC6826014
31519907,PMC6744440
31519911,PMC6744561
31523390,PMC6731103
31523835,PMC6826201
31527167,
31531882,PMC6792020
31533654,PMC6751742
31533822,PMC6751789
31533980,PMC6771409
31534498,PMC6735387
31534521,PMC6735379
31537801,PMC6753140
31542774,
31543463,PMC6801112
31545271,
31551255,PMC6938689
31551256,PMC6891197
31551362,PMC6911633
31551365,
31551414,PMC6760172
31551480,PMC6760229
31552420,PMC6846710
31553912,PMC7297508
31554642,PMC6891128
31554806,PMC6761109
31555637,PMC6727631
31555743,PMC6750908
31558698,PMC6763495
31560396,PMC6884703
31562239,
31562301,PMC6764945
31564637,PMC6876280
31566065,PMC6948976
31568691,PMC6912054
31570272,
31570566,
31570773,PMC7044113
31576004,
31576015,
31577958,
31578185,PMC6891206
31578193,PMC6868471
31578200,
31578316,PMC6802642
31578346,PMC6775143
31578521,PMC6858884
31581124,
31582538,PMC7271606
31582551,PMC7271611
31585940,PMC7015045
31586101,PMC6778192
31588023,PMC7104854
31588232,PMC6771234
31591222,PMC6815170
31591481,
31592021,PMC6771395
31594824,PMC7153754
31594826,PMC7007851
31595650,
31597089,
31597163,
31597964,PMC6858563
31598701,PMC6868375
31599491,PMC6893290
31600962,PMC6826756
31602373,PMC6738276
31604910,PMC6789042
31604914,PMC6789141
31605010,PMC6789028
31607954,PMC6761282
31611309,
31611688,PMC6858565
31614463,PMC6826487
31616472,PMC6764484
31616795,PMC6774727
31619158,PMC6796420
31619268,PMC6794841
31619387,PMC6891213
31619506,PMC6942205
31623628,PMC6796492
31623640,PMC6796384
31624087,PMC6942226
31625692,
31626302,PMC8204946
31629931,
31632411,PMC6779808
31633784,PMC6993854
31634533,
31636124,PMC6885619
31636389,PMC7007387
31637999,PMC6908434
31641008,PMC6942206
31641034,
31644911,PMC6874102
31646252,PMC6796235
31646766,PMC6811686
31647098,PMC7145715
31647206,
31648319,PMC6849944
31648334,PMC6849935
31648989,PMC6838448
31649055,PMC6836741
31649238,PMC6813355
31649247,PMC6813313
31652979,PMC6896067
31653482,
31653782,PMC6899004
31653849,PMC6814821
31658584,PMC6829352
31659118,PMC6901317
31659294,PMC6989216
31664040,PMC6820555
31666380,PMC6955261
31672841,PMC6911631
31672856,PMC7193771
31675375,PMC6853375
31676777,PMC6825213
31676872,
31678172,PMC6911827
31679819,PMC6868509
31679823,PMC6939458
31681329,PMC6813538
31682641,PMC6932815
31685921,PMC6828681
31685988,PMC6927814
31685992,
31687977,PMC6994137
31690262,PMC6833242
31690629,PMC7105321
31690671,PMC7002225
31690716,PMC6831662
31693902,
31694835,
31697837,PMC6940199
31698461,PMC6855103
31701124,PMC7145544
31704733,PMC7002231
31704972,PMC6841924
31705065,
31709421,PMC6824518
31709724,PMC6895612
31712311,PMC6926466
31712394,
31715132,PMC6880868
31717573,PMC6896141
31720090,PMC6844129
31721355,PMC6985668
31722709,PMC6854757
31723142,PMC6853924
31727766,PMC7395293
31727771,PMC6942053
31729597,
31731200,PMC6889747
31731486,PMC6895980
31731490,PMC6896086
31731517,PMC6864528
31732666,PMC6900598
31732695,PMC6858606
31733123,PMC6942431
31733993,PMC7137507
31735169,PMC6859620
31740444,PMC7814394
31740783,
31743393,PMC6880893
31744494,PMC6862850
31744820,
31747605,PMC6886683
31748226,PMC7132630
31752957,PMC6873410
31754050,PMC6942634
31754113,PMC6872649
31754186,PMC6872820
31761563,PMC6949384
31763513,PMC6839454
31767764,PMC6911241
31767858,PMC6877618
31768023,PMC7340496
31770109,PMC7269592
31770110,PMC7269587
31771627,PMC6878650
31771968,PMC7058374
31772269,PMC6879629
31772327,
31773340,PMC7165151
31774199,PMC6939194
31775037,PMC6936330
31776228,
31779235,PMC6966513
31780813,PMC7192845
31781169,PMC6861293
31782885,PMC6998393
31782890,PMC6998394
31784530,PMC6884549
31784729,
31786016,PMC6900751
31786140,PMC6917035
31788936,PMC6945057
31792060,PMC6892436
31792210,PMC6889377
31795964,PMC6889534
31796516,PMC7416644
31799386,PMC6867884
31799603,PMC6954439
31801064,PMC6939447
31801078,PMC6917043
31801944,PMC6892920
31802004,PMC6944329
31802906,PMC6827506
31804621,PMC7269905
31809999,PMC6909097
31811277,PMC6951341
31811682,
31815181,PMC6884575
31819055,PMC6901540
31819114,PMC6901447
31819156,PMC7244501
31819273,PMC6982609
31819274,PMC7085969
31820786,
31820845,PMC7266268
31821784,PMC7227117
31822727,PMC6904466
31822799,PMC7056651
31823522,PMC6997050
31825826,PMC7254883
31825827,
31826721,PMC6913622
31826955,PMC6936436
31826988,PMC7022368
31827232,
31827286,PMC7108171
31827395,PMC6888952
31831874,PMC7244577
31836624,PMC6978698
31836708,PMC6911043
31837949,
31838022,PMC7033618
31840082,PMC6897992
31842906,PMC6916027
31843922,PMC6936349
31844050,PMC6915789
31844057,PMC6914800
31844290,PMC7008090
31848340,PMC6917744
31848385,PMC6917815
31850518,
31852848,PMC6975275
31853060,PMC7061414
31853539,PMC7026595
31855178,PMC6968917
31856595,
31856832,PMC6924022
31856849,PMC6921542
31857292,PMC7024658
31861825,PMC7017197
31862304,
31862696,PMC7219472
31862882,PMC6925134
31863035,PMC6925215
31865182,PMC6931198
31869378,PMC6927605
31870409,PMC6927177
31871155,PMC6955337
31881017,PMC6934268
31882655,PMC6934839
31883794,PMC7556703
31883965,PMC8048778
31884170,PMC6941881
31888209,PMC6966629
31888698,PMC6936103
31896581,PMC6983376
31900259,PMC7056556
31900363,PMC6983430
31900415,PMC6941971
31903119,PMC6929633
31903133,PMC6929984
31903159,PMC6929991
31907020,PMC6943933
31907411,PMC6952556
31907974,PMC7263938
31910867,PMC6947866
31911279,PMC6948383
31911474,PMC6983418
31911652,PMC6946686
31911676,PMC6962552
31913126,PMC6984821
31913353,PMC7116647
31914402,
31915197,PMC7275250
31918914,PMC6920326
31919242,
31921138,PMC6927467
31923563,PMC7237278
31923801,PMC7000350
31924735,PMC7196498
31925334,
31926619,PMC6906704
31929751,PMC6949152
31930723,PMC7005644
31931431,PMC6957805
31931755,PMC6958774
31932695,PMC7341683
31934613,PMC6944689
31934644,PMC6944693
31935369,PMC7146079
31935372,PMC7184928
31935373,PMC7197326
31937566,PMC7309453
31937753,PMC6959298
31938073,PMC6956807
31940477,
31940494,PMC6963791
31940495,PMC7067293
31940498,
31940827,PMC7013520
31941784,PMC7081890
31941829,PMC7116365
31941886,PMC6962326
31941995,PMC6962381
31943118,PMC7049692
31947537,PMC7016952
31949157,PMC6965612
31953400,PMC6969104
31959131,PMC6971947
31959344,
31959624,PMC6971368
31959763,PMC6971301
31959771,PMC6971024
31961925,PMC7180081
31961934,PMC7099330
31964861,PMC6972792
31968252,PMC7238436
31969487,PMC7702266
31969702,
31972002,
31974170,PMC7124979
31978326,PMC7301608
31978840,
31980485,PMC7081723
31980609,PMC6981169
31980632,PMC6981122
31980649,PMC6981206
31980816,PMC7144931
31980822,PMC7049693
31981317,PMC7077530
31984210,PMC6970181
31985806,PMC6988405
31988137,PMC7022176
31988438,PMC7597970
31992186,PMC6988223
31992716,PMC6987220
31996845,PMC7577741
31996893,PMC7102967
32001516,PMC7416790
32001657,PMC7754791
32001757,PMC6992640
32002539,PMC7351133
32005679,
32010427,PMC6968780
32012197,PMC6996832
32014461,
32014486,PMC8867604
32014498,
32014859,PMC6996518
32015091,PMC7127942
32016454,PMC8371434
32023483,PMC7093231
32024842,PMC7002374
32025719,PMC7102951
32027624,PMC7190935
32028704,PMC7072282
32029551,
32029838,PMC7005266
32029850,PMC7005181
32034135,PMC7005744
32035111,PMC7089808
32042365,PMC7001283
32042551,PMC7001651
32043367,
32047025,
32049046,PMC7321798
32049047,
32051529,PMC7682023
32051587,PMC9723538
32054827,PMC7018958
32054830,PMC7018700
32054837,PMC7018943
32057994,PMC7839060
32058648,PMC7156829
32058953,PMC7000804
32059745,PMC7023776
32059780,PMC7194029
32060262,PMC7021771
32061262,PMC7023763
32061921,PMC7384259
32064749,PMC7132202
32064895,
32066912,PMC7109136
32066931,PMC7316573
32068780,PMC7146021
32069268,PMC7260017
32070401,PMC7027068
32071273,PMC7029144
32071289,PMC7028730
32071317,PMC7028943
32071334,PMC7029036
32075753,PMC7148092
32076484,PMC6980627
32080184,PMC7033124
32082365,PMC7005251
32085612,PMC7072876
32086290,PMC7364665
32086342,PMC7299809
32086391,PMC7071906
32086528,PMC7102946
32087735,PMC7036260
32093387,PMC7073064
32094355,PMC7040020
32099031,PMC7042267
32102886,PMC7199404
32103989,PMC7023860
32103997,PMC7025737
32106863,PMC7045492
32108138,PMC7046790
32109236,PMC7046633
32109341,PMC7048380
32109375,
32111229,PMC7048151
32111827,PMC7048933
32113157,PMC7048625
32115849,PMC7191197
32119176,PMC7226279
32123031,PMC7196586
32123257,PMC7052206
32123577,PMC7026120
32125007,PMC7110136
32126142,PMC7065481
32127384,PMC7161353
32128589,
32128997,PMC7136964
32129880,PMC7217064
32129936,
32130883,PMC7194078
32133433,PMC7055910
32133495,PMC7192610
32134197,PMC7136967
32139701,PMC7058049
32139876,
32142663,
32142667,PMC7286719
32142683,PMC7663823
32143622,PMC7060551
32145124,PMC7383594
32149026,PMC7049252
32152280,PMC7062854
32153636,PMC7047281
32155117,PMC7064337
32155413,PMC7402197
32155756,PMC7139527
32156728,PMC7104257
32157726,PMC7196916
32161614,PMC7052364
32162843,PMC7216815
32163592,
32164626,PMC7068944
32164722,PMC7066857
32165621,PMC7067885
32170132,PMC7069944
32175280,PMC7056873
32179514,
32180230,PMC7415511
32182224,PMC7260036
32183160,PMC7140110
32183950,
32184294,PMC7299830
32187554,
32188705,PMC8188517
32193360,PMC7610820
32194860,PMC7053184
32195191,PMC7066074
32198885,PMC7229860
32199616,
32202637,PMC7332900
32203145,PMC7787980
32203164,PMC7203011
32203421,
32203470,PMC7138649
32204397,PMC7140033
32204435,PMC7140081
32206101,PMC7069091
32208170,PMC7191556
32208488,PMC7094010
32209106,PMC7093963
32209435,PMC7210706
32209637,PMC7269842
32211331,PMC7076123
32211880,PMC7160262
32213464,PMC7093811
32216806,PMC7098112
32218309,PMC7225964
32219408,PMC7105328
32220301,PMC7292228
32220884,PMC7814659
32223537,PMC7170352
32224864,PMC7226299
32224866,PMC7226122
32225100,PMC7177918
32227433,PMC7446734
32228703,PMC7104536
32229306,PMC7245555
32229590,
32231273,
32231742,PMC7097957
32232341,PMC7229857
32234424,
32234473,PMC7182397
32234488,
32234828,
32235890,PMC7220851
32236593,PMC7170042
32236620,PMC7160550
32236631,PMC7160548
32238403,PMC7133750
32239921,
32240714,PMC12452110
32241846,PMC7849562
32242051,PMC7787973
32243828,PMC7164681
32243842,PMC7160375
32244996,PMC7139652
32245489,PMC7118901
32245794,PMC7507765
32248641,PMC7293079
32249213,PMC7269820
32249828,
32251364,
32251410,PMC7246176
32251473,PMC7162549
32251515,PMC7971134
32252403,PMC7226417
32253373,PMC7136204
32258031,PMC7089963
32265227,PMC8294167
32268116,PMC7219601
32269030,PMC7334057
32276273,PMC7332894
32278129,
32283838,PMC7226023
32284990,PMC7141832
32286266,PMC7156523
32286289,PMC7156485
32290278,PMC7230230
32291304,PMC7157822
32292350,PMC7118906
32292502,PMC7150470
32294439,PMC7474926
32294532,
32296014,PMC7067872
32306769,
32306892,PMC7168886
32306906,PMC7168998
32308763,PMC7163442
32309805,PMC7147719
32313079,PMC7170965
32315290,PMC7324187
32315388,
32315601,PMC7245572
32316190,PMC7226987
32318333,PMC7154132
32320655,
32321567,PMC7178746
32321829,PMC7211963
32321912,PMC7176739
32321921,PMC7176673
32323860,PMC7108129
32325032,PMC7257911
32325491,
32329713,PMC7200154
32332020,
32332049,PMC7415532
32332729,PMC7181745
32332753,PMC7181647
32332873,PMC7181695
32333502,PMC7463324
32343676,PMC7410051
32344635,PMC7230561
32345368,PMC7189544
32345725,PMC7428051
32345977,PMC7188842
32349217,PMC7281601
32349972,PMC7611258
32350082,PMC7276940
32350249,PMC7190866
32350277,PMC7190674
32350509,
32352029,PMC7181646
32352518,PMC7261182
32353949,PMC7281449
32357907,PMC7193415
32358191,PMC7245100
32360601,PMC8081033
32365187,PMC7261184
32366257,PMC7197141
32366398,
32366480,PMC7611217
32366932,PMC7198571
32367068,PMC7116321
32368828,PMC7298296
32370190,PMC7281289
32371391,PMC7307189
32371576,PMC12108540
32373107,PMC7179764
32376621,PMC7343206
32376656,PMC8366292
32376686,PMC7335798
32376693,PMC7324497
32380717,PMC7290316
32380981,PMC7204307
32381627,PMC7263147
32382014,PMC7206012
32385160,PMC7261015
32385899,PMC7400792
32390003,PMC7274902
32390556,PMC7311676
32393309,PMC7212609
32393731,PMC7214452
32393790,PMC7214438
32396937,PMC7453151
32398261,PMC7324504
32398747,PMC7217962
32398749,PMC7217953
32398865,
32400970,PMC7278557
32402250,PMC7335338
32402251,
32402252,PMC7305985
32402287,
32403054,PMC7218227
32404348,PMC7430666
32405436,PMC7210475
32406560,PMC8052131
32406909,PMC7337521
32407979,PMC8941988
32409713,PMC7224294
32411606,PMC7198888
32413024,PMC7228066
32413978,PMC7281098
32415222,PMC7608858
32415271,PMC8107828
32416059,
32416070,PMC7227586
32417134,
32417679,
32418203,
32418298,PMC7385341
32418994,PMC7403155
32418995,PMC7374097
32422235,PMC7401316
32424073,PMC7263187
32424275,PMC7737911
32424339,PMC7462085
32426279,PMC7204547
32427329,PMC7337520
32427827,PMC7237473
32427938,PMC7237486
32432046,PMC7214627
32435269,PMC7218820
32438399,PMC7544545
32439635,PMC7328515
32440143,PMC7210466
32440155,PMC7218403
32440474,PMC7237858
32442398,
32444465,PMC7483384
32444598,PMC7244544
32445454,
32446320,PMC7362310
32449352,PMC7429271
32455980,PMC7281239
32456310,PMC7281730
32460015,PMC7453577
32460018,
32460431,
32460847,PMC7251672
32461361,PMC7293621
32467227,PMC7443492
32467291,PMC7415686
32467590,PMC7498368
32467669,PMC7236301
32471474,PMC7257146
32477936,PMC7239993
32482863,PMC7306800
32483112,PMC7264300
32483191,PMC7264232
32483291,PMC7610447
32483379,PMC7442691
32484965,PMC7361286
32485786,PMC7402821
32487167,PMC7265647
32488030,PMC7265490
32488085,PMC7265461
32488114,PMC7265345
32492394,
32492433,PMC7786450
32493699,PMC8744066
32493845,PMC7308050
32494682,PMC7190335
32497336,
32498018,PMC7267732
32499403,PMC7328517
32499560,PMC7608409
32500120,PMC7252574
32501500,PMC7367155
32503139,PMC7352799
32503257,PMC7352480
32503808,
32504554,PMC7377926
32509575,PMC7248370
32509585,PMC7248369
32512818,PMC7349646
32513775,PMC7483797
32513964,
32514094,
32514124,
32516590,
32517300,PMC7352867
32518213,PMC7484251
32521256,
32523092,
32526260,
32528872,PMC7253684
32531194,PMC7363877
32531268,PMC7363590
32531271,PMC7363571
32531951,PMC7349866
32532008,PMC7352670
32532924,PMC7334567
32532977,PMC7293269
32532995,PMC7293284
32539073,PMC7478725
32542055,PMC7316345
32543350,PMC7333893
32544094,PMC7406270
32544250,PMC7367210
32545483,PMC7349683
32546577,
32546717,PMC7298006
32546838,PMC7298048
32548262,PMC7274770
32550005,PMC7270112
32553107,PMC7371429
32554601,PMC7541631
32554602,
32555330,
32556247,PMC7596761
32556941,PMC7525636
32558936,
32558942,
32559289,
32561861,PMC7785011
32565737,PMC7301982
32570949,PMC7349238
32571390,PMC7310104
32571799,PMC7483942
32572029,PMC7308397
32574366,PMC7322944
32575908,PMC7352549
32576280,PMC7310532
32576660,PMC7450125
32576962,PMC7688486
32576963,
32577157,PMC7289905
32581250,PMC7314803
32582543,PMC7292205
32582913,PMC7714094
32584883,PMC7316257
32585856,PMC7352269
32586342,PMC7315491
32589720,PMC8215191
32589792,PMC8505013
32589942,
32591645,PMC7612252
32595833,PMC7299536
32596058,PMC7305774
32596145,PMC7304445
32596459,PMC7299630
32601179,PMC7368283
32601208,PMC7368267
32605311,PMC7408083
32606006,PMC7442742
32606294,PMC7326972
32606936,PMC7294050
32610077,PMC7445430
32611550,PMC7541471
32612992,PMC7308478
32613204,PMC7328899
32613636,
32614991,PMC7540375
32619460,
32620742,PMC7335061
32620791,PMC7335172
32626660,PMC7314951
32626975,PMC7339813
32628111,PMC7338058
32629178,PMC7338995
32629386,PMC7339020
32629833,PMC7408140
32630838,PMC7407555
32632113,PMC7338349
32634130,PMC7524479
32636268,PMC7382244
32637480,PMC7327418
32640215,PMC7409774
32641411,PMC8278322
32642704,PMC7236404
32647134,PMC7426265
32649877,
32649887,
32651270,PMC7395437
32651957,PMC7377900
32651991,PMC7467373
32652076,PMC7435699
32655131,PMC7426263
32660466,PMC7359459
32661168,PMC7395556
32661241,PMC7359337
32661348,PMC8080688
32661549,PMC7906066
32664538,PMC7408994
32665538,PMC7360734
32665698,PMC7359767
32667968,PMC7478722
32668236,PMC7433747
32669100,PMC7362570
32669118,PMC7362484
32669295,PMC7566579
32669372,PMC7501265
32669559,PMC7363861
32674054,PMC7363692
32675277,PMC7484045
32675324,PMC7397849
32675368,PMC7816199
32678032,PMC7364656
32679107,PMC7116707
32679108,PMC7472556
32679899,PMC7409172
32680994,PMC7367836
32684305,
32685473,PMC7333031
32686664,PMC7371715
32687992,
32690540,PMC7642036
32690969,PMC7897397
32693406,
32694681,
32694712,PMC7374173
32694731,PMC7566881
32697014,PMC7530783
32697989,PMC7427568
32699137,PMC7501193
32699215,PMC7376194
32699225,PMC7376204
32699299,PMC7376100
32701512,PMC7455128
32703768,PMC8194360
32704143,PMC7378231
32705161,PMC7384843
32706839,PMC7406108
32708981,PMC7409244
32709004,PMC7409137
32709847,PMC7382496
32710631,PMC7470964
32711345,PMC7387830
32711549,PMC7382040
32712104,
32714863,PMC7344276
32717360,
32718321,PMC7384226
32719138,PMC7430972
32719445,PMC7806508
32719515,
32719551,PMC7425812
32719743,PMC7347992
32719747,PMC7348045
32721120,PMC7685144
32722616,PMC7432212
32723837,
32724080,PMC7387492
32727565,PMC7391519
32727915,
32728247,PMC7410831
32730293,PMC7392229
32733009,
32733069,PMC7471105
32736413,PMC7540989
32740996,
32743551,PMC7380489
32744308,
32744500,PMC7438112
32746693,PMC7834094
32747416,PMC7409538
32747535,PMC7443968
32747783,PMC7714695
32750113,PMC7731793
32753387,PMC7484401
32753672,PMC7482486
32754922,PMC7484420
32755577,PMC7408502
32759498,PMC7455067
32759991,PMC7782128
32761127,PMC7470957
32762126,PMC7541000
32762616,PMC8386750
32762727,PMC7410160
32763232,
32764426,PMC7463722
32764982,PMC7369416
32766252,PMC7380132
32767748,
32770055,PMC7414147
32772918,PMC7416417
32778845,PMC7862923
32780768,PMC7418999
32780991,PMC7606608
32783942,
32786677,
32787886,PMC7425060
32788207,
32788653,PMC8080762
32790753,PMC7447048
32795319,PMC7427779
32795421,PMC7486218
32795915,PMC7424213
32798738,PMC8530516
32801338,PMC7429843
32804918,PMC7450785
32811816,PMC7434886
32812024,PMC7497820
32812822,
32814027,PMC7942809
32814708,PMC7455141
32814763,PMC7438493
32814829,PMC7498371
32814897,PMC7785256
32814898,PMC7484469
32816037,PMC7544212
32816843,PMC7892644
32816858,PMC8916161
32816860,
32816914,PMC9462839
32817457,PMC7426173
32820006,PMC7545147
32823589,PMC7465057
32823952,PMC7464182
32824198,PMC7465460
32824266,PMC7465167
32825120,PMC7555468
32826231,PMC7710923
32826232,PMC8044910
32826895,PMC7442818
32832034,PMC7429975
32832616,PMC7439613
32832624,PMC7439511
32838810,PMC7446195
32839292,PMC7556848
32839551,PMC7484128
32841603,PMC7575124
32843547,PMC7448273
32843721,PMC7541676
32843722,PMC7529584
32847042,PMC7563274
32849830,PMC7431964
32850332,PMC7416559
32850445,PMC7431518
32851185,PMC7423359
32854112,PMC7976511
32855205,PMC7616956
32855269,PMC7718321
32858747,PMC7480115
32859606,PMC8445072
32859895,PMC7455709
32860853,
32861746,
32862732,PMC7951966
32864416,PMC7443741
32868848,PMC7459099
32868908,PMC7541666
32869031,PMC7457617
32872518,PMC7503638
32873524,
32873625,
32873799,PMC7462863
32876513,PMC7951963
32877684,PMC7530826
32878879,PMC7860133
32878980,PMC8269000
32879421,PMC8080767
32882003,PMC7479962
32882013,PMC7850113
32885175,PMC7467080
32885250,PMC7515718
32886690,PMC7498034
32887688,PMC7545145
32888955,PMC9004592
32890658,PMC7572825
32891059,PMC7479628
32895418,PMC7477576
32897364,
32900860,PMC7478034
32901876,PMC7551351
32906688,PMC7565736
32907621,PMC7488324
32908304,PMC7501188
32911332,PMC7490531
32911532,PMC7885821
32912900,PMC7528703
32914209,PMC11073103
32916126,PMC7872287
32917858,PMC7486376
32917881,PMC7486939
32920490,PMC7492993
32923142,PMC7458651
32923393,PMC7456846
32923394,PMC7456826
32923585,PMC7455494
32923839,PMC7471427
32924017,PMC7482717
32925947,PMC7515200
32929331,PMC7481431
32932964,PMC7565739
32933554,PMC7493976
32934073,PMC7685028
32936072,PMC7529455
32938908,PMC7494913
32943450,PMC7500191
32946850,PMC8039011
32947124,PMC7502350
32948765,PMC7501306
32949999,PMC7501055
32951005,PMC7502080
32954852,
32956836,PMC7686120
32958772,PMC7505984
32958952,
32960220,PMC7544236
32960359,PMC11802017
32965543,PMC11801979
32966797,PMC7551404
32967925,
32968055,PMC7511315
32968453,PMC7499982
32971831,PMC7564175
32973789,PMC7472844
32976578,PMC7778938
32977582,PMC7598246
32978372,PMC7519164
32978519,PMC7644463
32979793,PMC7519368
32980128,
32982583,PMC7510315
32983644,PMC7500358
32983990,PMC7492388
32983994,PMC7492601
32984770,PMC7489581
32985581,PMC7522078
32988398,PMC7523356
32989154,PMC7568298
32989253,PMC7655549
32989256,
32989283,PMC7855796
32993128,PMC7599819
32993755,PMC7526135
32994205,PMC7962984
32995120,PMC7507032
32997115,PMC7641738
32997974,
32998338,PMC7599955
32998996,
32999000,PMC7669631
33001025,PMC7599066
33002291,
33004795,PMC7529893
33008340,PMC7530956
33008446,PMC7532633
33009411,PMC7532188
33013921,PMC7511582
33014878,PMC7500455
33014881,PMC7511799
33016930,PMC7598076
33020477,PMC7536215
33021054,PMC7607171
33024076,PMC7538974
33024077,PMC7538552
33024090,PMC7538941
33024153,PMC7538935
33024199,PMC7538942
33024270,PMC7782507
33024572,PMC7506551
33026191,PMC7645387
33031100,PMC7773370
33033055,PMC7608747
33033248,PMC7546638
33034091,PMC7667876
33034134,PMC7782081
33036756,PMC8021614
33037191,PMC7547687
33038372,PMC7686287
33040078,PMC7548007
33042070,PMC7522514
33042264,PMC7532671
33042275,PMC7532664
33046520,PMC8051616
33046535,PMC7614603
33046716,PMC7550350
33046735,PMC7550331
33051686,PMC7641766
33054128,PMC8485690
33055221,
33055416,PMC7710300
33057152,PMC7790757
33060135,PMC7608751
33060569,PMC7566595
33060649,PMC7567070
33060740,PMC7562701
33063451,PMC7726806
33063904,PMC7780018
33066523,PMC7602184
33067268,PMC8647946
33075803,PMC7749707
33077955,
33077962,PMC7956044
33080033,PMC7672457
33083529,PMC7538898
33086052,
33086074,PMC7574900
33086658,PMC7650722
33087347,PMC7577720
33087935,
33088975,PMC7566100
33091126,PMC7672458
33092114,PMC7593945
33093149,PMC7785673
33096335,PMC7581977
33096483,PMC7581881
33096488,PMC7581926
33096700,PMC7590168
33097530,PMC7608835
33101773,PMC7553508
33102213,PMC7545743
33103128,PMC7576690
33106333,
33106374,PMC8923240
33106477,PMC7589524
33109754,PMC7593962
33111200,
33112233,PMC7673786
33113355,PMC8009031
33115415,PMC7594334
33115448,PMC7594423
33116488,PMC7548234
33117517,PMC7570784
33121495,PMC7599101
33122078,
33125137,PMC7640361
33127842,PMC7858242
33139924,PMC8027220
33139953,PMC8330957
33141118,PMC7685726
33143259,PMC7662237
33143730,PMC7607629
33144586,PMC7609548
33144587,PMC7641131
33144593,PMC7609715
33147339,PMC7656934
33147445,PMC7584921
33148642,PMC7673681
33148654,PMC7673688
33148698,PMC7949065
33148882,PMC7710311
33149265,
33150374,PMC8085483
33150660,PMC7736309
33151035,PMC7721359
33152268,PMC7687292
33155082,PMC8934373
33156908,PMC7820877
33159855,
33163273,PMC7642652
33163396,PMC7580256
33167906,PMC7654162
33170271,PMC7708066
33172933,PMC7855035
33172974,PMC7925369
33173155,PMC7655837
33173731,PMC7610337
33174010,PMC8811471
33174020,PMC7646594
33176148,PMC7682620
33176887,PMC7661209
33177106,PMC8601150
33177155,PMC7790869
33178188,PMC7593774
33178585,PMC7592903
33178684,PMC7593606
33179015,PMC7116343
33181138,PMC7888193
33182805,PMC7709039
33184109,PMC7854489
33184454,PMC7665074
33186461,PMC7686885
33188013,PMC7673760
33193316,PMC7658632
33194583,PMC7662440
33194615,PMC7649802
33196691,PMC7597412
33196849,PMC7708045
33197850,
33197925,PMC8215192
33199492,PMC8191507
33199705,PMC7669858
33202260,PMC7820631
33202873,PMC7697537
33203699,
33203729,PMC7790990
33203881,PMC7673140
33207202,PMC7703850
33207694,PMC7697094
33208761,PMC7676271
33208770,PMC7675970
33208912,PMC7856044
33208941,PMC9462833
33211885,PMC7708037
33218188,PMC7709014
33218352,PMC7679990
33218968,PMC7854508
33219129,PMC7949079
33219226,PMC7679411
33224878,PMC7667276
33225563,PMC7788446
33225985,PMC7682083
33228208,PMC7699520
33228780,PMC7686698
33229459,PMC8086191
33230478,PMC7658378
33232305,PMC7821587
33232910,PMC7691619
33233528,PMC7699574
33234130,PMC7686732
33239721,PMC7809021
33239740,PMC7689471
33244139,PMC7691338
33247227,PMC8155101
33250513,PMC7884794
33252038,PMC7728445
33252861,PMC7653798
33255236,PMC7759897
33255413,PMC7727862
33259601,PMC7724907
33269701,PMC7735754
33271120,PMC7874576
33275145,PMC7736799
33277366,
33277602,PMC7718249
33281976,PMC7709568
33284104,PMC7746233
33284517,PMC8246981
33285511,PMC7856191
33287223,PMC7730278
33287884,PMC7722315
33288575,
33288749,PMC7721806
33288886,PMC7862062
33288900,PMC8166945
33289482,PMC7744101
33290632,PMC7898707
33290723,PMC8934595
33291443,PMC7762192
33292531,PMC7722448
33292639,PMC7718662
33296650,PMC7747301
33296667,PMC8052261
33297432,PMC7762230
33298525,PMC7948402
33298911,PMC7725785
33298946,PMC7725834
33299127,PMC8091967
33299191,PMC8439149
33301444,PMC7755276
33303685,
33304451,PMC7695927
33304472,PMC7710133
33306960,PMC9341432
33308298,PMC7731507
33311468,PMC7733473
33311477,PMC7732990
33312754,PMC7701031
33313120,PMC7723659
33316876,PMC7763367
33317041,PMC7763492
33318037,PMC7933113
33318144,
33318173,PMC7777191
33320836,PMC7934873
33321074,PMC7837212
33322625,PMC7764299
33323517,PMC7773998
33323928,PMC7738522
33323965,PMC7878189
33326447,PMC7743957
33326752,
33327714,PMC8094106
33328632,
33328638,
33330021,PMC7729060
33330050,PMC7735156
33330063,PMC7710661
33331115,PMC8024726
33331926,PMC7751359
33331994,PMC7847432
33332422,PMC7745986
33332735,PMC7863405
33334821,PMC7778265
33335029,PMC7745695
33335226,PMC7746726
33338397,PMC7867654
33339129,PMC7765584
33340428,PMC7935783
33342034,PMC8096786
33345447,PMC7882956
33346937,
33347625,PMC7883293
33354656,PMC7746204
33355184,PMC8026650
33355532,PMC7813545
33356791,PMC7849761
33357448,PMC8043252
33359448,PMC7845757
33361404,PMC7759960
33361815,PMC7933129
33362237,PMC7757817
33372059,
33372403,PMC7772527
33375322,PMC7795790
33376190,PMC7962486
33376781,PMC7760485
33377281,PMC7875906
33378668,PMC7809772
33378675,PMC7901356
33378683,PMC7788286
33379241,PMC7838888
33382850,PMC7774862
33382982,PMC7867650
33383671,PMC7795159
33384384,
33384713,PMC7770169
33388344,PMC8542389
33388419,PMC8058445
33390589,PMC8080798
33390903,PMC7772423
33391469,PMC7681086
33391492,PMC7738851
33391510,PMC7738844
33391515,PMC7738850
33392083,PMC7772431
33395745,PMC7726447
33398073,PMC7782543
33400925,
33402155,PMC7786480
33402335,PMC8039187
33402389,
33402390,PMC8026506
33402692,PMC7785735
33404013,PMC7846273
33406413,
33406418,PMC8197658
33406420,PMC8485877
33408185,
33411340,PMC7883053
33411704,PMC7790283
33414171,PMC8137540
33414433,PMC7791116
33414468,PMC7791038
33414469,PMC7790830
33415077,PMC7784081
33416164,PMC7757089
33416496,PMC7793627
33416891,PMC7802370
33417832,PMC8670073
33417860,PMC8437243
33418509,PMC7804970
33419772,
33420019,PMC7794422
33420027,PMC7794382
33420368,PMC7892341
33420376,
33422939,PMC7809436
33426808,PMC7926262
33428749,PMC8661409
33429428,PMC8168141
33431496,PMC8102310
33431608,PMC8026526
33431701,PMC8090939
33431820,PMC7801379
33432115,PMC8169757
33434274,PMC7802813
33434416,PMC8127537
33436370,
33436389,PMC8178177
33436409,PMC7826414
33436496,PMC8666826
33436560,PMC7804955
33436641,PMC7804257
33437943,PMC7788232
33438577,PMC7857731
33439114,PMC8115900
33443130,PMC8026652
33445472,PMC7838980
33445503,PMC7826843
33445692,PMC7828139
33446563,
33446572,PMC7849361
33446637,PMC7809369
33446752,PMC7809491
33450187,PMC8145876
33450196,
33451349,PMC7809770
33451979,PMC7956056
33451982,PMC8346515
33452241,PMC7810852
33452395,PMC7810865
33452453,
33453168,PMC7611325
33459422,PMC7957429
33462245,PMC7814040
33462444,
33466695,PMC7828837
33468244,PMC7814459
33468559,PMC8088126
33469989,PMC8096796
33470497,PMC8248136
33471819,PMC7817027
33472061,PMC7871196
33472068,PMC7886050
33475085,PMC7884071
33476703,PMC8035426
33477536,PMC7831112
33478577,PMC7818937
33479234,PMC7820416
33479702,PMC7116605
33482121,PMC8143037
33483506,PMC7822815
33483601,PMC7822933
33484774,
33490071,PMC7817781
33490078,PMC7815690
33490904,PMC7811140
33493519,PMC7949158
33495298,PMC7839859
33495312,PMC8026558
33497421,PMC7864721
33497493,PMC8451758
33498176,PMC7863919
33498201,PMC7908983
33498476,PMC7930955
33499129,PMC7865736
33500709,PMC7797697
33502104,PMC8049977
33502116,PMC7838827
33504550,
33505426,PMC7831514
33505907,PMC7832584
33507295,PMC7845010
33508385,PMC7981256
33512408,PMC8176769
33512466,
33513133,PMC7875385
33514403,PMC7845134
33514588,PMC7969366
33514712,PMC7846766
33514835,PMC7846610
33521702,PMC7817874
33521930,
33523948,PMC10964968
33526512,PMC8137552
33526787,PMC7851397
33527899,PMC7886351
33529999,PMC7851772
33530306,PMC7865718
33531590,PMC7854679
33534128,PMC8213564
33535553,PMC7867039
33535616,PMC7867154
33536615,PMC7969354
33539590,PMC8248163
33539787,PMC7979509
33540698,PMC7867223
33541373,PMC7863273
33541860,PMC8178179
33542078,PMC8653766
33542201,PMC7862277
33542495,
33545341,
33547159,PMC8337092
33547202,PMC8118131
33547282,PMC7865055
33548061,
33548228,PMC7949156
33552051,PMC7862546
33552118,PMC7863988
33553272,PMC7855975
33555272,PMC7954605
33555349,PMC7969022
33556960,PMC8328983
33558336,PMC10266546
33558705,PMC8257660
33558760,PMC7614082
33560373,PMC8643445
33561012,PMC8011889
33561428,
33563765,
33564070,PMC8049873
33564071,PMC7946643
33568479,PMC7875532
33568513,PMC8104106
33569544,PMC7872152
33570628,PMC7805322
33571129,PMC7840125
33575210,PMC7871909
33576873,PMC8360842
33577798,PMC7948511
33579786,PMC8178182
33579893,PMC7881003
33580144,PMC7881197
33580207,PMC7881244
33585078,PMC7860111
33586907,PMC7926219
33588426,PMC8057670
33589497,PMC7938802
33589522,PMC7887377
33589584,PMC7884723
33589614,PMC7884843
33589750,PMC8102185
33591310,PMC7969023
33593085,PMC8293029
33593877,PMC9533326
33594203,PMC7886870
33595864,
33596420,PMC8006859
33596640,PMC8719092
33596784,PMC7897819
33596994,PMC7888175
33597729,PMC8102198
33599085,PMC7957264
33599863,PMC8019424
33601056,PMC8178527
33601339,PMC7950289
33602783,
33605558,PMC8255842
33608508,PMC7895949
33608544,PMC7895829
33611811,PMC8034452
33613454,PMC7890081
33613715,PMC7856692
33616307,PMC7933935
33617947,
33619278,PMC7900178
33619528,
33621485,
33622174,PMC8078538
33623109,PMC7900654
33626321,PMC8052288
33626345,PMC7954228
33626351,PMC8006058
33626359,PMC7921846
33627408,PMC7936362
33627414,PMC7904265
33627422,PMC7904264
33627489,PMC8897043
33627630,PMC7904855
33627784,PMC7979544
33631116,PMC8110245
33631117,PMC8106629
33632899,PMC8286295
33633154,PMC7907272
33634013,PMC7900521
33634878,
33634966,PMC7851431
33634993,PMC7882096
33639972,PMC7913442
33643691,PMC7872097
33647277,PMC8042402
33649532,PMC7994204
33649772,PMC8462405
33649794,PMC7934226
33650667,PMC7859996
33651980,PMC8172426
33652085,
33653947,PMC7958225
33654095,PMC7925689
33657372,PMC7970065
33657400,PMC8056186
33658346,PMC8139675
33658347,PMC8139656
33658518,PMC7930198
33658690,PMC8725601
33658703,PMC8257622
33661764,PMC8262506
33662046,PMC7963093
33662273,
33664368,PMC7933146
33664453,PMC8026734
33664848,PMC7914352
33667649,
33670495,PMC7922270
33670926,PMC7957585
33671345,PMC7922145
33671464,PMC7922682
33671637,PMC7927021
33672651,PMC7924215
33673123,PMC7917770
33674747,
33674758,PMC7935961
33675038,PMC8251546
33675808,
33677043,
33679782,PMC7925617
33679867,PMC7925891
33680912,PMC7931689
33680922,PMC7928352
33680932,PMC7933665
33681213,PMC7930499
33681816,PMC7935131
33683343,PMC7948263
33684566,
33689748,
33690159,
33690800,PMC8233685
33690923,
33692124,PMC7980444
33692367,PMC7946914
33693707,PMC8101357
33693958,PMC7979257
33705753,PMC12178334
33707306,PMC8178191
33708200,PMC7940519
33708626,PMC7942227
33709453,PMC8013850
33709473,PMC8103098
33710804,PMC8763008
33711030,PMC7954335
33712565,PMC7955082
33712610,PMC7954855
33713676,PMC8184613
33716953,PMC7945945
33717142,PMC7952299
33717143,PMC7953504
33720519,PMC8334257
33722852,
33724955,PMC8119192
33726845,PMC7967996
33727343,
33727600,PMC7971042
33728422,PMC8205956
33729568,PMC9211384
33730585,PMC8057695
33730996,PMC7968329
33731366,PMC8172525
33731694,PMC7969951
33731701,PMC7969754
33731803,PMC7969766
33732646,PMC7959730
33732651,PMC7959325
33734579,PMC8026919
33738254,PMC7960914
33740418,
33741342,PMC8079281
33741425,
33741901,PMC7979773
33741908,PMC7979745
33741917,PMC7979729
33741961,PMC7979715
33742149,PMC7975240
33744274,
33747911,PMC7970185
33748479,PMC7970325
33748720,PMC7957120
33750796,PMC7943813
33750801,PMC7943793
33753779,PMC7985311
33753848,PMC7985518
33754068,PMC7977462
33755378,PMC8330525
33756106,PMC8141029
33757970,PMC8338847
33758101,PMC8020771
33761351,PMC7611173
33761896,PMC7992817
33762305,PMC8020767
33762437,
33762579,PMC7991640
33763698,PMC8667054
33764853,PMC8098069
33766982,PMC8015722
33767450,
33767452,PMC7610630
33768209,PMC7610389
33771853,PMC8172466
33772001,PMC7998036
33772139,PMC7997876
33773029,PMC8637571
33777335,PMC7960499
33777799,PMC7987952
33781756,
33782107,PMC8009229
33782401,PMC8007824
33782403,PMC8007823
33782412,PMC8007747
33782537,PMC8478650
33784351,PMC8009363
33785524,PMC8046419
33786580,PMC8351530
33789109,PMC8111960
33791196,PMC8006941
33791218,PMC8005808
33791305,PMC8006284
33792119,PMC8177787
33794982,PMC8017865
33795352,PMC11033948
33795428,PMC8049103
33795480,PMC8127991
33795650,PMC8017009
33795683,PMC8016872
33795748,PMC8016878
33795806,
33795875,PMC8162121
33796454,PMC8008117
33798424,PMC7613297
33799331,PMC8001983
33801424,PMC7958635
33802447,PMC7959459
33803266,PMC7967175
33803922,PMC7999120
33804860,PMC8036390
33804958,PMC8036803
33806906,PMC8004890
33807176,PMC8036618
33807411,PMC8037275
33808696,PMC8003509
33808771,PMC8003541
33811077,PMC11059954
33811251,PMC8018973
33813765,
33816248,PMC8010247
33823809,PMC8025518
33824309,PMC8024252
33824459,PMC8791967
33827814,PMC8026124
33828201,PMC8027391
33829040,PMC8019740
33829508,PMC8597094
33833385,PMC8102193
33833412,PMC9113930
33833453,PMC8270111
33833992,PMC8023048
33836152,PMC8119378
33838803,
33839593,PMC8058567
33839687,PMC7611478
33843470,PMC8043167
33846123,PMC8254790
33846316,PMC8042097
33846320,PMC8042111
33846331,PMC8042060
33846376,PMC8042115
33846488,PMC8042017
33846619,PMC8159865
33847741,PMC8045513
33849067,PMC8136773
33850637,PMC8022159
33851096,PMC8022221
33852846,PMC10108902
33852917,
33853962,PMC8315978
33854057,PMC8046803
33854239,PMC8246597
33854627,PMC8040704
33857424,PMC9310669
33859174,PMC8050313
33859949,PMC8042314
33862123,
33863814,PMC8349847
33863890,PMC8052449
33864024,PMC8521561
33864660,PMC8025462
33865912,
33866606,
33872434,
33874979,PMC8054409
33875483,
33875663,PMC8055995
33876201,
33876224,PMC8525334
33876749,PMC8054020
33877296,PMC8095143
33878034,PMC8159685
33878299,PMC8062036
33879449,PMC8419081
33879794,PMC8058046
33881493,
33883224,PMC8315968
33883278,PMC8092411
33886505,PMC8262355
33889540,PMC8056216
33889549,PMC8056175
33893149,PMC7611624
33893160,
33893909,
33896016,PMC9942701
33897436,PMC8061304
33898319,PMC8063044
33902106,PMC7613134
33902674,PMC8074444
33906066,PMC8099593
33907296,PMC8079361
33911148,PMC8080729
33911178,PMC8550965
33911468,PMC8047535
33912921,PMC8106952
33913810,PMC8143797
33914706,PMC8203459
33915080,PMC8423434
33916875,PMC8038513
33917757,PMC8068195
33921698,PMC8073694
33921957,PMC8122258
33921974,PMC8122681
33922695,PMC8123022
33923976,PMC8073275
33924951,PMC8145808
33929501,PMC8114557
33930311,
33931030,PMC8088053
33931443,PMC8087410
33931740,PMC8141032
33932087,PMC8564660
33932101,PMC8334291
33937262,PMC8082113
33937724,PMC8074517
33941243,PMC8091538
33941614,PMC7611293
33941777,PMC8093243
33941787,PMC8093268
33941899,PMC8387338
33945502,PMC8262282
33945506,PMC8203465
33945569,PMC8096095
33946033,PMC8111319
33947745,PMC8349796
33948992,PMC9026622
33949667,
33953401,PMC9166167
33957094,
33958580,PMC8102500
33958723,PMC8298201
33958724,
33960111,PMC8366456
33960931,PMC8104960
33961823,PMC8090989
33963283,
33966038,PMC8175237
33968037,PMC8100505
33970103,PMC8195604
33971925,PMC8108447
33972549,PMC8110775
33972799,
33973518,PMC8128439
33975627,PMC8112059
33976158,PMC8113560
33976187,PMC8113490
33977073,PMC8097366
33980612,
33980824,PMC8116339
33980863,PMC8115531
33980985,PMC8115294
33983114,PMC8203294
33983115,PMC8169122
33986188,PMC8262342
33986538,
33987019,PMC8086570
33987102,PMC8111292
33990344,
33990599,PMC8121805
33992102,PMC8122567
33992677,PMC8608001
33993270,
33996816,PMC8116664
33997165,PMC8099692
33999145,PMC8152508
33999421,
34001972,PMC8129150
34001994,PMC8129124
34004147,PMC8567840
34006870,PMC8131698
34010296,PMC8133447
34010639,PMC9678241
34011560,PMC8338892
34012434,PMC8126722
34012444,PMC8126711
34013585,PMC8486571
34014591,PMC8353921
34014607,PMC8353913
34016118,PMC8139166
34016956,PMC8138012
34019788,PMC8183601
34019811,PMC8221567
34019812,PMC8190596
34023508,PMC8530944
34026620,PMC8138323
34035145,PMC8284321
34035231,PMC8149849
34036652,PMC9639216
34036938,PMC8192123
34038737,PMC8170369
34040254,PMC11171441
34040258,PMC8346229
34042278,PMC8261488
34043960,PMC8711274
34049503,PMC8164247
34050318,PMC8563980
34050636,PMC8336515
34053190,PMC8283170
34056657,
34059508,PMC8745382
34059679,PMC8166871
34063609,PMC8125555
34064441,PMC8125390
34065180,PMC8160902
34066165,PMC8150958
34067117,PMC8125641
34067180,PMC8125831
34069743,PMC8161288
34071205,PMC8198550
34071585,PMC8228339
34071702,PMC8198185
34072436,PMC8199175
34072893,PMC8229065
34075163,PMC8169877
34075878,PMC8346284
34078608,PMC10166578
34078651,PMC9401456
34079898,PMC8161486
34083519,PMC8175569
34083693,PMC8175750
34084179,PMC8168535
34085923,PMC8192121
34088671,PMC8177702
34088716,PMC8256865
34088870,PMC8349875
34089720,PMC9020801
34090325,PMC8178906
34090482,PMC8180030
34093860,PMC8171091
34094709,PMC8141673
34094961,PMC8176115
34095877,PMC8149375
34096575,PMC8216451
34099540,PMC8200296
34099670,PMC8184780
34099697,PMC8185002
34100981,PMC8257519
34101624,PMC8279591
34103329,PMC8563395
34103370,PMC8591704
34103681,PMC8238912
34103685,PMC8225513
34105235,PMC8339690
34105998,PMC8312881
34108230,PMC8370746
34108231,PMC8370741
34108263,PMC8941846
34108603,PMC8190269
34108665,PMC8324889
34108682,PMC8266761
34109199,PMC8180850
34110453,PMC8783893
34112753,PMC8192522
34112916,PMC8192788
34113809,PMC8169803
34117374,
34120146,PMC8632690
34127815,PMC8266679
34127945,PMC8196240
34128839,PMC8321576
34129824,PMC8378827
34131282,PMC8205207
34136390,PMC8201516
34138730,PMC8133758
34139015,PMC8266585
34140644,
34140680,
34141623,PMC8204089
34142050,PMC8184503
34142658,PMC8238510
34142686,PMC8504614
34145028,PMC8416959
34145035,PMC8373817
34145268,PMC8213733
34145290,PMC8213729
34145313,PMC8213802
34145395,PMC8460442
34146461,PMC8441056
34146481,
34149724,PMC8212864
34149901,PMC8200939
34150620,PMC8209501
34154611,PMC8215814
34154613,PMC8215817
34155349,
34155378,PMC7611696
34155404,PMC8238916
34157120,PMC8450095
34158394,PMC8492518
34158490,PMC8219694
34158510,PMC8219801
34162892,PMC8222265
34163012,PMC8630059
34163028,PMC8321896
34163030,
34163069,PMC8647409
34166225,PMC8409579
34166230,PMC8363270
34166567,PMC8224457
34166622,
34168367,PMC9249104
34168370,PMC8434898
34171309,PMC8684350
34172737,PMC8233332
34174808,PMC8236165
34180400,PMC8275131
34183647,PMC8238956
34186021,PMC8428331
34187895,PMC8271641
34188118,PMC8242097
34188490,PMC8232851
34189439,PMC8215303
34192535,PMC8312405
34192607,
34193551,PMC8370745
34193871,PMC8245514
34193943,PMC8364490
34195788,PMC8264496
34201896,PMC8268529
34201993,PMC8269038
34203273,PMC8303801
34203408,PMC8267958
34205341,PMC8235627
34206917,PMC8268080
34210682,PMC8448976
34211974,PMC8239392
34214467,PMC8220945
34214472,PMC8329841
34214485,PMC8282466
34217701,PMC8353497
34218270,PMC8376646
34221964,PMC8248535
34221969,PMC8242932
34225786,PMC8256212
34226698,
34232706,PMC8684707
34232987,PMC8641094
34233004,PMC8373074
34233200,PMC8278229
34233875,PMC8262813
34234804,PMC8256274
34238982,PMC8266864
34239351,PMC8241733
34244297,PMC8416787
34244479,PMC8270967
34244494,PMC8270969
34244513,PMC8270899
34244612,
34244793,PMC8373071
34245124,PMC8637558
34247146,PMC8986153
34247191,PMC8403155
34248943,PMC8264543
34248958,PMC8267906
34249676,PMC8265608
34249686,PMC8260692
34255749,PMC8409981
34256279,
34258103,PMC8265280
34258151,PMC8261519
34258251,PMC8249207
34258492,PMC8271203
34258595,PMC8255943
34260811,PMC8564657
34261293,PMC9052895
34261657,PMC8279504
34262016,PMC8280155
34262028,PMC8280233
34263179,PMC8277122
34263728,PMC8315800
34266857,PMC8416926
34267311,PMC8282794
34268577,PMC8754651
34270926,PMC8981970
34271981,PMC8283888
34272356,PMC8285469
34272384,PMC8285479
34272396,PMC8285542
34272475,PMC8413131
34274947,PMC8413130
34274968,
34276603,PMC8278476
34276798,PMC8283811
34278269,PMC8271161
34280426,PMC8475945
34281396,PMC8406138
34283254,
34285087,PMC8568634
34286662,PMC8677047
34287642,PMC8424468
34289354,PMC8371260
34289383,PMC8455438
34289897,PMC8293573
34289987,PMC9397619
34290311,PMC8295264
34290392,PMC8505643
34290403,
34290732,PMC8287183
34291801,PMC8298264
34292884,PMC8439597
34293049,PMC8297856
34293822,PMC8847992
34294679,PMC8298397
34294847,
34294917,
34295803,PMC8291998
34296805,PMC8419699
34298635,PMC8304009
34298684,PMC8303731
34298700,PMC8304761
34298727,PMC8306386
34298743,PMC8307416
34299194,PMC8304339
34301266,PMC8299620
34301601,PMC8302137
34301753,PMC8783926
34301758,PMC8448967
34301768,PMC8336889
34302498,PMC8357694
34307152,PMC8299526
34307389,PMC8297592
34311131,PMC8365522
34312180,PMC8448969
34312968,PMC8486565
34314419,PMC8345871
34314702,PMC8380725
34315857,PMC8316333
34316692,PMC8210301
34316693,PMC8210124
34316702,PMC8210184
34316713,PMC8271217
34320363,PMC8350598
34320364,
34321211,PMC8318370
34323958,PMC8361458
34324489,PMC8320976
34326171,PMC8323398
34326198,PMC8492550
34326322,PMC8322386
34326467,PMC9511212
34328417,PMC8384419
34329467,PMC8421139
34329471,PMC8421228
34329586,PMC8443273
34330844,PMC9398181
34330905,PMC8324837
34330913,PMC8324870
34331418,PMC8456278
34336831,PMC8321512
34336890,PMC8317578
34337362,PMC8313754
34340708,PMC8330024
34341073,PMC8448979
34341479,PMC8807390
34341659,PMC8324422
34341990,
34342940,PMC8409300
34344933,PMC8333095
34345013,PMC8484012
34347777,PMC8336885
34349149,PMC8339057
34350183,PMC8327166
34352206,
34353313,PMC8344147
34353903,PMC8364191
34354266,PMC8446310
34358452,PMC8452521
34358678,
34359074,PMC8678996
34359754,PMC8345409
34359777,PMC8345393
34362796,
34363355,PMC8498877
34363529,
34367171,PMC8346206
34367977,PMC8339968
34370013,PMC8450110
34370213,PMC8505316
34373451,PMC8352964
34373577,PMC8497275
34373735,PMC8344022
34375582,
34375583,PMC8383322
34375612,
34375640,PMC8403768
34375710,
34376502,
34376784,PMC8355374
34378358,PMC8498885
34379360,PMC8682941
34380043,
34380064,PMC8475267
34381018,PMC8358054
34381026,PMC8357841
34381028,PMC8357983
34381049,PMC8357784
34381718,PMC8350342
34382934,PMC8416027
34384362,PMC8359300
34384466,PMC8359549
34385184,PMC8487964
34385309,PMC8379983
34387871,PMC9416882
34388365,PMC8452515
34389725,PMC8363664
34391409,PMC8364090
34392311,PMC8364555
34392603,PMC8732350
34394068,PMC8358782
34395257,PMC8358774
34395436,PMC8363264
34396988,PMC8363279
34397405,
34399797,PMC8365954
34400476,PMC8415369
34400618,PMC8368102
34403195,PMC8567280
34403459,PMC8464064
34407392,PMC8454863
34408135,PMC8373975
34408922,PMC8366541
34410499,PMC8373607
34411225,
34413880,PMC8369577
34414122,PMC8339511
34417449,PMC8379221
34417459,PMC8379232
34422660,PMC8372368
34428285,PMC9211445
34429321,PMC8758508
34429326,PMC8595749
34429773,PMC8371958
34430403,PMC8350238
34431104,PMC8599638
34432867,
34433584,PMC8530980
34433808,PMC8387475
34433827,PMC8387416
34434177,PMC8381357
34437391,PMC8402498
34437837,
34439098,PMC8392234
34439131,PMC8391231
34439134,PMC8391235
34439179,PMC8391603
34439758,PMC8394795
34440533,PMC8400051
34442440,PMC8399231
34445100,PMC8395043
34448811,PMC8525237
34452996,PMC8536359
34453119,PMC8738768
34458010,PMC8379380
34458146,PMC8387103
34458856,PMC8388313
34458869,PMC8379522
34459501,PMC8488578
34461601,PMC8403728
34462366,PMC8559619
34463254,PMC8463077
34465850,PMC8408135
34465866,PMC8807392
34465901,PMC8863208
34466783,PMC8384902
34469736,PMC8534300
34469737,
34469831,PMC8882712
34472665,PMC8567296
34474081,PMC8860850
34475205,PMC8433584
34475402,PMC8413371
34479871,PMC9401506
34479963,PMC8530929
34480004,PMC8433573
34480849,PMC8687145
34481843,PMC8498470
34482400,PMC8777198
34482638,PMC8807365
34484294,PMC8415304
34485225,PMC8416458
34487377,PMC8591543
34488783,PMC8419920
34489456,PMC8421377
34489572,PMC9012003
34489925,PMC8417605
34493732,PMC8423755
34493746,PMC8423799
34493786,PMC8423782
34494550,PMC8492336
34496239,
34496885,PMC8424981
34499581,PMC8794507
34500845,PMC8434408
34502301,PMC8430666
34503063,PMC8428225
34503222,PMC8430983
34504843,PMC8421636
34505004,PMC8417332
34508104,PMC8433397
34508131,PMC8433374
34513313,PMC8416973
34513691,PMC8428533
34515662,PMC8558845
34516824,PMC7614902
34516894,PMC8442857
34518298,PMC8687141
34518527,PMC8438051
34518534,PMC8437979
34518544,PMC8438024
34520622,PMC8807366
34520743,PMC8857039
34521827,PMC8440555
34524860,PMC9719791
34526411,PMC8507254
34526485,PMC8443725
34526716,PMC9008583
34526724,PMC9172917
34531456,PMC8445955
34533562,PMC8458781
34534367,PMC8585704
34534457,
34535185,PMC8447690
34535653,PMC8448863
34539419,PMC8440935
34539736,PMC8442909
34540823,PMC8446459
34543389,PMC9153032
34544797,PMC8595859
34545082,PMC8452692
34546978,PMC8564908
34548333,PMC8723353
34549724,PMC8492341
34551291,PMC8491098
34551306,PMC8480281
34552007,PMC8643315
34552066,PMC8458384
34552071,PMC8458293
34552146,PMC8458439
34552933,PMC8450412
34554929,PMC8663557
34555354,
34555842,PMC9153016
34556645,PMC8460807
34556812,PMC8566236
34557219,PMC8453167
34557405,PMC8453168
34561461,PMC8463670
34563222,PMC8465700
34568799,PMC8449240
34568832,PMC8462183
34569598,PMC8649171
34570432,
34570885,PMC9632760
34571002,
34571364,PMC8479395
34571962,PMC8465092
34572780,PMC8467954
34572872,PMC8466834
34572907,PMC8469149
34573012,PMC8466195
34578801,PMC8472177
34579723,PMC8474885
34580113,PMC9401459
34580281,PMC8476631
34580292,PMC8476619
34580409,PMC8476534
34582557,PMC8893588
34582559,PMC8832476
34584066,PMC8478910
34584216,PMC8566234
34585664,PMC8500713
34586829,PMC8500670
34587152,PMC8480850
34587228,PMC8579272
34592899,PMC8782174
34593527,PMC8678347
34593797,PMC8484618
34597364,PMC8759131
34599153,PMC8486747
34599169,PMC8486778
34601385,
34601505,
34603369,PMC8484910
34604072,PMC8484871
34605540,PMC8589331
34608266,PMC9421946
34608273,PMC8901790
34609966,PMC8592553
34610961,PMC9744461
34610962,PMC9258906
34611298,PMC8901929
34615655,PMC8831459
34615725,PMC9401502
34615874,PMC8494917
34616737,PMC8488223
34617969,PMC8504185
34621020,
34622229,PMC8484507
34624089,PMC8740888
34624096,PMC9906988
34624217,PMC8549465
34624316,PMC8551657
34627389,PMC8502397
34628052,PMC8821960
34628166,
34630502,PMC8494201
34631277,PMC8479281
34631279,PMC8479278
34631280,PMC8479293
34631521,PMC8493074
34632963,PMC8510564
34635154,PMC8504099
34635505,
34637398,PMC8544341
34638266,PMC8508280
34638458,PMC8507656
34638508,PMC8508075
34642317,PMC8511258
34644371,PMC8791597
34644581,PMC8609347
34645607,PMC9397643
34646389,PMC8490506
34647023,PMC8500687
34648034,PMC8565347
34649947,PMC9397637
34650218,PMC8627489
34650973,PMC8505676
34654425,PMC8520256
34654806,PMC8519947
34655178,PMC8633241
34655667,PMC8743034
34656143,PMC8520275
34657147,PMC8832436
34657245,PMC10461790
34657298,
34658689,PMC7611838
34662337,PMC8601628
34663432,PMC8524847
34663689,PMC8647826
34663789,PMC8523560
34663976,
34664408,PMC8649869
34667276,PMC8837536
34669465,PMC8528416
34670408,PMC8702487
34670579,PMC8529724
34670863,PMC9138181
34671012,PMC8528917
34675201,PMC8531305
34675383,PMC8604730
34676048,PMC8522844
34678064,PMC8535795
34680287,PMC8533754
34680291,PMC8533960
34680485,PMC8533210
34686315,PMC8931856
34687603,PMC8761479
34687742,
34689171,PMC8651639
34689714,PMC9542862
34697370,PMC8546101
34702879,PMC8548301
34703030,PMC8727509
34703959,PMC8533999
34705506,PMC8550236
34706222,PMC9190145
34711181,PMC8554867
34711608,PMC9234971
34711804,PMC8553927
34711817,PMC8553951
34711951,
34714577,PMC8748246
34715055,PMC9035045
34716195,PMC8866212
34716319,PMC8556338
34716410,PMC8556368
34716429,
34718356,PMC8727631
34719039,
34720086,PMC8553555
34722316,PMC8554203
34724866,PMC8809939
34725152,PMC8609319
34725321,PMC8560861
34725466,PMC8560880
34728525,PMC8810630
34728570,PMC8742787
34728628,PMC8563902
34728791,PMC8770594
34728806,PMC8781987
34730297,PMC8564819
34730992,PMC8565846
34731610,PMC8856626
34731655,PMC8769166
34732713,PMC8566602
34733015,PMC8561761
34733788,PMC8559897
34734184,PMC8559160
34735897,PMC8571525
34737197,
34737198,PMC8742779
34737213,
34737259,PMC8569206
34737261,PMC8568894
34737287,PMC8568941
34739170,PMC9299679
34739319,PMC8570610
34739849,PMC8693622
34746152,PMC8570822
34749299,PMC8586743
34750374,PMC8575966
34750583,
34751409,PMC8600396
34752415,PMC8679849
34755131,PMC8561238
34756877,
34756880,PMC9038635
34762341,PMC8649872
34762647,PMC8584750
34765312,PMC8569363
34765560,PMC8576330
34767457,
34768902,PMC8583864
34769520,PMC8584501
34771425,PMC8582563
34771603,PMC8582439
34771636,PMC8582548
34771673,PMC8583122
34771678,PMC8582741
34772733,PMC8904277
34772806,PMC8609619
34778800,PMC8580616
34779495,PMC8611403
34781692,PMC8593836
34782004,PMC8594157
34782617,PMC8593035
34783649,PMC8709578
34784301,PMC8783691
34785680,PMC8595714
34785776,
34785778,PMC8782725
34787459,PMC8826805
34788094,PMC8598007
34788382,PMC8900275
34789165,PMC8600871
34789479,PMC8866201
34789839,PMC8799470
34795264,PMC8602290
34795418,PMC8979814
34796115,PMC8592930
34799566,PMC8604959
34799676,PMC8604896
34799977,PMC8672788
34802033,PMC9359627
34804930,PMC8595470
34808225,
34811438,PMC8608887
34812139,PMC8610417
34815308,PMC8744680
34818047,PMC8612691
34818552,PMC8642810
34819304,PMC8744494
34819356,PMC8616544
34819513,PMC8613289
34819668,PMC9126690
34820005,PMC8607232
34821220,
34822125,
34824220,PMC8617270
34824279,PMC8616957
34826777,PMC8626806
34827149,PMC8615054
34830054,PMC8625150
34830117,PMC8618106
34830394,PMC8623627
34830820,PMC8616448
34830891,PMC8616122
34830961,PMC8616045
34831008,PMC8616450
34831272,PMC8616536
34831287,PMC8616488
34836940,PMC8626493
34836971,PMC8626462
34839571,PMC8819338
34841295,PMC8607011
34843591,PMC8659635
34845453,PMC8629196
34847357,
34849199,PMC8604672
34850111,PMC8682742
34850409,PMC8922252
34852826,PMC8638147
34853721,PMC8605294
34856364,
34857874,PMC8639922
34858489,PMC8632048
34858498,PMC8632397
34858784,PMC8577981
34858876,PMC8631403
34861037,
34862195,PMC9390741
34862242,PMC8738140
34862368,PMC8642434
34862459,PMC8830420
34868059,PMC8637820
34868934,PMC8637299
34868981,PMC8632764
34869001,PMC8637169
34869032,PMC8635994
34869037,PMC8637884
34869264,PMC8638705
34873301,PMC8979821
34873338,PMC8688144
34873462,PMC8640800
34876569,PMC8651821
34877499,PMC8633986
34877501,PMC8633980
34878824,
34880251,PMC8654996
34885022,PMC8657272
34885166,PMC8656772
34887387,PMC8660841
34893606,PMC8664842
34897678,
34898280,PMC8852714
34900689,PMC8652297
34901353,PMC8640228
34903601,PMC9359717
34904415,PMC8669322
34910907,PMC8889623
34910943,
34911927,PMC8674292
34911936,PMC8674345
34912114,PMC8994470
34912708,PMC8666981
34916221,PMC7612409
34919781,PMC9462842
34919964,PMC8761705
34921931,
34923996,PMC8684670
34925436,PMC8678463
34925460,PMC8678093
34930313,PMC8686565
34930366,PMC8686545
34930403,PMC8690403
34930825,PMC8740767
34931241,PMC8855298
34931347,PMC9305535
34931757,PMC8787991
34933180,PMC8688589
34933343,PMC8864659
34934837,PMC8654799
34937944,PMC8770127
34937946,PMC9116157
34938855,PMC8645427
34941573,PMC8855807
34943871,PMC8699485
34943910,PMC8699481
34944685,PMC8698814
34944751,PMC8698431
34944900,PMC8699539
34944934,PMC8699146
34944958,PMC8699125
34947512,PMC8705212
34949722,PMC8848932
34949839,PMC9549920
34951993,PMC8934284
34954189,PMC9073733
34955744,PMC8696176
34955846,PMC8696016
34959291,PMC8709089
34963056,PMC8862608
34964438,PMC8758141
34965383,PMC8764204
34965417,PMC9000920
34965946,
34965952,PMC9377758
34966670,PMC8710544
34966685,PMC8710663
34968454,
34970146,PMC8713816
34970966,PMC8758144
34975152,PMC8818029
34976440,PMC8693350
34977014,PMC8719673
34977060,PMC8718501
34980123,PMC8722111
34983546,PMC8725338
34983823,PMC8739494
34983824,PMC8742871
34986341,PMC9307073
34986355,PMC9127595
34986855,PMC8734245
34987166,PMC8813945
34988553,PMC8725614
34990589,PMC8827663
34995376,PMC9869956
34995736,
34996497,PMC8742467
35000083,PMC8989945
35001153,PMC9271132
35002727,PMC8733664
35003259,PMC8741341
35004274,PMC8733570
35008200,PMC8750077
35013187,PMC8748822
35013311,PMC8748862
35013322,PMC8748754
35014177,
35014681,PMC8776328
35015684,PMC9414116
35015835,
35017149,PMC8753449
35017527,PMC8752836
35018885,PMC8887898
35019730,PMC8754100
35019856,PMC9789686
35021089,PMC8796272
35022314,PMC8983558
35022320,PMC8923957
35022322,PMC8976724
35022408,PMC8755833
35022412,PMC8755743
35022561,PMC8755726
35027481,PMC8898292
35027563,PMC8758684
35027733,PMC9022944
35027829,PMC8752973
35028452,PMC8741439
35028612,PMC8714940
35031546,PMC9066364
35031563,PMC8784159
35031573,
35031618,PMC8760265
35032108,PMC8948559
35041461,
35042936,PMC8766575
35045294,
35046037,PMC8795524
35046993,PMC8762060
35048158,PMC8770385
35051357,
35051616,PMC9077312
35052380,PMC8774301
35053442,PMC8796033
35053502,PMC8773829
35054996,PMC8775745
35058574,PMC9287453
35059728,PMC8788925
35060842,PMC8843244
35061527,PMC8782448
35064215,
35066462,PMC8789530
35067686,PMC8858874
35068348,PMC8973770
35072006,PMC8762390
35073851,PMC8787901
35078860,PMC9365342
35082283,PMC8791943
35082793,PMC8785952
35083216,PMC8784737
35085587,
35087741,PMC8786713
35087744,PMC8786726
35087827,PMC8787460
35089096,PMC8725587
35090515,PMC8796435
35090594,
35091468,PMC8812561
35091682,PMC8913358
35093151,PMC8800319
35094010,PMC9097394
35095836,PMC8789675
35096583,PMC8792448
35096593,PMC8795899
35098996,PMC8976915
35101945,PMC8804689
35102212,PMC8803829
35105718,PMC8846434
35105803,PMC8832982
35105861,PMC8807747
35106508,PMC8784774
35107856,PMC8982579
35108039,PMC11313601
35108062,PMC9003667
35108274,PMC8809623
35108532,PMC8917510
35109796,PMC8811987
35109908,PMC8809020
35110572,PMC8810888
35110649,PMC8810792
35111150,PMC8801487
35115371,PMC8997345
35115489,PMC8814001
35115490,PMC8814179
35115608,PMC8813994
35115654,PMC8814058
35115686,PMC9794680
35115713,PMC8885846
35117988,PMC8804213
35121110,PMC9077383
35121757,PMC8817049
35121889,PMC10097424
35121941,PMC10734094
35122060,PMC8809884
35122061,PMC7615150
35124821,
35127252,PMC8812775
35130345,PMC8941461
35130952,PMC8819885
35131870,PMC9359743
35132075,PMC8821627
35133080,PMC8823189
35135811,PMC7612586
35135840,PMC9365344
35135863,
35136202,PMC8894476
35137113,
35138899,PMC8827662
35139887,PMC8830042
35140124,PMC9064967
35145058,PMC8831486
35149558,PMC8851563
35149587,
35149588,PMC8983601
35150567,PMC8934631
35151311,PMC8841122
35154280,PMC8831884
35155218,PMC8828571
35156321,PMC8899916
35157864,
35159043,PMC8834219
35159281,PMC8833913
35162973,PMC8835242
35163724,PMC8837022
35167623,PMC8846505
35169119,PMC8847585
35172133,PMC8904926
35172140,
35172148,
35172562,PMC9614539
35174178,PMC8841401
35174975,PMC8899920
35177031,PMC8851790
35177654,PMC8854734
35178306,PMC8817631
35178834,PMC8990806
35179217,PMC8904079
35179962,PMC8856617
35182476,PMC8897266
35182477,
35182481,PMC8934274
35182954,PMC8857594
35183258,PMC8858535
35186752,PMC8851354
35190555,PMC8861175
35190730,PMC8920891
35191090,PMC9202004
35191375,PMC8893721
35192608,PMC8863262
35194152,PMC8993689
35194192,PMC9174226
35196484,PMC8957480
35196489,PMC9036938
35197447,PMC8866544
35197448,PMC8866461
35197571,PMC8993692
35198433,PMC8859926
35198599,PMC8859324
35199647,PMC9012294
35200138,PMC8871389
3520128,
35202088,PMC8878715
35202564,PMC9069129
35203681,PMC8962351
35205253,PMC8872619
35205612,PMC8870597
35205675,PMC8870223
35205680,PMC8924758
35205926,PMC8880021
35209946,PMC8867780
35209954,PMC8867650
35211429,PMC8863481
35211507,PMC8861307
35212371,PMC8989523
35213227,PMC8880772
35213723,PMC9340634
35217604,PMC8892337
35218417,PMC8882121
35219117,
35220676,PMC9234650
35220887,PMC8890384
35223493,PMC8867579
35223844,PMC8866878
35225231,PMC8926403
35226739,PMC11022956
35230915,PMC9542721
35230974,PMC9012291
35232962,PMC8888590
35234914,PMC8989530
35235361,PMC8890707
35235452,PMC8915885
35236967,
35237237,PMC8883052
35238496,PMC9234648
35239512,PMC9012288
35239998,PMC9066072
35241665,PMC8894386
35241678,PMC8894417
35242930,PMC8866881
35243230,PMC8859005
35244192,PMC8923656
35244540,PMC8926402
35246475,PMC8900051
35246504,PMC8897397
35246964,PMC9069185
35247900,PMC9414823
35247901,PMC9757132
35247902,PMC9414741
35247916,PMC9177724
35249128,PMC8898245
35250265,PMC8891870
35252200,PMC8891516
35252869,PMC8892060
35253846,PMC9073682
35254094,PMC9022507
35255120,PMC9394393
35256052,PMC8903834
35256595,PMC8901905
35258392,PMC9542673
35259269,PMC9177734
35260179,PMC8903708
35263037,PMC8988166
35263570,PMC9214622
35263599,PMC8981113
35263985,PMC9713562
35264144,PMC8908634
35264579,PMC8907293
35264742,PMC9010302
35264957,PMC8899401
35265200,PMC8899586
35265615,PMC8899292
35267457,PMC8909665
35267483,PMC8909304
35267509,PMC8909169
35267590,PMC8908991
35269469,PMC8909136
35270010,PMC8911444
35271393,PMC8931371
35273176,PMC8913623
35276968,PMC8839664
35277657,
35280651,PMC8899146
35280730,PMC8904756
35280993,PMC8907538
35281074,PMC8904384
35281849,PMC8905624
35285685,PMC9006923
35286385,PMC9074401
35288462,PMC8921918
35288544,PMC8921188
35289315,PMC8920335
35290121,PMC8944900
35290436,PMC9359749
35290621,PMC8979909
35292620,PMC8924151
35292632,PMC8924246
35292636,PMC8924155
35293050,PMC9055906
35293758,PMC9014412
35294066,PMC9103844
35294249,PMC8926329
35294258,PMC9311231
35296644,PMC8927615
35296660,PMC8927306
35296667,PMC8927161
35297672,PMC9006913
35298000,PMC9284474
35298627,PMC9396940
35299072,
35301312,PMC8931048
35301407,PMC9054653
35302600,PMC9365385
35302840,PMC8932663
35302851,PMC8932670
35303054,PMC9336196
35303483,PMC8988922
35303940,PMC8932231
35304469,PMC8933395
35306360,
35313331,PMC9167706
35314703,PMC8938519
35315319,
35316673,PMC8943299
35318435,PMC9276762
35318442,
35321317,PMC8936189
35325218,PMC9713509
35326145,PMC8944526
35326375,PMC8946101
35326450,PMC8946988
35326640,PMC8946537
35328408,PMC8950389
35331169,PMC8953143
35331218,PMC8944098
35331717,PMC9492898
35332119,PMC8948260
35332150,PMC8948234
35332222,PMC8948288
35334213,PMC8943915
35335198,PMC8954520
35336722,PMC8945044
35338135,PMC8956604
35342947,PMC9539848
35343634,PMC9066065
35344307,PMC9315135
35344764,PMC8958548
35349489,PMC9106354
35351133,PMC8962499
35351890,PMC8964738
35353838,PMC8967035
35354596,PMC8967991
35354797,PMC8967900
35354884,PMC8969163
35357426,PMC9433725
35357925,PMC9301658
35358571,PMC11906106
35359406,PMC8960247
35361260,PMC8969279
35361728,PMC8971766
35361883,PMC9215223
35361954,PMC9050834
35362516,PMC9016624
35363521,PMC11093130
35364610,PMC9256766
35366798,PMC8977041
35367648,PMC9134101
35368048,PMC9162920
35368624,PMC8965338
35371306,PMC8965128
35371996,PMC8971295
35371997,PMC8967368
35372041,PMC8969566
35377528,PMC9207365
35378132,PMC9062249
35378133,PMC9079251
35379068,
35379199,PMC8981854
35379950,PMC9525703
35380694,PMC9023279
35380992,PMC9151706
35382559,PMC9118069
35383235,PMC8983706
35385726,PMC9414743
35385730,PMC9033258
35385731,PMC9013128
35385746,PMC9127750
35385747,PMC9044438
35388001,PMC8986786
35389889,PMC9090256
35392560,PMC8982671
35393414,PMC8990073
35393416,PMC8990014
35393546,PMC9076537
35394045,
35394046,PMC9071494
35395812,PMC8991965
35395864,PMC8994274
35396222,PMC10852100
35399501,PMC8987780
35401213,PMC8985428
35402303,PMC8987439
35402828,PMC8975083
35402867,PMC8987407
35402877,PMC8983387
35405009,PMC9177667
35405016,PMC9308469
35406371,PMC8996841
35406435,PMC8996842
35406461,PMC8997165
35406487,PMC8996937
35406623,PMC8997997
35409069,PMC8998440
35410412,PMC9001641
35411071,PMC9001699
35411077,PMC9018424
35412614,PMC9357026
35417191,
35417682,
35418012,PMC9008973
35418124,PMC9007954
35418131,PMC9007952
35418213,PMC9345904
35418613,PMC9162914
35419611,PMC8997334
35422476,PMC9107507
35426938,PMC9357204
35428832,PMC9012857
35433439,PMC9005964
35436363,
35436995,PMC9016080
35437843,PMC9233153
35439048,PMC9169908
35440108,PMC9019088
35440514,PMC9574348
35440541,PMC9018728
35440565,PMC9018852
35440587,PMC9018799
35440714,PMC9426628
35444289,PMC9346113
35447244,
35447889,PMC9030292
35449080,PMC9027050
35451037,
35451102,PMC9108626
35453502,PMC9025092
35453543,PMC9029930
35453756,PMC9032685
35454854,PMC9025961
35456219,PMC9027255
35456475,PMC9031889
35456497,PMC9032019
35459264,PMC9033823
35459269,PMC9033877
35459280,PMC9033878
35459873,PMC9162925
35462908,PMC9024411
35468191,PMC9256796
35468210,PMC9629421
35468964,PMC9117466
35468987,PMC9038724
35472162,
35474385,PMC9071401
35476451,PMC9045724
35476513,PMC9170153
35476980,
35477723,PMC9046280
35479410,PMC9036131
35479411,PMC9036123
35482409,PMC9220943
35483273,PMC9117270
35483669,PMC10894461
35484112,PMC9050647
35484118,PMC9051101
35486664,PMC9053788
35486832,PMC10118070
35487218,PMC9446818
35490194,PMC9056521
35493068,PMC9047956
35495611,PMC9019767
35497503,PMC9042720
35499052,PMC9039740
35499757,PMC9453853
35501464,PMC9177620
35503086,PMC9357060
35503263,PMC9197524
35503659,PMC9197529
35503721,PMC9064299
35504863,PMC9065067
35508495,PMC9068822
35508655,
35510953,PMC9082625
35513564,PMC9166678
35513575,PMC9166756
35520391,PMC9065582
35523140,
35523945,PMC9076621
35524156,PMC9076827
35524220,PMC9077971
35524551,PMC9128377
35525905,PMC9189076
35526007,PMC9077895
35527349,PMC9081490
35530152,PMC9072231
35530315,PMC9068942
35532363,PMC9338760
35534224,PMC9095732
35534547,PMC9613664
35534562,PMC9374001
35534729,PMC9177652
35534777,PMC9404532
35537449,PMC9520607
35538076,PMC9090837
35538114,PMC9091272
35541895,PMC9066098
35544303,PMC9635288
35545048,
35545049,PMC9136538
35549739,PMC9097325
35550508,PMC9098894
35550602,PMC9098460
35550603,PMC9166766
35550916,
35551305,
35551999,
35552660,PMC9365375
35559038,PMC9086559
35561581,
35562181,PMC9095586
35563134,PMC9102906
35563635,PMC9102229
35563678,PMC9101625
35563688,PMC9106060
35565214,PMC9104154
35565433,PMC9099809
35565457,PMC9100622
35567547,PMC9970024
35567709,PMC12978075
35568265,PMC10313451
35568393,
35568821,PMC9107748
35570408,PMC9218654
35572729,PMC9098296
35573198,PMC9097697
35573800,PMC9094438
35574319,PMC9097292
35574418,PMC9097904
35576810,
35578240,PMC9109340
35579355,PMC9239229
35579852,PMC9533694
35579943,PMC9246391
35580333,PMC9327552
35580697,
35582751,PMC9201377
35583991,PMC9545334
35584630,PMC9133402
35585045,PMC9117268
35585241,PMC9888363
35589130,PMC9186391
35589701,PMC9120040
35589715,PMC9120190
35589813,PMC9119983
35590059,PMC9236905
35590240,PMC9121577
35590370,PMC9118622
35597867,PMC9381772
35600369,PMC9121879
35603555,PMC9275863
35604506,PMC9338904
35605119,PMC9295756
35605191,PMC9837446
35606086,PMC9174898
35606410,PMC9613692
35610347,PMC9252908
35612556,PMC9437561
35612714,PMC9394257
35613278,PMC9132450
35617030,PMC9246378
35617303,PMC9135202
35617311,PMC9135243
35617398,PMC9299269
35619151,PMC9134657
35620287,PMC9127500
35620459,PMC9127534
35624221,PMC9142539
35625354,PMC9137560
35625596,PMC9138635
35625761,PMC9138619
35626002,PMC9139685
35628480,PMC9144309
35628634,PMC9144826
35631574,PMC9146430
35633182,PMC9357606
35635655,PMC9529792
35635656,PMC9151573
35636512,PMC9243181
35636729,PMC9253478
35636967,PMC9152130
35637255,PMC9151746
35639459,PMC9444965
35640920,PMC9825332
35642432,PMC9381127
35643181,
35645831,PMC9132251
35646083,PMC9136171
35646092,PMC9130929
35646538,PMC9136613
35646625,PMC9130556
35650187,PMC9160003
35650266,PMC9160289
35653119,PMC9588607
35654819,PMC9252905
35654829,PMC9163075
35654861,PMC9325671
35656514,PMC9152103
35656547,PMC9152322
35656858,PMC9164146
35657102,PMC9226514
35657344,PMC9329238
35662728,PMC9157590
35663013,PMC9157216
35664333,PMC9159809
35664803,PMC9155213
35665542,
35665684,PMC9166372
35666812,PMC9662868
35668111,PMC9170711
35669782,PMC9163391
35670054,PMC9357625
35671062,PMC9198938
35671108,PMC9282926
35671824,PMC9254501
35673573,PMC9169373
35673898,PMC9348601
35674491,PMC9177149
35676246,PMC9177965
35676324,PMC10680093
35676472,PMC9242860
35676822,PMC9844651
35679869,PMC9361928
35680984,
35681100,PMC9325670
35681235,PMC9178829
35681561,PMC9179855
35681616,PMC9179243
35685639,PMC9172636
35687692,PMC9187238
35688159,PMC9245005
35688802,PMC9187670
35688945,PMC9249628
35689194,PMC9188206
35689636,PMC9226503
35690611,PMC9188573
35691495,PMC9357096
35693931,PMC9178185
35694213,PMC9163427
35694846,PMC9262621
35695863,
35695878,PMC9191893
35697674,PMC9192591
35697798,PMC7613404
35700263,PMC9357190
35701800,PMC9199133
35703180,PMC9197528
35705030,PMC9716578
35705040,PMC9246336
35705526,PMC9444977
35705990,PMC9202186
35707047,PMC9185438
35707680,PMC9189629
35709354,PMC9412007
35710947,PMC9203778
35712470,PMC9192977
35713523,PMC9262608
35715442,PMC9205910
35720116,PMC9201276
35721711,PMC9205202
35723333,PMC8928977
35728062,PMC9649996
35729324,PMC9256715
35730653,PMC9214753
35731019,
35731891,PMC9236162
35732123,
35732148,PMC9244979
35732578,PMC9452469
35732800,PMC9288981
35735057,
35736563,PMC9379360
35740485,PMC9221538
35740546,PMC9221398
35741006,PMC9221433
35743036,PMC9223905
35748745,PMC9444950
35748872,PMC9262614
35749470,PMC10367122
35750257,
35752626,PMC9233711
35754026,PMC9235180
35754042,PMC9979947
35755807,PMC9218788
35759011,PMC9618384
35760527,PMC9544746
35760562,PMC9435739
35760833,PMC9237102
35763353,PMC9374383
35764091,PMC9391320
35765270,PMC9219028
35768279,PMC9380745
35771494,PMC9444964
35771632,PMC9444962
35773268,PMC9247075
35773274,PMC9247109
35773310,PMC9246847
35773409,PMC9287163
35776542,PMC9271168
35780128,PMC9250739
35782751,PMC9244942
35783619,PMC9243590
35783678,PMC9244402
35785205,PMC9247198
35785414,PMC9346471
35788181,PMC9529790
35789070,PMC9254903
35789258,
35789380,PMC9437570
35789859,PMC9250025
35794478,PMC9583699
35794621,PMC9258208
35794842,PMC9628225
35795041,PMC9251191
35795483,PMC9240952
35798053,
35798240,PMC9529910
35798794,PMC9262895
35798875,PMC9355870
35800779,PMC9253713
35801925,PMC9371912
35802025,PMC9437574
35803227,PMC11088748
35804837,PMC9264848
35804870,PMC9264873
35804907,PMC9264760
35805116,PMC9265747
35806055,PMC9266388
35806169,PMC9266546
35810559,PMC9272358
35811571,PMC9441004
35813464,PMC9254468
35813477,PMC9254462
35816095,PMC9273212
35816899,PMC9283511
35817555,
35818422,PMC9270657
35819844,PMC9433100
35820706,PMC9275596
35831348,PMC9279440
35831557,PMC9463316
35832114,PMC9272305
35834269,PMC9284409
35835937,PMC9283517
35836810,PMC9274752
35840578,PMC9287322
35841593,
35842234,
35842542,PMC9288475
35842613,PMC9288060
35847855,PMC9282887
35848924,PMC9371929
35849143,PMC9481728
35851155,PMC9417990
35851726,PMC9357637
35852858,PMC9462490
35852875,PMC9462495
35853866,PMC9296561
35853939,PMC9296550
35854245,PMC9297571
35854416,
35857500,PMC9278860
35857506,PMC9286501
35857643,PMC9548378
35857848,PMC9299537
35858545,PMC9374308
35858551,PMC9362995
35858579,PMC9327527
35858708,PMC9305827
35859152,PMC9300685
35860270,PMC9289242
35861150,PMC9449593
35864202,PMC9304387
35864856,PMC9271405
35864973,PMC9295074
35865472,PMC9294171
35866661,PMC10666726
35868533,
35869079,PMC9307778
35871161,PMC9308799
35871303,PMC9371916
35872983,PMC9299245
35874727,PMC9300876
35874897,PMC9307381
35875066,PMC9300928
35875075,PMC9301189
35876482,PMC9629450
35878001,PMC10652962
35878022,PMC9351446
35879396,PMC12476831
35881485,PMC9536271
35882447,PMC9330322
35882862,PMC9325712
35883003,
35883107,PMC9316731
35883603,PMC9323884
35883689,PMC9317991
35884401,PMC9324262
35884475,PMC9320240
35884498,PMC9318275
35884550,PMC9321755
35884615,PMC9323510
35886011,PMC9319013
35887001,PMC9322929
35887187,PMC9319905
35896520,PMC9329363
35896748,PMC9328018
35897747,PMC9330793
35900472,PMC9633370
35902399,PMC9333050
35902556,PMC9334634
35902637,PMC9880663
35903698,PMC9315447
35904816,PMC9410884
35905726,PMC9899501
35905743,
35906682,PMC9338531
35907898,PMC9338583
35908024,PMC9338492
35908104,
35910766,PMC9336609
35910786,PMC9330516
35911665,PMC9326512
35914531,
35915108,PMC9343464
35915142,PMC9417996
35915609,PMC9338737
35917517,
35917568,PMC9979771
35918147,PMC9529191
35918316,PMC9345899
35918330,PMC9346138
35918812,PMC9552307
35921406,PMC9348802
35921410,PMC9348799
35926468,PMC9402397
35927236,PMC9352874
35927239,PMC9352901
35927247,PMC9352682
35927254,PMC9352687
35927424,PMC9352753
35929179,PMC9670196
35931676,PMC9356138
35931688,PMC9355973
35931888,PMC9464719
35931993,PMC9356431
35932893,PMC9983295
35933111,PMC9528969
35933472,PMC9357016
35935976,PMC9352856
35939336,PMC9417222
35940219,PMC12358170
35941192,PMC9669107
35941292,PMC9758052
35941369,
35941662,PMC9358838
35942091,PMC9356103
35943801,PMC9798925
35944584,PMC9463537
35944927,PMC9933174
35945219,PMC9363427
35947123,PMC9986713
35947545,PMC9365139
35947648,PMC9410893
35948047,PMC9910044
35950366,PMC9633288
35950456,PMC9385566
35950920,PMC9588703
35950923,PMC9588738
35951441,PMC9525122
35954409,PMC9367561
35954418,PMC9367562
35957887,PMC9358705
35960210,PMC9894568
35962613,PMC10087869
35963521,PMC9667711
35963855,PMC9376070
35965583,PMC9372505
35966596,PMC9373808
35967079,PMC9374162
35967413,PMC9366666
35969744,PMC9407673
35970919,PMC9801308
35973425,PMC9714687
35973998,PMC9381743
35974102,PMC9613476
35975461,PMC9534967
35976950,PMC9385026
35977468,PMC9418860
35977509,
35977996,PMC9385707
35978049,PMC9883267
35979358,PMC9376625
35979662,PMC9386325
35983060,PMC9379324
35983249,PMC9381283
35986103,PMC9464715
35987910,PMC9392749
35987939,PMC9392771
35988690,
35991552,PMC9389054
35992060,PMC9385686
35992062,PMC9389258
35992086,PMC9385704
35993275,PMC9415457
35995095,PMC10617250
35996163,PMC9394076
35997635,PMC9633386
35999456,PMC9440127
35999496,PMC9400228
35999659,PMC9630828
36001971,PMC9527711
36001976,
36002000,
36002001,PMC9631240
36002186,PMC9413180
36002574,PMC9433322
36003143,PMC9393755
36008139,PMC9480855
36008383,PMC9411159
36008411,PMC9411202
36008466,PMC9507968
36008945,PMC9405759
36009267,PMC9405091
36009455,PMC9405659
36010906,PMC9406105
36010951,PMC9406217
36010973,PMC9406669
36011023,PMC9406593
36011368,PMC9408536
36012128,PMC9408752
36014431,PMC9415531
36017889,PMC9828698
36018584,PMC9428361
36018850,PMC9417018
36026513,PMC9627239
36028493,PMC9418176
36028659,PMC9522591
36032173,PMC9411643
36033462,PMC9399459
36036514,PMC9601155
36036613,PMC9584124
36037342,PMC9457068
36037364,PMC9457248
36037515,PMC9701620
36038492,
36038536,PMC9424261
36038571,PMC9424213
36039747,PMC9458439
36039850,PMC9531303
36041788,PMC9678030
36043458,PMC9433094
36043466,PMC9584608
36044854,PMC9472474
36044855,
36045687,PMC9421144
36046604,PMC9420937
36047744,PMC7613903
36048765,PMC10012924
36049481,PMC9506001
36050469,PMC9977532
36053276,PMC9627135
36054348,PMC10848953
36055199,PMC9450215
36055228,
36055981,PMC9440223
36056599,PMC9807500
36056964,PMC9440884
36057593,PMC9440539
36059442,PMC9428591
36059681,PMC9428625
36060800,PMC9438935
36064715,PMC9445031
36066963,
36066972,PMC9714787
36067210,PMC9481176
36068209,PMC9448786
36070144,PMC9547787
36071036,PMC9452528
36071064,PMC9452507
36071171,PMC9784646
36071173,
36071275,
36073513,PMC9890034
36073547,PMC9536280
36073824,PMC9602719
36076232,PMC9454230
36077675,PMC9454756
36077733,PMC9454988
36077757,PMC9454481
36078082,PMC9454520
36078127,PMC9454761
36082807,PMC9478953
36085021,PMC9463800
36085288,PMC9463451
36087682,PMC9563073
36088362,PMC9464188
36090744,PMC9437810
36092919,PMC9459090
36094741,PMC9638877
36095844,
36097617,PMC9463578
36102738,PMC9755957
36103568,PMC9473615
36103824,PMC9523722
36103837,
36104109,
36104324,PMC9474880
36106577,PMC9972027
36106794,PMC9896486
36107759,PMC9578714
36109518,PMC9477819
36109561,PMC9478127
36111258,PMC9468413
36111282,PMC9467865
36112677,PMC9481139
36114560,PMC9482322
36115844,PMC9482638
36117551,PMC9481113
36118864,PMC9478865
36119489,PMC9478444
36121385,PMC9630826
36121736,PMC9627137
36123339,PMC9485230
36123629,PMC9484138
36124657,PMC9508825
36124662,PMC9508832
36124682,PMC9561272
36125343,PMC9638873
36127323,PMC9489777
36129197,PMC10036510
36130489,PMC9596226
36130505,
36130827,PMC9553791
36131014,PMC10026724
36131015,PMC9748853
36136589,PMC9675438
36136600,PMC9663156
36138008,PMC9500061
36138189,PMC10171398
36138226,PMC9750984
36139061,PMC9496520
36139642,PMC9496676
36140168,PMC9495731
36142452,PMC9503934
36147741,PMC9485839
36148682,PMC10658791
36148888,PMC9529430
36149636,PMC9812934
36149760,PMC9505754
36153311,PMC9509394
36153321,PMC9509360
36153564,PMC9508734
36153585,PMC9509632
36155972,PMC9536535
36156210,PMC9828415
36158200,PMC9490184
36158676,PMC9496645
36159397,PMC9500443
36160408,PMC9498830
36162992,PMC9511711
36163326,PMC9512932
36164607,PMC9508879
36165915,PMC9890136
36167829,PMC9515221
36167836,PMC9515171
36170811,PMC9552870
36170818,
36170835,PMC9532847
36171192,PMC9519755
36171271,PMC7613766
36171464,PMC9519820
36172132,PMC9516861
36172369,PMC9510599
36174572,PMC7615581
36175617,PMC9681737
36175875,PMC9520831
36179046,PMC9549395
36179686,PMC7615013
36180891,PMC9523997
36181640,PMC9772002
36182806,PMC9526231
36183362,
36183831,PMC9636578
36187487,PMC9515781
36187937,PMC9524505
36189305,PMC9520605
36190955,PMC9722601
36191188,PMC9565228
36191385,
36192394,PMC9530161
36194131,PMC9678429
36194476,PMC9711876
36195603,PMC9532393
36197962,PMC9926934
36197969,PMC9534493
36197977,PMC9534506
36197978,PMC9534498
36197994,PMC9564215
36198774,PMC7613769
36199571,PMC9527279
36200046,PMC9527304
36201246,PMC9663158
36202613,PMC9553902
36202798,PMC9537441
36202915,PMC9630100
36206200,PMC9772487
36206767,PMC9588679
36207293,PMC9546828
36207615,PMC9546935
36208684,PMC10411618
36209111,PMC9548164
36210597,PMC10024925
36211815,PMC9535135
36212452,PMC9533407
36212481,PMC9532972
36212776,PMC9529991
36213538,PMC9532536
36213965,PMC9827110
36215039,PMC9638942
36215168,PMC10237422
36215477,PMC9586329
36216931,
36222718,PMC9772098
36223343,PMC9555630
36223446,
36224471,PMC9637061
36225557,PMC9548564
36227281,PMC10013643
36229456,PMC9561678
36230972,PMC9564335
36240291,
36243002,PMC9533670
36243378,
36243768,PMC9569368
36243802,
36245428,PMC9724667
36246902,PMC9561150
36248745,PMC9563539
36248850,PMC9554309
36249071,PMC9554554
36250346,PMC10071545
36251879,PMC10233242
36253350,PMC9576728
36253360,PMC9576746
36253486,PMC9586872
36253572,PMC9649439
36255066,
36256477,PMC9746806
36258226,PMC9578182
36259929,PMC9900322
36259947,PMC9827116
36260562,PMC10076943
36260981,PMC9589122
36261010,PMC9642966
36261012,PMC9652615
36261015,
36261421,PMC9582000
36262311,PMC9574507
36263020,PMC9574099
36263165,PMC9576525
36266281,PMC9585083
36266345,PMC9584945
36266374,PMC9584952
36267209,PMC9575185
36267332,PMC9576154
36267746,PMC9577811
36267874,PMC9569026
36269797,PMC9975668
36270630,PMC9662185
36271030,
36271031,PMC9700521
36271053,PMC9587234
36271073,PMC9587301
36271440,PMC9587560
36271587,PMC9590235
36273157,PMC9587669
36273819,PMC9638919
36274161,PMC9590174
36275751,PMC9585274
36280829,PMC9590148
36282572,PMC9753996
36283390,
36283829,PMC9808569
36284108,PMC9596482
36284713,PMC9582734
36286413,PMC9605225
36287107,PMC10285551
36289218,PMC9606020
36289222,PMC9605963
36289348,PMC9712090
36291764,PMC9599349
36291932,PMC9600477
36293464,PMC9604038
36293551,PMC9604090
36298843,PMC9612055
36300627,PMC9638897
36300939,PMC9683018
36301668,PMC9746918
36301712,PMC9650711
36302783,PMC9613679
36302855,PMC9715639
36302897,PMC12674207
36303473,PMC10326725
36303838,PMC9593058
36304143,PMC9592978
36304942,PMC9604512
36305167,PMC9728058
36305736,PMC9716260
36305821,PMC9638940
36306210,PMC9890133
36306422,PMC9669233
36306790,PMC9772162
36307394,PMC9616843
36307405,PMC9616898
36307901,PMC9811444
36309522,PMC9617877
36309561,
36310139,PMC9798977
36310172,PMC9618214
36316707,PMC9624057
36316773,PMC9620589
36317881,PMC9682993
36318113,PMC9898143
36318118,PMC9851961
36322456,PMC9681212
36322731,PMC9659340
36322817,PMC10111352
36323248,PMC9647044
36323262,PMC9647041
36323660,PMC9630413
36323682,PMC9630410
36323783,PMC9646524
36325065,PMC9619308
36325355,PMC9618812
36329064,PMC9633729
36329620,PMC10028153
36329628,PMC9972164
36332031,PMC9635827
36332625,
36333382,PMC9636203
36334593,PMC9729822
36335093,PMC9637107
36338541,PMC9629447
36338974,PMC9634254
36339620,PMC9634663
36341435,PMC9629837
36341538,PMC9827549
36342127,PMC9753727
36342298,PMC9683014
36344487,PMC9640638
36344675,PMC9734058
36344844,PMC9707522
36346211,PMC9674345
36347867,PMC9643452
36348939,PMC9634437
36350827,PMC9820540
36351894,PMC9646854
36352190,PMC9883168
36353638,PMC9637590
36354374,PMC9845988
36356584,PMC9753132
36357397,PMC9649729
36358672,PMC9655972
36358761,PMC9658092
36358818,PMC9657203
36359204,PMC9687151
36361992,PMC9655562
36368321,
36369429,PMC9652315
36371461,PMC9653407
36371909,PMC9664554
36372158,
36372230,PMC9764199
36373729,PMC9811454
36374194,PMC9905319
36376362,PMC9663437
36377663,PMC9663163
36377873,PMC9749464
36378541,PMC9898120
36380143,PMC9883157
36380627,PMC10643894
36384095,PMC9729824
36384128,PMC9869179
36385142,PMC9668826
36387080,PMC9659889
36387443,PMC9663857
36388465,PMC9645232
36388517,PMC9646520
36389809,PMC9664078
36394953,PMC9843063
36395771,PMC9731406
36395883,PMC9771721
36396656,PMC9671908
36396974,PMC9672046
36398861,PMC9728997
36398965,PMC9938728
36399508,PMC9723631
36399634,PMC9898162
36400430,PMC9892823
36403190,
36405725,PMC9666480
36407113,PMC9669761
36408179,PMC9669968
36408189,PMC9666679
36408932,PMC9757051
36409824,PMC9845989
36409827,PMC9845987
36412091,PMC9681209
36413141,PMC9852064
36413415,PMC9869969
36414668,PMC9681768
36414711,
36417875,
36418319,PMC9684133
36420735,PMC10108171
36422257,PMC9692472
36423637,PMC9748337
36423831,PMC9677559
36424410,
36424526,PMC9758055
36425957,PMC9678964
36426368,PMC9681149
36427020,PMC9907047
36428689,PMC9688551
36428851,PMC9689318
36433934,PMC9700717
36434392,PMC9701140
36435065,
36435867,PMC9701206
36436682,
36438198,PMC9691391
36438487,PMC9691365
36438491,PMC9691358
36439127,PMC9686385
36439493,PMC9684669
36439880,PMC9682536
36441764,PMC9731500
36445063,PMC9875608
36445328,PMC9975675
36445333,PMC9740379
36445751,
36446841,PMC9709075
36446947,
36447001,PMC9708825
36448247,PMC9870747
36450103,PMC9830641
36450385,PMC9717375
36450752,PMC9712620
36453028,PMC10994244
36454228,PMC10076952
36454826,PMC10196940
36455589,PMC9975662
36455613,PMC10084473
36456590,PMC9715646
36457025,PMC9716751
36457077,PMC9716731
36457503,PMC9705787
36459543,
36459552,PMC10936054
36459642,PMC9894179
36460223,
36460671,PMC9718767
36461076,PMC9716733
36463288,PMC9719475
36463543,
36465103,PMC9708791
36465485,PMC9710519
36466822,PMC9709281
36469363,PMC9896025
36469692,PMC9879295
36470870,PMC9722938
36471082,PMC9729108
36473869,PMC9726987
36475791,PMC9728970
36475797,PMC9728976
36476255,PMC9730630
36476366,PMC9727912
36476408,PMC9728993
36476474,PMC9812274
36476868,PMC9807018
36477312,PMC9825188
36477467,PMC10182302
36477537,PMC9810360
36479125,PMC9720269
36480167,PMC9978888
36480300,PMC9977313
36480501,PMC10045543
36480571,PMC9731410
36481721,PMC9732310
36482431,PMC9733339
36484736,PMC9898189
36490346,PMC9733937
36494579,PMC10498436
36497061,PMC9735512
36497336,PMC9736102
36499099,PMC9740946
36502574,PMC9763382
36504388,
36504430,PMC9742381
36505804,PMC9729799
36505864,PMC9732546
36507874,PMC9900348
36508676,PMC9907101
36509758,PMC9744876
36509805,PMC9744871
36509990,PMC9744873
36509998,PMC9898033
36513723,PMC9748036
36514940,PMC9841328
36516256,PMC9750140
36516770,PMC9994853
36516775,PMC9837615
36517594,
36519896,PMC9888207
36522653,PMC9756471
36522719,PMC9753290
36529262,
36529524,PMC10067409
36529792,PMC9762028
36532738,PMC9751428
36533672,PMC10108231
36534518,
36534918,PMC9936204
36536122,PMC10191840
36536381,PMC9762085
36536402,PMC9761959
36538894,PMC10002472
36539415,PMC9767928
36539532,PMC9765382
36543378,PMC9772695
36544023,PMC10189659
36544209,PMC9768916
36544755,PMC9760670
36548402,PMC9929516
36550132,PMC9780246
36551669,PMC9777158
36552757,PMC9776412
36552785,PMC9777428
36552843,PMC9777425
36563106,PMC9794006
36563143,PMC9788768
36563682,PMC9839614
36570773,PMC9771722
36572750,PMC9898032
36573560,
36574664,PMC9910433
36574771,
36574914,
36575215,PMC9794691
36575567,
36576240,PMC9829409
36576605,PMC9797463
36577137,PMC10113176
36578038,PMC9798635
36578176,PMC9797767
36581343,PMC9806671
36581735,PMC9986885
36581770,PMC10156599
36581993,PMC9798573
36585921,PMC9831722
36586240,
36587029,PMC9805448
36590171,PMC9800543
36594087,PMC9760441
36596844,PMC9975039
36596852,PMC9898288
36596853,PMC9898510
36598365,PMC10240397
36598851,PMC9826876
36599352,
36599925,PMC9813000
36599932,PMC9898302
36601741,PMC9869724
36604418,PMC9816119
36604548,PMC9892007
36604594,PMC10003829
36604653,PMC9814439
36607288,
36607308,PMC9830592
36607777,
36608131,PMC9821863
36608679,PMC9838187
36609400,PMC9823104
36609428,PMC9822887
36610719,PMC10036105
36611031,PMC9825391
36614215,PMC9820968
36618265,PMC9800263
36618549,PMC9811170
36619973,PMC9813790
36620547,PMC9811817
36620589,PMC9815773
36622166,PMC9927364
36629846,
36631435,PMC9834298
36631436,PMC9834230
36632736,PMC10153542
36632741,PMC10067438
36634204,
36635503,PMC7614190
36638271,PMC9982580
36639156,PMC9843227
36639375,PMC9839707
36640322,
36640339,PMC10023214
36640353,PMC9983329
36644159,PMC9811623
36645669,PMC10069959
36646704,PMC9842760
36646721,PMC9842736
36646789,PMC10280815
36646807,PMC10050078
36648874,PMC9844349
36650715,PMC10257427
36651165,
36652476,PMC9942844
36656864,PMC9942916
36657447,PMC9975229
36657718,PMC10123523
36662621,PMC10034851
36662812,PMC10071820
36670046,PMC10174082
36670102,PMC9859827
36671500,PMC9855408
36672163,PMC9856319
36672296,PMC9856939
36672483,PMC9856933
36672507,PMC9856774
36674619,PMC9865623
36674782,PMC9866425
36675007,PMC9864224
36681663,PMC9867751
36681667,PMC9867714
36681680,PMC9867739
36683218,PMC10015868
36683360,
36688618,
36689549,PMC9894539
36690660,PMC9870911
36690678,
36691066,PMC9869543
36691073,PMC9869538
36692026,PMC9994476
36692427,PMC10159884
36695714,PMC9875743
36696357,PMC10089698
36697384,PMC9876890
36697763,PMC10281864
36698412,PMC9869957
36703078,PMC10050318
36703790,PMC9871987
36707513,PMC9883437
36707636,PMC10050422
36709316,PMC9884267
36710986,PMC9851840
36711639,PMC9882314
36711898,PMC9882399
36711964,PMC9881972
36713377,PMC9878562
36713444,PMC9880221
36713447,PMC9880309
36715448,PMC9975943
36717657,PMC10066387
36717749,PMC9970874
36717865,PMC9885631
36719743,PMC9974098
36720985,PMC9889754
36721776,PMC9884480
36722641,PMC9994481
36724371,
36725335,PMC9896012
36725887,PMC10020086
36726110,PMC9890748
36727080,PMC9885177
36727462,PMC10085708
36732502,PMC9895061
36732659,PMC10038803
36733385,PMC9887047
36733939,PMC9887525
36734633,PMC10164114
36737605,PMC9898537
36738481,PMC9931929
36738487,
36740715,PMC9900953
36741364,PMC9893774
36741386,PMC9889994
36742369,PMC9894309
36744875,PMC10061278
36744959,PMC9972995
36746947,PMC9902469
36747009,PMC10040430
36748835,PMC10166950
36749725,PMC9962931
36749880,PMC10106446
36750850,PMC9903620
36750933,PMC9906866
36753549,PMC9908025
36754452,PMC9923360
36755029,PMC9908899
36760809,PMC9905101
36762421,PMC10068322
36763002,PMC10150294
36763038,
36763664,PMC9916992
36765030,PMC9918532
36765089,PMC9918503
36765275,PMC9912664
36765586,PMC9913151
36765607,PMC9913791
36765632,PMC9913094
36765641,PMC9913490
36765934,PMC9913240
36766715,PMC9913072
36768509,PMC9916479
36768931,PMC9916813
36773293,PMC10412738
36778300,PMC9915804
36778670,PMC9903773
36779660,PMC10086583
36780189,PMC10150249
36780531,PMC9974476
36781122,PMC10124907
36781850,PMC9925443
36787739,PMC10027473
36789562,PMC10140480
36790391,PMC10159921
36791206,PMC10394757
36792603,PMC9932062
36792756,PMC10063447
36793594,PMC9924231
36794620,PMC10074077
36794732,PMC10018333
36795123,PMC10992486
36795484,PMC10070116
36795488,PMC10070110
36795828,
36795892,PMC10192102
36796016,PMC10356559
36797228,PMC9935627
36801810,PMC9939006
36803014,
36803359,PMC9943069
36804058,PMC10088869
36805487,PMC10086488
36805688,PMC9941105
36805958,PMC12440294
36806717,PMC9941101
36808651,PMC10280150
36809527,PMC9942993
36810084,PMC9945734
36810912,PMC10133394
36810913,PMC10133251
36812168,PMC9946261
36812891,PMC9975322
36813855,
36813992,PMC10079532
36815831,PMC10062149
36818041,PMC9932530
36820829,PMC9998965
36820942,PMC9950315
36820956,PMC10651666
36821441,PMC10187541
36823188,PMC9950448
36825655,
36828454,PMC9967916
36831273,PMC9953995
36831504,PMC9954515
36831511,PMC9954024
36831670,PMC9954103
36834787,PMC9965631
36835153,PMC9960582
36835575,PMC9959880
36839713,PMC9965446
36840413,PMC10236617
36841242,PMC9998367
36841751,PMC9960622
36842241,PMC9988660
36845138,PMC9948397
36845400,PMC9953141
36846090,PMC9949381
36847506,PMC10238656
36847778,PMC10152236
36848231,PMC9989506
36849492,PMC9970971
36849558,PMC10014585
36849569,PMC9971191
36850002,PMC9972689
36851842,
36856111,PMC9974104
36857322,PMC9977000
36857449,PMC9977177
36858798,PMC9979842
36859531,PMC9977882
36863257,PMC9996234
36863485,PMC10009278
36864028,PMC9981766
36864036,PMC9981735
36864190,PMC10337234
36864748,PMC10201430
36864831,PMC9973753
36865165,PMC9980116
36867699,PMC9984177
36867943,PMC10011425
36868311,PMC10141529
36869665,PMC10123092
36874405,PMC9980915
36877164,PMC10192194
36877839,PMC10089184
36877894,PMC10315622
36879456,
36880649,PMC9995119
36883564,PMC10077471
36884350,
36888606,PMC9994711
36888719,PMC9995073
36889366,
36891511,PMC9986276
36893152,PMC9997903
36893266,PMC10089188
36893606,
36894542,PMC9998619
36894562,PMC9998874
36897777,PMC10164416
36898846,PMC10236632
36899402,PMC10007801
36899893,PMC10001195
36900375,PMC10001201
36905762,
36907523,PMC10330865
36909617,PMC10002699
36914661,PMC10011561
36914816,PMC11090616
36915147,PMC10009947
36916958,PMC10236639
36918565,PMC10015053
36918934,PMC10012465
36919699,PMC10014113
36920904,PMC10312363
36921044,PMC10017050
36922589,PMC10157896
36922594,PMC10060163
36922625,
36922678,PMC10154218
36923279,PMC10010308
36923282,PMC10010304
36923308,PMC10010305
36923505,PMC10010175
36923642,PMC10009272
36924503,PMC10132239
36928090,PMC10065067
36928381,PMC10069918
36928921,PMC10233355
36929052,
36929268,PMC10073409
36930354,PMC10020776
36931259,
36934090,PMC10024699
36934105,PMC10024721
36936029,PMC10018273
36937440,PMC10016690
36939385,PMC10236151
36941223,PMC10190619
36941700,PMC10026484
36944332,
36944729,PMC10162941
36945054,PMC10031988
36947815,PMC10447518
36949154,PMC10169647
36951687,PMC10233356
36959276,PMC10036655
36959559,PMC10035137
36960065,PMC10028613
36961421,PMC10085619
36961502,PMC10089660
36964168,PMC10039058
36966162,PMC10039922
36967673,PMC10330468
36968081,PMC10034127
36969081,PMC10036843
36969743,PMC10035388
36970205,PMC10031260
36971100,
36973243,PMC10042869
36973285,PMC10042811
36973430,PMC10320414
36973442,PMC10522050
36975376,PMC10245036
36976623,PMC10155186
36977660,PMC10050073
36980247,PMC10047333
36980293,PMC10047149
36980601,PMC10046356
36980623,PMC10046470
36980717,PMC10046547
36980794,PMC10046966
36982223,PMC10049738
36982353,PMC10049485
36982699,PMC10057398
36985425,PMC10051992
36986483,PMC10055708
36987696,PMC10165358
36990046,PMC10149623
36991126,PMC10929664
36991492,PMC10053147
36993416,PMC10055546
36993637,PMC10055367
36993734,PMC10055071
36993823,PMC10042642
36994207,PMC10042075
36996251,PMC10062614
36997534,PMC10063626
37002311,PMC10066286
37005661,PMC10067241
37007025,PMC10063822
37009655,PMC10183818
37012202,
37012431,PMC10070455
37013051,PMC10066269
37015223,PMC10151063
37015919,PMC10073109
37017521,PMC10134826
37018400,PMC10075970
37018663,PMC10651879
37019933,PMC10076346
37020039,PMC10202808
37020040,PMC10231978
37024456,PMC10079981
37024465,PMC10079662
37024475,PMC10079833
37024489,PMC10079688
37024492,PMC10079670
37024667,PMC10241889
37025992,PMC10071028
37026485,PMC10287901
37028765,PMC10235437
37029109,PMC10082046
37029299,PMC10205688
37032358,PMC10084643
37034672,PMC10081170
37036970,PMC10120025
37037902,PMC12657104
37038004,PMC10867901
37038094,PMC10238178
37040510,PMC10076022
37041150,PMC10090121
37041154,PMC10090190
37041291,PMC10089381
37041757,PMC10083037
37044092,PMC10140599
37044095,PMC10140479
37046668,PMC10093618
37051592,PMC10083302
37057595,PMC10107402
37059993,PMC10105442
37060086,PMC10105475
37061003,PMC10200990
37061993,
37063293,PMC10103842
37066339,PMC10104048
37066392,PMC10104025
37067901,PMC10287063
37067905,PMC10150290
37069142,PMC10110550
37069244,PMC10108816
37070193,PMC10570044
37070602,PMC10250242
37074069,
37075701,PMC10140619
37075754,PMC10676289
37076563,PMC10241923
37076617,PMC10494520
37077651,PMC10106490
37079685,PMC10184553
37080958,PMC10119091
37080995,PMC10119322
37081536,PMC10116837
37081973,PMC10112511
37082139,PMC10112333
37082446,PMC10111022
37082594,PMC10074950
37083495,PMC10121226
37086018,
37086619,PMC10214302
37087499,PMC10122670
37088308,PMC10540088
37088914,PMC10330144
37089813,PMC10113877
37090117,PMC10113697
37090516,PMC10120620
37091166,PMC10118028
37092726,PMC10195082
37093643,PMC10509663
37094128,PMC10161095
37094356,
37094986,PMC10152059
37095099,PMC10125982
37095108,PMC10126012
37095322,
37096022,PMC10119213
37096036,PMC10121464
37100882,PMC10132433
37101292,PMC10131372
37101545,PMC10123273
37101794,PMC10124545
37102148,PMC10123345
37105989,PMC10140023
37106027,PMC10140281
37106163,PMC10244166
37107179,PMC10134992
37108567,PMC10138523
37114129,PMC10126367
37115755,PMC10146571
37115930,PMC10146891
37116489,PMC10246400
37117173,PMC10147924
37117180,PMC10147683
37120492,PMC12974647
37123243,PMC10139981
37124288,PMC10131203
37126443,PMC10165445
37126722,PMC10175842
37127185,
37127876,PMC10320481
37128608,PMC10148121
37129912,PMC10330305
37130519,
37134154,PMC10327536
37137901,PMC10156813
37138086,PMC10191851
37138231,PMC10157937
37138342,PMC10155448
37139660,PMC10354410
37140208,PMC10330100
37140445,PMC10326602
37140987,PMC10326635
37142563,PMC10160047
37143315,PMC10545633
37144468,PMC10325891
37144485,PMC10250239
37146246,
37148657,PMC10192941
37149550,PMC11302389
37149664,PMC10275754
37149684,PMC10163863
37149697,PMC10164164
37150829,PMC10165825
37152294,PMC10154691
37153563,PMC10160608
37155905,PMC10193960
37157887,PMC10352575
37158111,PMC10281256
37158258,PMC10325893
37159666,PMC10163020
37160509,PMC10224850
37160896,PMC10170154
37161413,PMC10170761
37163118,PMC10168214
37165028,PMC10172325
37165578,PMC10172618
37169394,PMC10351893
37169803,PMC10175545
37170094,PMC10173629
37170591,PMC10184595
37171793,PMC10369244
37171962,PMC10789500
37173391,PMC10307860
37175448,PMC10178141
37175499,PMC10178772
37175611,PMC10178757
37178919,PMC10276293
37180705,PMC10169565
37180822,PMC10170244
37182177,PMC10172585
37183231,PMC10183461
37184294,PMC10477446
37184661,PMC10130768
37186134,PMC10131295
37187035,
37188691,PMC10185550
37188782,
37191188,
37191430,PMC10187708
37192689,PMC10393550
37193047,PMC10120309
37193066,PMC10134197
37194236,PMC10362418
37197417,PMC10183591
37198207,PMC10192213
37198397,
37198486,PMC11089809
37198667,PMC10189913
37200093,PMC10313367
37201585,PMC10300262
37202403,PMC10195817
37202476,PMC10442230
37202505,PMC10307777
37203407,PMC10525038
37205188,PMC10188209
37205634,PMC10391328
37205767,PMC10231436
37205917,PMC10189853
37207208,PMC10189148
37207275,PMC10189274
37208522,PMC10198946
37210549,PMC10199551
37210576,PMC10199584
37210723,PMC10558134
37213231,PMC10197148
37213235,PMC10199266
37216282,PMC10390889
37216554,PMC10235939
37217509,PMC10203345
37217794,PMC10203136
37217832,PMC10401103
37222921,PMC11189370
37223471,PMC10202379
37224259,PMC10208568
37224458,PMC10598502
37224504,PMC10251300
37224811,
37224962,PMC10404622
37225681,PMC10209196
37225988,PMC10330936
37228396,PMC10203593
37228489,PMC10203545
37228617,PMC10203401
37228746,PMC10203276
37229187,PMC10203238
37231147,PMC10300158
37231509,PMC10210354
37235653,PMC10219591
37237981,PMC10215874
37240841,PMC10222048
37243147,PMC10222578
37243602,PMC10227443
37244259,
37244387,
37244935,PMC10224928
37246217,PMC10226260
37246777,PMC10547517
37248394,PMC11290463
37248411,
37249603,PMC10527578
37252797,PMC10313365
37253733,PMC10229544
37253812,PMC10229614
37254542,
37254625,PMC10410012
37255666,PMC10225930
37257451,PMC10330838
37257453,PMC11623308
37257820,PMC10302167
37258666,PMC10322706
37259596,PMC10308372
37260601,PMC10227372
37261072,PMC10229062
37266453,PMC10229898
37267414,PMC10439712
37267914,PMC12356769
37267946,PMC10592471
37268609,PMC10238480
37270643,PMC10239489
37270717,PMC10239741
37270827,
37271891,PMC10427370
37275275,PMC10233889
37277347,PMC10241821
37280220,PMC10244450
37280243,PMC10244396
37285225,PMC10880589
37286593,PMC10322720
37286718,PMC10247738
37288663,PMC10259508
37289547,PMC10388724
37290673,PMC10336528
37291189,PMC10250384
37291514,PMC10251551
37292732,PMC10245909
37292902,PMC10245971
37293029,PMC10246234
37293153,PMC10244102
37293157,PMC10244119
37293282,PMC10244518
37293858,
37293985,PMC10450200
37295428,
37296231,PMC10251336
37299011,PMC10254915
37301236,PMC10527610
37301844,PMC10257648
37306872,PMC10725347
37310791,PMC10443813
37311463,PMC11138481
37316891,PMC10265820
37317894,PMC10690916
37318881,PMC10443801
37322158,
37323577,PMC10261899
37325564,PMC10267411
37326110,PMC10552691
37327122,PMC10582835
37328838,PMC10273529
37329883,
37329887,PMC10712687
37330596,PMC10348910
37333199,PMC10274685
37334274,PMC10274570
37334577,
37339182,
37342880,PMC10398896
37343108,PMC10284557
37343316,
37344645,PMC10284692
37345586,PMC10460854
37347298,PMC10287828
37347559,PMC10378179
37349312,PMC10287625
37349576,PMC10287694
37349582,PMC11048738
37349586,PMC10690756
37350063,PMC10475773
37351164,PMC10283056
37352376,PMC10472100
37354905,
37354906,
37355462,
37359548,PMC10286830
37363949,
37363990,PMC10502454
37365294,PMC10400418
37365497,PMC10294399
37369199,PMC10483886
37369679,PMC10300122
37370789,PMC10296623
37370820,PMC10296284
37371198,PMC10297134
37372991,PMC10298330
37377594,PMC10291054
37377895,PMC10173889
37378317,PMC10291510
37378662,PMC10530462
37379316,PMC10335657
37379322,PMC10335695
37379335,PMC10335677
37379838,PMC10527483
37380560,
37381036,PMC10303866
37381158,PMC10307995
37381778,PMC10690890
37382239,PMC10425849
37382635,PMC10901109
37384526,PMC10530208
37384539,PMC10592446
37385999,PMC10310788
37386030,PMC10310817
37386564,PMC10311836
37387446,PMC10552708
37388918,PMC10300607
37390815,
37390992,PMC10388210
37391426,PMC10313823
37393256,PMC10315050
37393564,PMC10316737
37394666,PMC10315372
37396509,PMC10308161
37397079,PMC10308004
37398114,PMC10312425
37399271,
37400371,PMC10502849
37400526,PMC10318066
37400539,
37400551,PMC10317990
37400936,PMC10318715
37402719,PMC10319804
37405924,PMC10345188
37407287,PMC10960568
37407562,PMC10322837
37407817,PMC7616780
37407818,PMC10804446
37408474,PMC10552899
37409967,PMC10544006
37414748,PMC10325985
37414755,PMC10326026
37415222,PMC10324131
37416481,PMC10319845
37416876,PMC10319625
37418548,PMC7614848
37418588,PMC10766198
37421947,PMC10394170
37422057,PMC10528899
37423299,PMC10415704
37424514,PMC10481650
37425300,PMC10324034
37425649,PMC10328139
37425921,PMC10327164
37427784,PMC10484665
37428871,PMC10506108
37429859,PMC10333368
37429899,PMC10333219
37430322,PMC10332038
37431681,PMC10502857
37433032,PMC10592351
37433783,PMC10336078
37434064,
37434223,PMC10334619
37434394,PMC10508140
37435088,PMC10331425
37436963,PMC10708934
37437844,PMC10407908
37438529,
37440313,PMC10445684
37442129,PMC10527981
37442610,PMC11066933
37443031,PMC10339543
37443146,PMC10344964
37443183,PMC10344951
37444413,PMC10340317
37444425,PMC10340580
37445678,PMC10342093
37446144,PMC10341502
37447165,PMC10343266
37449843,PMC10401074
37450351,PMC10543960
37451269,PMC10439176
37452103,PMC10457202
37452432,PMC10502815
37452493,PMC10492030
37454216,PMC10349869
37455012,PMC10561473
37455825,PMC10344902
37456058,PMC10345356
37456235,PMC10348659
37456245,PMC10339804
37457440,PMC10344636
37459541,PMC10372636
37460542,PMC10352384
37460547,PMC10352330
37461053,PMC10351155
37461596,PMC10350042
37462077,PMC10484680
37463047,PMC10471171
37463119,
37463886,PMC10355683
37463954,PMC10354070
37466203,PMC10631484
37466381,PMC10528290
37467106,PMC12369075
37467751,PMC11426993
37468459,PMC10356808
37468549,PMC10406836
37468678,
37468903,PMC10357658
37469404,PMC10352653
37471053,PMC10351952
37474760,PMC10359273
37475161,PMC10776113
37476073,PMC10355222
37476710,PMC10355101
37478190,PMC10361597
37478845,PMC10427207
37478846,PMC11134608
37478857,PMC10439175
37479744,PMC10406883
37480151,PMC10362738
37484809,PMC10357443
37486978,PMC10592247
37486991,PMC10708924
37487081,PMC10400976
37488172,PMC10366142
37488217,PMC10406948
37489617,PMC10481664
37491482,PMC10368693
37491786,PMC10552891
37492374,PMC10365026
37493258,PMC10811744
37494662,PMC10415566
37495108,PMC10470218
37495566,PMC10372068
37495688,PMC10749586
37495707,PMC10372009
37497782,PMC10450196
37499655,PMC7617767
37500667,PMC10374577
37500770,
37500797,PMC10457189
37500885,PMC11344484
37503036,PMC10370004
37503329,PMC10373511
37505720,PMC10467105
37506213,PMC10381945
37509213,PMC10377524
37509532,PMC10376778
37511268,PMC10380654
37511533,PMC10381016
37515107,PMC10385720
37516102,PMC10540565
37519886,PMC10373930
37520723,PMC10372835
37523412,PMC10431621
37523894,
37524969,PMC10702411
37525271,PMC10388463
37525619,PMC10523980
37527013,PMC10592192
37528066,PMC11113081
37528120,PMC10394034
37528470,PMC10394822
37531234,
37532687,PMC10397263
37532694,PMC10397262
37534243,PMC10393035
37534996,PMC10530235
37536977,PMC10400885
37536978,PMC10400884
37537844,PMC10551040
37540187,PMC10789383
37540379,PMC10403410
37540752,PMC10403220
37541244,PMC10957226
37542342,PMC10403887
37547760,PMC10398401
37548590,
37549269,PMC10438836
37550422,
37552122,PMC10632609
37552603,
37552839,PMC10618744
37552884,PMC10641717
37553362,PMC10409759
37553760,PMC10551668
37554444,PMC10405256
37554544,PMC10405248
37557181,
37558130,
37558663,PMC10412649
37558679,PMC10412622
37558778,PMC10412564
37559436,PMC10559933
37560971,
37561850,PMC10901463
37563240,PMC10427431
37564203,PMC10411475
37566008,PMC10417439
37567892,PMC10421911
37567908,PMC10421936
37567965,PMC10421868
37568598,PMC10417317
37568601,PMC10417113
37572669,PMC10802846
37573395,PMC10423279
37576552,PMC10415680
37578563,PMC10425521
37579157,PMC10450654
37580343,PMC10425377
37581927,PMC10541186
37582760,PMC10427652
37584250,PMC10626282
37584455,PMC10620129
37585496,PMC10618650
37586318,PMC10439276
37587486,PMC10428599
37589744,PMC11072515
37591242,PMC10592106
37591832,PMC10435570
37591854,PMC10435520
37592256,PMC10433649
37594294,
37595040,PMC10438466
37595058,PMC10587712
37595559,PMC10494788
37596305,PMC10439187
37597186,PMC10528072
37598220,PMC10439933
37598287,PMC10439889
37599362,PMC10440921
37599787,PMC10434289
37600810,PMC10436492
37600821,PMC10433160
37601099,PMC10433913
37607000,PMC10561729
37608777,PMC10772526
37610425,PMC10446824
37611058,PMC10467572
37612043,PMC10450042
37612286,PMC10447552
37612293,PMC10447535
37620345,PMC10449895
37620362,PMC10449923
37620410,PMC10575865
37620449,
37620794,PMC10464112
37621654,PMC10445169
37621719,PMC10448704
37622004,PMC10445461
37623434,PMC10733837
37624915,
37626035,PMC10457341
37626123,PMC10457349
37626157,PMC10457345
37629110,PMC10455220
37635201,PMC10602580
37636315,PMC10448856
37638022,PMC10449448
37638746,PMC10602887
37639465,PMC10491404
37639593,PMC10483665
37640841,PMC10495261
37641472,PMC10523979
37642311,
37643213,PMC10483632
37643244,
37644036,PMC10465527
37645799,PMC10461970
37647592,PMC10685165
37647805,PMC10474232
37651233,PMC10591794
37652985,PMC10727983
37653482,PMC10472681
37655663,PMC10471174
37658059,PMC10474299
37660055,PMC10475075
37661238,PMC10475463
37661576,PMC10602519
37663774,PMC10470355
37663929,PMC10470473
37664243,PMC10471487
37664656,PMC10472046
37664913,
37666821,PMC10477243
37666938,PMC10541324
37667226,PMC10476395
37667380,PMC10476325
37668846,PMC10480386
37669398,PMC10747475
37670388,PMC10478283
37670785,PMC10475482
37671061,PMC10475991
37671834,PMC10561178
37673071,PMC10545938
37674118,PMC10481509
37674987,PMC10477067
37675104,PMC10479946
37676710,PMC10714140
37680473,PMC10480778
37680627,PMC10482094
37681034,PMC10480688
37681284,PMC11077001
37682252,PMC10690046
37682902,PMC10490896
37683180,PMC10667349
37684337,PMC10491589
37686063,PMC10488213
37686244,PMC10487975
37686559,PMC10486472
37686604,PMC10486903
37688811,
37689690,PMC10492836
37689814,PMC10657401
37693056,PMC10487333
37693069,PMC10487315
37693622,PMC10491179
37694973,PMC10618745
37695044,PMC10843145
37695642,PMC10870201
37695911,PMC10515173
37695916,PMC10515179
37696923,PMC10624609
37697350,PMC10496331
37697435,PMC10602868
37699931,PMC10497590
37702657,PMC10690099
37702821,PMC10567832
37705067,PMC10500735
37705505,PMC10561361
37707389,PMC10540743
37708024,PMC10598242
37708268,PMC7615126
37709865,PMC12051258
37712288,PMC10620765
37713484,PMC10881058
37713596,
37714135,PMC10508323
37714156,
37714256,PMC12165604
37716420,PMC10807983
37717087,PMC10505223
37721967,PMC10506724
37723150,PMC10507087
37723865,PMC12185045
37724990,PMC10618653
37726790,PMC10510196
37727007,PMC10665781
37727809,PMC10505653
37729426,PMC10841254
37729428,
37729615,PMC10787250
37731000,PMC10845139
37731500,PMC10507244
37732899,PMC10552704
37732905,PMC10557868
37734378,PMC10591033
37734383,PMC7618569
37735529,PMC10514280
37735617,PMC10643139
37736739,PMC10515011
37737260,PMC10561724
37737266,PMC10561733
37738652,PMC10731920
37738983,PMC10750313
37740179,PMC10517594
37740239,PMC10517487
37743227,PMC10751434
37743465,PMC10518106
37744032,PMC10514451
37744266,PMC10513942
37745296,PMC10513103
37746265,PMC10514905
37746636,PMC10516711
37747131,PMC10695175
37747726,PMC10843040
37747799,
37747887,PMC10553841
37748077,PMC10556593
37748190,
37748191,PMC10762338
37748809,PMC10520261
37749132,PMC10520073
37749143,PMC10519979
37749246,
37750583,PMC10727235
37751307,PMC10645393
37752791,PMC10522973
37754762,PMC10617507
37756163,PMC10842372
37759202,PMC10523799
37759388,PMC10625110
37760589,PMC10526458
37760992,PMC10526264
37766429,PMC10638453
37766669,PMC10701619
37766871,PMC10520556
37766974,PMC10520325
37766977,PMC10520879
37767562,PMC11063839
37767768,PMC10772542
37770115,PMC10539465
37776595,PMC10542011
37776708,PMC10558795
37777587,PMC10543387
37781045,PMC10535695
37781087,PMC10540884
37781194,PMC10539572
37781195,PMC10534007
37781246,PMC10540236
37781575,PMC10541123
37781951,PMC10646561
37782774,PMC10787272
37782797,PMC10576122
37783880,PMC10545701
37786278,PMC10646254
37788095,PMC10721316
37788309,PMC10576098
37790936,PMC10544577
37791873,PMC10639082
37792516,PMC10576143
37792528,
37794021,PMC10550934
37794795,PMC10985450
37795087,PMC10546312
37795297,PMC10545859
37796107,PMC10851871
37797616,PMC10591055
37798251,PMC10555731
37801604,PMC10758694
37801613,PMC10841833
37801904,
37803324,PMC10557262
37803333,PMC10557167
37805599,PMC10560238
37805627,PMC10560290
37806842,PMC12848658
37807875,PMC10630882
37813880,PMC10562493
37815914,PMC11972006
37816090,PMC10939449
37816999,PMC10657471
37817112,PMC10563293
37818050,PMC10560959
37819236,PMC10690098
37819760,PMC10710687
37821451,PMC10567730
37821641,
37821650,PMC10567710
37821954,PMC10566127
37822765,PMC10563787
37823593,PMC10639071
37823778,PMC10658857
37828611,PMC10724427
37828983,PMC10565654
37829185,PMC10565211
37830622,PMC10572302
37831104,PMC10681714
37831776,PMC10575591
37833281,PMC10576091
37833915,PMC10572120
37834026,PMC10572670
37834325,PMC10573497
37834393,PMC10574000
37835373,PMC10571671
37835407,PMC10571831
37838732,PMC10576810
37838759,PMC10681904
37838767,PMC10576747
37838783,PMC10576744
37842093,PMC10569302
37842807,PMC10850822
37845207,PMC10579265
37845284,PMC10681893
37845394,PMC10656285
37847613,PMC10876042
37847647,PMC10919334
37849446,PMC10766209
37850636,PMC10639076
37851577,PMC10710265
37852185,PMC10591064
37852796,PMC10691474
37852959,PMC10585006
37852997,PMC10585003
37856423,PMC10631482
37857083,
37858159,PMC10585874
37858684,
37860756,PMC10582486
37861293,PMC10621483
37863665,PMC10700682
37863889,PMC10589265
37867415,PMC10766207
37868053,PMC10586292
37871223,PMC10622969
37872136,PMC10593957
37873453,PMC10592681
37874327,PMC10758692
37874744,PMC11874253
37875502,PMC10598004
37877568,PMC10861173
37877779,PMC10850947
37878724,PMC10622895
37880212,PMC10600207
37880243,PMC10600173
37880276,PMC10600210
37880368,PMC10709823
37880800,PMC10601155
37881607,PMC10596068
37882661,PMC10767305
37883374,PMC10602306
37886470,PMC10602086
37888615,PMC10631766
37889078,PMC10711448
37889103,
37890156,PMC10873536
37894327,PMC10605125
37898647,PMC10613289
37899130,PMC10619028
37900177,PMC10603190
37902007,PMC10701603
37902422,PMC10629394
37903757,PMC10616288
37903887,PMC10663165
37904045,PMC10824665
37904244,PMC10614391
37905039,PMC10614109
37906251,PMC10895998
37906252,PMC10896004
37906280,PMC10795835
37906431,PMC10842725
37907747,PMC10689813
37909041,PMC10694618
37909334,PMC10617776
37910503,PMC10872598
37914704,PMC10620198
37914766,PMC10620412
37915591,PMC10616323
37916165,PMC10616253
37917159,PMC10760968
37920438,PMC10618930
37921547,PMC10872601
37922359,PMC10624352
37922452,
37922899,PMC11307202
37923138,PMC10716579
37923364,PMC10823279
37924145,PMC10623725
37925421,PMC10625632
37925449,PMC10625625
37925520,PMC10625637
37928274,PMC10620823
37928520,PMC10622787
37928527,PMC10620935
37930255,PMC10831340
37930852,
37931033,PMC10932877
37931958,PMC10628041
37932786,PMC10626670
37934799,PMC10772538
37934854,PMC10912009
37935654,PMC10630337
37937685,PMC10701626
37938576,PMC10632431
37938580,PMC10632519
37938582,PMC10632377
37938770,PMC11000523
37938973,PMC10841603
37940068,PMC10710875
37940970,PMC10634184
37941135,PMC10711537
37944712,
37945692,PMC10776398
37945829,PMC12060179
37945904,PMC10709142
37947765,
37948630,
37949350,
37949939,PMC10638415
37949965,PMC10638439
37950281,PMC10636825
37951219,PMC10694669
37951547,PMC11065478
37952025,PMC10640628
37953462,PMC10787103
37953789,PMC10634331
37955987,
37956386,PMC10641589
37957624,PMC10642054
37957642,PMC10644419
37958662,PMC10647455
37961132,PMC10635082
37963210,
37963469,PMC10842074
37964075,PMC10645739
37964967,PMC10641312
37965134,PMC10641260
37967116,
37967200,PMC10954288
37967356,PMC10824694
37968277,PMC10651858
37969730,PMC10638501
37972124,
37973845,PMC10654398
37973913,PMC10654515
37974198,PMC10652464
37977121,
37978271,PMC10656496
37979170,PMC10872270
37980347,PMC10657414
37980563,PMC10842852
37983931,PMC10659770
37984255,PMC10689956
37986851,PMC10659336
37987160,PMC10711654
37990867,PMC10740172
37991020,PMC10721329
37991442,PMC10728009
37992162,PMC10664989
37992175,PMC10664984
37992683,PMC10694666
37992684,PMC10694768
37993417,PMC10783513
37993606,PMC10665353
37995182,PMC10809936
37995682,
37995700,PMC10724073
37996430,PMC10667525
37996944,PMC10666437
37999506,PMC10674794
38001082,PMC10673935
38001496,PMC10675921
38001614,PMC10670741
38001705,PMC10670470
38003293,PMC10670992
38003505,PMC10671558
38003570,PMC10671213
38003603,PMC10671279
38003720,PMC10671709
38007238,PMC10680002
38007473,PMC10676390
38007497,PMC10676392
38009935,PMC10746160
38011562,PMC10710093
38011567,PMC10710020
38012150,PMC10682409
38012744,PMC10680327
38014454,PMC10788478
38015024,PMC10787067
38015476,PMC10810216
38016478,PMC10922308
38016946,PMC10684515
38016952,PMC10684895
38017133,PMC10798890
38017134,PMC10798901
38019914,PMC10686565
38020298,PMC10655063
38022675,PMC10630910
38023205,PMC10661887
38023254,PMC10643534
38023731,PMC10653028
38025785,PMC10663830
38026169,PMC10654598
38028203,PMC10661451
38028209,PMC10652209
38029291,
38029383,PMC10918493
38030186,
38030304,PMC10689408
38030378,PMC10985475
38030596,PMC10686983
38030698,PMC10686982
38030789,PMC10798893
38033043,PMC10688619
38035793,PMC10849364
38036507,PMC10689482
38036539,PMC10689851
38036546,PMC10689488
38036593,PMC10689788
38037844,PMC10870039
38038966,
38038968,PMC10939928
38039364,PMC10691777
38040819,PMC10692156
38041015,PMC10690983
38043141,
38047585,PMC10905675
38049564,PMC10824661
38049566,PMC10716049
38049829,PMC10694946
38051586,PMC10906458
38053639,PMC10694670
38054553,
38056463,
38057328,PMC10700369
38058213,PMC11063848
38058548,PMC10696645
38058844,PMC10695772
38060314,PMC10906219
38060444,
38061356,PMC11031350
38063270,PMC10739986
38065062,PMC11090011
38066116,PMC10709344
38066476,PMC10709939
38067135,PMC10706378
38067284,PMC10705808
38068914,PMC10706153
38071198,PMC10710461
38071343,PMC10710492
38074683,PMC10699862
38078628,
38082211,PMC11219422
38086797,PMC10716401
38086808,PMC10716181
38087090,PMC11663416
38089570,PMC10711388
38090581,PMC10711208
38091010,PMC10905513
38092518,PMC10760643
38092740,PMC10719380
38092960,
38093017,
38093528,PMC10719540
38095019,PMC10810560
38095536,PMC10831336
38095636,PMC10756121
38096371,PMC11033588
38098488,PMC10720318
38102116,PMC10724271
38102140,PMC10724275
38102750,PMC10911704
38103553,
38104152,PMC10725435
38104197,PMC10725437
38109320,PMC10899759
38109528,PMC10756296
38109551,PMC10756302
38110397,PMC10728430
38110836,PMC10853725
38112323,PMC10732628
38113139,
38113256,PMC10756272
38114495,PMC10730894
38114518,PMC10730562
38115140,PMC10729563
38115217,PMC10920084
38118405,PMC10772578
38118413,PMC10772459
38123820,
38124624,PMC11141680
38126767,PMC10831031
38128534,PMC10829737
38134284,PMC10745716
38135180,PMC10957314
38137006,PMC10743217
38139463,PMC10743977
38141761,PMC10826185
38141874,PMC10957329
38143926,PMC10740207
38144452,PMC10746524
38144458,PMC10746371
38147552,PMC10769850
38155938,PMC10752374
38157193,
38161998,PMC10757602
38163893,PMC10759666
38167013,PMC10759487
38167059,PMC10759768
38167224,PMC10763072
38167338,PMC10761733
38167409,PMC10762148
38167611,PMC10761554
38167704,PMC10761673
38167707,PMC10762263
38167811,PMC10762027
38167913,PMC10762078
38168093,PMC10761971
38168280,PMC10760218
38168450,PMC10760190
38168934,PMC11277537
38169284,PMC10805074
38169511,PMC10758052
38170076,PMC10758919
38170742,PMC10909712
38170787,PMC11222919
38172127,PMC10764810
38172189,PMC10764357
38172329,PMC10844093
38172915,PMC10765899
38177123,PMC10766990
38177134,PMC10766633
38177135,PMC10766984
38177283,
38179473,PMC10762504
38180812,PMC10954483
38182895,
38182898,PMC10873197
38182927,PMC10948365
38183802,PMC10809117
38183981,PMC10829792
38183983,PMC7618786
38184712,PMC10890933
38184854,PMC10857847
38186306,PMC10783938
38186738,PMC10770703
38187702,PMC10769395
38189137,PMC11193480
38189443,PMC10905673
38191171,PMC10870380
38191578,PMC10774266
38191874,PMC10897194
38192172,PMC11056703
38192816,PMC10772160
38193984,
38194275,PMC10904055
38195589,PMC10776622
38196537,PMC10772677
38197565,
38199493,
38200130,PMC11005318
38200227,PMC10864177
38201289,PMC10778492
38201556,PMC10778516
38203315,PMC10778820
38205254,PMC10776932
38206813,
38215077,PMC10786392
38215749,PMC11256978
38216082,
38216123,PMC10844973
38216720,PMC10912652
38216972,PMC10785552
38218188,PMC10872907
38219153,PMC10826422
38224452,PMC11014278
38225213,PMC10920092
38226395,PMC10789245
38226414,PMC10920984
38227578,PMC10817175
38227654,PMC10823247
38227740,PMC10791076
38227896,PMC11062818
38227944,PMC11024517
38229104,PMC10790388
38229201,PMC10966518
38233533,
38234228,PMC10928584
38234848,PMC10793472
38235672,PMC11003563
38237027,PMC11065592
38237887,
38238463,PMC10796923
38238517,PMC10796342
38238616,PMC10957466
38239078,PMC10797243
38239354,PMC10795195
38240084,PMC10807649
38240752,PMC10836196
38241700,
38241710,PMC10947874
38244726,PMC11034773
38245524,PMC10799922
38246924,PMC10800356
38247878,PMC10813953
38250805,PMC10801504
38252454,PMC12015978
38253539,PMC10803790
38254631,PMC10813206
38254728,PMC10813553
38255844,PMC10815705
38256047,PMC10815587
38260414,PMC10802285
38260476,PMC10802627
38261514,PMC10989277
38261975,PMC10899769
38262111,PMC10832471
38262412,PMC10897519
38263737,PMC11005810
38263873,PMC10987123
38264964,PMC10920090
38265267,PMC10863487
38266162,
38270135,PMC10829837
38271085,PMC10972597
38271660,PMC11103183
38272206,PMC11267985
38272230,PMC10878790
38272563,PMC10824073
38272889,PMC10810848
38272925,PMC10810843
38273014,PMC10811239
38275898,PMC10814785
38277141,
38277817,PMC10832482
38279317,PMC10816284
38279892,PMC11471288
38280376,PMC10897541
38280869,PMC10821902
38281186,PMC11039999
38281188,PMC10954444
38285760,
38286657,PMC10903949
38286993,PMC10825125
38287371,PMC10823730
38289962,PMC10861914
38290248,PMC10840335
38291183,PMC10991329
38291337,PMC7615734
38292204,PMC10825302
38294491,PMC10982645
38294692,PMC10987265
38294825,
38295180,PMC10830111
38295320,PMC10843272
38296976,PMC10830569
38296990,PMC10831118
38297160,PMC10907594
38297316,PMC10832218
38297352,PMC10829369
38299254,PMC10836505
38300710,PMC10977978
38300787,PMC11039986
38300798,PMC10846379
38301646,PMC10980358
38302992,PMC10835888
38303717,PMC10830889
38306270,PMC11026119
38306757,PMC10847378
38307029,PMC10897543
38307859,PMC10837126
38308096,PMC10942861
38308713,PMC10838262
38309274,PMC10960667
38309276,
38309505,PMC10907170
38310356,PMC10928303
38311010,
38312224,PMC10833458
38313057,PMC10835362
38315147,PMC10926898
38315842,PMC10873621
38316463,PMC10844523
38316746,PMC10844204
38316783,PMC10844330
38316881,PMC10948361
38317006,
38317241,PMC10840202
38319104,PMC10949430
38319157,
38319712,PMC11063936
38319732,PMC10940093
38319971,PMC10873596
38320753,
38321024,PMC10847093
38323273,PMC10839318
38325380,PMC10940019
38325381,PMC10897606
38325742,PMC10914488
38326311,PMC10850509
38326511,PMC10850500
38326737,PMC10851537
38327800,PMC10847745
38328043,PMC10849582
38328161,PMC10849468
38328238,PMC10849552
38328782,PMC10847906
38328795,PMC10849186
38329810,PMC10977994
38330990,PMC10857653
38334883,PMC10858134
38334950,PMC11018467
38335093,
38337036,PMC11192628
38338754,PMC10855129
38339062,PMC10855786
38339304,PMC10854992
38340557,PMC10869748
38341123,
38341472,PMC10959749
38342006,PMC11179984
38342602,PMC11022708
38344207,PMC10853425
38344447,PMC10857820
38345497,PMC10940857
38345740,
38346967,PMC10861560
38347539,PMC10863159
38347726,PMC10950277
38348130,PMC10860518
38351029,PMC10864366
38351181,
38351659,PMC11022703
38352301,PMC10862731
38352458,PMC10862711
38355577,PMC10868052
38355578,PMC10867020
38355749,PMC10940689
38355801,
38355937,PMC10867109
38357212,PMC10864809
38357662,PMC10865395
38359087,PMC11061584
38360199,
38360609,PMC10870504
38360757,PMC10870443
38360876,PMC10869703
38361046,PMC10978487
38363297,PMC11061609
38365636,PMC10870565
38365970,PMC10923901
38366255,PMC10933359
38366633,PMC11229528
38366847,PMC11226874
38368441,PMC10997508
38369516,PMC10874569
38369625,PMC10874937
38373953,PMC10875809
38373993,PMC10876663
38374113,PMC10875828
38377146,PMC10906895
38377149,PMC10906838
38377789,PMC10884776
38380370,PMC10876858
38381406,PMC11061603
38381607,
38381903,PMC11039982
38382868,
38383439,PMC10882889
38383447,PMC10880206
38383456,PMC10881493
38383514,PMC10882003
38383756,PMC10881536
38383964,PMC10982647
38384459,PMC10880187
38384512,PMC10878959
38384853,PMC10879698
38385626,PMC10919208
38386110,PMC10884080
38386308,PMC11224597
38387457,PMC10965243
38387809,
38388711,PMC10997519
38396241,PMC10891127
38398111,PMC10887138
38398123,PMC10886471
38401525,
38401548,PMC10982989
38402584,PMC11056028
38408246,PMC10927528
38410440,PMC10896393
38410462,PMC10896338
38410476,PMC10896403
38410799,PMC10896078
38412240,PMC11109984
38412255,PMC10949348
38413714,PMC11056319
38413979,PMC10898177
38413989,PMC10898065
38414005,PMC10898066
38415639,PMC11003234
38416644,PMC11005752
38416645,
38416769,PMC10927150
38416822,PMC10901378
38416830,PMC10901371
38417222,PMC10904907
38418614,PMC10901775
38418901,PMC10902356
38420012,PMC10899666
38421310,PMC10921914
38422953,
38426275,PMC11215345
38426579,PMC10914311
38428412,PMC11003464
38429415,PMC11058033
38431639,PMC10908861
38433910,PMC10904987
38434987,PMC10905391
38437725,PMC11143537
38437728,PMC11143533
38441406,PMC11077643
38441553,PMC11217726
38442018,PMC11022685
38443583,PMC10914811
38445807,PMC10915828
38446659,
38447451,
38447798,PMC10979113
38448164,PMC10916854
38448474,PMC10917780
38448751,PMC11058259
38451249,PMC11096054
38451815,PMC11101011
38451841,
38453939,PMC10920751
38453961,PMC10920785
38454121,PMC11073986
38454137,PMC11101692
38454145,PMC10987601
38454151,PMC10920818
38457355,PMC11181352
38457926,PMC11061227
38458187,PMC11407687
38458188,PMC11003852
38459513,PMC10921581
38460052,PMC10924746
38460130,PMC11372658
38460517,PMC10983040
38460944,PMC10968680
38461173,PMC10924974
38464081,PMC10925251
38464090,PMC10925438
38464251,PMC10925163
38467619,PMC10928104
38468267,PMC10929086
38468866,PMC10926944
38471084,
38471099,PMC12032584
38473214,PMC10930532
38473277,PMC10931202
38474004,PMC10932461
38474017,PMC10932104
38474054,PMC10931981
38474099,PMC10931687
38474453,PMC10934053
38475740,PMC10936014
38475864,PMC10935927
38476893,PMC10928976
38477352,PMC11109985
38478601,PMC10936879
38479160,
38480611,PMC11322236
38480701,PMC10937713
38480981,PMC11393183
38481282,PMC10938740
38481314,PMC10935831
38481566,PMC10933389
38481816,PMC10929202
38485816,PMC11021510
38485947,PMC10940622
38486859,PMC10938465
38487015,PMC10937836
38488001,PMC10940091
38490101,PMC10951899
38491910,PMC11132042
38493478,PMC11209755
38495179,PMC10943454
38495494,PMC10937275
38495618,PMC10940465
38499544,PMC10948791
38502193,PMC11060733
38503727,PMC10951355
38504985,PMC10948531
38506769,PMC11269029
38507413,PMC11025316
38508140,PMC10983107
38508144,PMC10983111
38509064,PMC10954758
38509407,PMC10954959
38510127,PMC10951988
38510131,PMC10952034
38510235,PMC10953820
38512451,PMC11093599
38512964,PMC11020935
38513139,PMC11112616
38513475,
38513665,PMC11058479
38514625,PMC10957915
38514847,PMC11094112
38515751,PMC10954780
38517892,
38519786,PMC11552442
38520088,PMC11187912
38521502,PMC11021963
38527495,PMC11061610
38530115,PMC11063762
38530197,PMC10993856
38532886,PMC10963253
38535994,PMC11094426
38536233,PMC10995630
38536911,PMC10971413
38536927,PMC10971493
38537344,
38537632,
38538106,PMC11073507
38538798,PMC11184678
38538832,PMC11331548
38539460,PMC10968860
38545803,PMC10974724
38546397,PMC11148540
38546787,PMC11093614
38547578,PMC10990714
38548267,
38553466,PMC10980816
38554031,PMC11300018
38554106,PMC11162805
38554704,PMC11031386
38555285,PMC10981752
38557192,PMC11009648
38560501,PMC10980945
38561347,PMC10984982
38561401,PMC10984980
38562830,PMC10983984
38563819,PMC10986815
38564048,PMC10987371
38564252,PMC10987088
38564636,PMC11009653
38565944,
38565950,PMC11066098
38566039,PMC10986035
38566104,PMC10988846
38566310,PMC10993922
38566431,PMC11132058
38568856,PMC10990114
38570028,
38570069,PMC11027574
38572553,PMC11367191
38572746,PMC11077067
38575753,PMC10995187
38580649,PMC10997609
38581044,PMC10998296
38584493,PMC11227973
38585724,PMC10996510
38586210,PMC10996034
38587186,PMC11162808
38587191,PMC11077057
38588409,PMC11063761
38588446,PMC11219265
38588697,PMC11111406
38591846,PMC11285331
38592213,PMC11090081
38593213,PMC11063688
38594444,PMC11165006
38594503,
38594504,PMC11108777
38599381,PMC11098960
38600345,PMC11094086
38600376,PMC11062918
38600391,PMC11062920
38600695,PMC11306514
38603701,PMC11008899
38604128,PMC11019358
38605040,PMC11009413
38605297,PMC11007937
38609495,PMC11073974
38612478,PMC11012216
38613165,
38615319,
38618952,PMC11014668
38619967,PMC11170631
38622115,PMC11018817
38622118,PMC11018778
38622714,PMC11020454
38623341,PMC11016778
38623630,PMC11365010
38625747,PMC11142735
38626341,PMC11064835
38627364,PMC11021500
38627586,PMC11073987
38627856,PMC11022481
38630167,
38630384,PMC11147834
38630934,
38632238,PMC11024179
38632316,PMC11147767
38632658,PMC11025237
38635661,PMC11025866
38635891,PMC11217736
38636893,
38637625,PMC11217363
38639919,PMC11215407
38643763,
38645113,PMC11030528
38647131,
38648067,PMC11293989
38649363,PMC11035551
38649367,PMC11035800
38649401,PMC11035649
38649438,
38649617,
38652550,PMC11142746
38653237,PMC11143475
38653773,PMC11039690
38653804,PMC11039474
38653823,PMC11039668
38653977,PMC11039679
38654107,
38656555,PMC11043103
38657050,PMC11067037
38657100,
38657118,PMC11250573
38657866,PMC11126936
38658162,PMC11182006
38658543,PMC11043461
38658764,PMC11078736
38658954,PMC11040784
38662435,PMC11178546
38662454,PMC11142752
38662542,PMC11284644
38662551,PMC11067025
38664416,PMC11045757
38664583,PMC12355809
38664594,PMC11148135
38665902,PMC11041705
38666079,PMC11044885
38668455,PMC11054796
38669046,PMC11104289
38670095,PMC11148643
38671504,PMC11046918
38672614,PMC11049522
38673926,PMC11050052
38675895,PMC11053470
38676947,PMC11229315
38678233,PMC11055323
38678957,
38680858,PMC11045967
38680862,PMC11047122
38681584,PMC11053192
38682900,PMC11057873
38683200,PMC11216872
38683861,PMC11081508
38684511,PMC11217054
38684650,PMC11058856
38684700,PMC11058782
38684876,PMC11058205
38687198,PMC11110724
38687617,PMC11142739
38688275,PMC11148642
38688280,PMC11102302
38688896,PMC11061154
38688897,PMC11061189
38688903,PMC11061294
38689334,PMC11060976
38690580,PMC11059277
38691450,PMC11181463
38691456,
38691847,
38692097,PMC11106721
38692271,PMC11148566
38692308,PMC11380600
38693155,PMC11063049
38693431,PMC11577304
38693576,PMC11062916
38694569,PMC11060958
38697978,PMC11066049
38697979,PMC11066125
38698020,PMC11066069
38700005,PMC11179898
38700982,PMC11265541
38701407,PMC11375461
38701619,PMC11088276
38702629,PMC11067193
38703770,
38704498,
38705393,PMC11157269
38709899,PMC11229354
38709925,PMC11098130
38709930,PMC11098113
38711026,PMC11071218
38713486,PMC11129188
38719807,PMC11078953
38719996,PMC11377571
38720074,
38720882,PMC11077903
38720889,PMC11076837
38722955,PMC11081324
38723854,
38725048,PMC11082093
38726870,PMC11229363
38728872,PMC11107342
38730056,PMC11178789
38730256,PMC11087574
38731856,PMC11083729
38734931,PMC11194450
38737469,PMC11082533
38737728,PMC11088231
38740744,PMC11091054
38740827,PMC11091074
38740970,PMC11231347
38741073,PMC11092100
38741142,PMC11092202
38741708,PMC11089374
38744288,PMC11133856
38744503,PMC11146596
38744924,PMC11094146
38745909,PMC11091394
38746115,PMC11092448
38746415,PMC11092657
38750011,PMC11096176
38750019,PMC11096414
38751339,PMC11305685
38753612,PMC11098418
38754427,PMC11162335
38755141,PMC11099029
38755155,PMC11098817
38755637,PMC11097543
38757341,PMC11095600
38760351,PMC11101634
38760583,PMC11101480
38761375,
38762737,PMC11102232
38762931,
38763208,
38766006,PMC11100809
38766212,PMC11100879
38768227,PMC11142722
38769295,PMC11106335
38773077,PMC11109217
38773399,PMC11106987
38773641,PMC11106976
38773828,PMC12068558
38774409,PMC11106448
38774470,PMC11106029
38775808,PMC11372370
38775809,
38776913,PMC11228450
38777143,PMC11237943
38777607,PMC11216402
38778183,PMC11310080
38778217,PMC11369260
38778427,PMC11110396
38779933,PMC11204039
38781242,PMC11152312
38783045,PMC11116554
38783095,PMC11229375
38783199,PMC11112784
38784023,PMC11112338
38785827,PMC11118023
38786019,PMC11119164
38786071,PMC11119907
38788713,PMC11228955
38789411,PMC11126580
38789484,PMC11126626
38789520,PMC11126619
38789868,PMC11126486
38790178,PMC11120797
38799645,PMC11120281
38800827,PMC11127635
38801080,PMC11317157
38802351,PMC11130292
38802648,PMC11226401
38802751,PMC11129441
38803235,PMC11109482
38805281,PMC11161746
38806480,PMC11133402
38806647,
38806658,PMC11217441
38807304,PMC11459041
38810179,PMC11569832
38811525,PMC11137082
38811530,PMC11136999
38814866,PMC11161775
38816355,PMC11139976
38816356,PMC11140001
38816360,PMC11139667
38816533,PMC11139868
38816545,PMC11139887
38816660,PMC11778622
38817856,PMC11134450
38819630,PMC11850477
38819641,PMC11292204
38820154,PMC11141635
38820414,PMC11339052
38821061,
38821916,PMC11143236
38822082,PMC11143207
38822412,PMC11143599
38823018,PMC11251458
38823764,
38824577,PMC11143692
38826330,PMC11142045
38830843,PMC11148086
38830885,PMC11148022
38830975,PMC11148201
38831058,PMC12204312
38833522,PMC11292196
38834071,
38834613,PMC11150407
38834752,
38834758,PMC11150386
38838145,PMC11152127
38839769,PMC11153594
38839950,PMC11168926
38842510,PMC11155197
38844605,PMC11156967
38846964,PMC11155298
38847231,PMC11173368
38849541,PMC11252002
38849594,PMC11161495
38851302,
38851818,PMC11162492
38851846,PMC11162502
38852945,PMC11461165
38854737,PMC11159048
38856766,PMC11164850
38858365,PMC11164961
38858714,PMC11163730
38862471,PMC11166650
38862581,PMC11445280
38864832,PMC11449008
38866344,PMC11753062
38866783,PMC11169559
38866801,PMC11169490
38867004,PMC11368932
38867481,
38867543,PMC11448753
38868025,PMC11168407
38868185,PMC11166704
38870012,
38874019,PMC11200159
38874474,PMC11317136
38876105,PMC11240302
38877132,PMC11286220
38877505,PMC11177363
38879600,PMC11180176
38879607,PMC11180199
38879724,PMC11445238
38880659,PMC11459048
38883705,PMC11177969
38884602,PMC11230866
38885349,PMC11450372
38886351,PMC11183041
38886396,PMC11183067
38886572,PMC11183062
38886591,PMC11251193
38888469,PMC11325150
38891797,PMC11171474
38893249,PMC11171410
38894865,PMC11183323
38895345,PMC11185800
38896450,PMC11186636
38897168,PMC11228806
38898005,PMC11187153
38900797,PMC11214090
38902241,PMC11189933
38903083,PMC11188071
38904097,PMC11298714
38904364,PMC11265424
38906680,PMC11610582
38911538,PMC11187030
38912065,PMC11190739
38912926,PMC11221527
38914715,PMC11286515
38914716,PMC11286529
38915695,PMC11195051
38916500,PMC11452281
38917002,PMC11228508
38917004,PMC11228486
38917323,PMC11472168
38917794,PMC11246229
38918490,PMC11327105
38922581,PMC11528209
38922687,PMC11260491
38926346,PMC11208621
38926398,PMC11208542
38926422,PMC11208511
38926853,PMC11210131
38927507,PMC11201522
38927890,PMC11201464
38927910,PMC11201718
38927967,PMC11201527
38928039,PMC11204237
38929174,PMC11200674
38932701,PMC11260453
38936787,
38937431,PMC11211456
38937474,PMC11211478
38937601,
38937754,PMC11210052
38937855,PMC11212226
38939621,PMC11209862
38943031,PMC11335205
38943249,PMC11405175
38947012,PMC11213195
38948251,PMC11212277
38948436,PMC11212654
38948702,PMC11212905
38950202,PMC11361348
38951610,PMC11329685
38951894,PMC11218110
38956029,PMC11220028
38956052,PMC11220168
38956053,PMC11219871
38956074,PMC11220018
38956326,
38959315,PMC11221522
38959318,PMC11221514
38961053,PMC11222427
38961054,PMC11222469
38961064,PMC11222436
38963759,PMC11290356
38964322,PMC11315470
38965210,PMC11224304
38965263,PMC11224303
38965385,PMC11699879
38965605,PMC11225384
38966281,PMC11222325
38967943,PMC11232900
38968068,
38968071,PMC11334074
38971152,PMC11707800
38975874,PMC11528210
38975886,PMC11528200
38976323,PMC11337917
38976490,PMC11230626
38981482,PMC11344685
38982480,PMC11232239
38982588,
38984891,PMC11298703
38984939,PMC11234646
38985769,PMC11260097
38986569,PMC11235314
38986609,PMC11380586
38987572,PMC11237081
38987584,PMC11237029
38988177,
38988707,PMC11233813
38989468,PMC11233973
38989576,PMC11335084
38989615,PMC11381347
38990656,PMC11343606
38990725,PMC11316253
38990731,PMC11444891
38991060,PMC11602233
38992029,PMC11239938
38992040,PMC11239676
38992221,PMC11239875
38992681,PMC11238352
38993562,PMC11234203
38993727,PMC11237348
38994560,PMC11381323
38994683,PMC11293458
38994944,PMC11240737
38995840,PMC11245308
38997434,PMC11347370
38999963,PMC11241600
39000156,PMC11241071
39000441,PMC11242282
39001402,PMC11240374
39001472,PMC11240647
39002676,PMC11345648
39002691,
39003349,PMC11246431
39003738,
39004623,PMC11247092
39004948,PMC11462940
39005667,PMC11236771
39006069,PMC11242329
39007099,PMC11240288
39007350,PMC11310748
39008716,PMC11465051
39011117,PMC11247942
39011489,PMC11246879
39013872,PMC11252164
39013911,PMC11252406
39014073,PMC11399106
39018396,PMC466953
39019012,PMC11293342
39021788,PMC11253514
39021835,PMC11252033
39023520,PMC11257678
39024547,PMC11444885
39024548,PMC11443248
39024554,PMC11343604
39025841,PMC11258296
39025852,PMC11258138
39025928,PMC11321995
39025963,PMC11362015
39028827,PMC11917452
39028883,PMC11742070
39028915,PMC11611693
39029462,PMC12147762
39029464,PMC11494612
39030166,PMC11271587
39031987,PMC11259601
39033228,PMC11271448
39037997,PMC11534525
39039076,PMC11263607
39039193,PMC11405271
39040052,PMC11261016
39041323,PMC11265796
39042920,PMC11401197
39043634,PMC11266590
39043664,PMC11266571
39043845,PMC11266547
39044280,PMC11267830
39048555,PMC11269669
39048817,PMC11625416
39049874,PMC11268105
39050705,PMC11267025
39052835,PMC11295044
39054323,PMC11272780
39054537,PMC11270788
39058094,PMC11609825
39060228,PMC11282092
39060340,PMC11282077
39060412,PMC11282102
39061232,PMC11274508
39061826,PMC11274089
39062082,PMC11274714
39062832,PMC11277027
39065267,PMC11278784
39068660,PMC11406281
39069167,PMC11423716
39075446,PMC11287949
39079981,PMC11289481
39083088,PMC7616621
39083617,PMC11290522
39087397,PMC11342319
39088701,PMC11534543
39090079,PMC11294468
39090086,PMC11294535
39093942,PMC11296706
39093977,PMC11296348
39094577,PMC11384943
39095374,PMC11297139
39095551,PMC11297167
39100694,PMC11295471
39101773,PMC11299988
39103353,PMC11300456
39103360,PMC11300799
39103541,PMC11424490
39103676,PMC11387499
39104719,PMC11299042
39105183,PMC11298840
39105498,PMC11348483
39106160,PMC11381344
39107297,PMC11303523
39107431,PMC11303788
39109172,PMC11302106
39110744,PMC11333005
39110807,PMC11305394
39112274,
39112443,PMC11306581
39112494,PMC11306747
39112524,PMC11306563
39113695,PMC11302882
39115939,PMC11457862
39117615,PMC11310505
39117659,PMC11310337
39117665,PMC11310309
39117705,PMC11310338
39117798,PMC11436380
39117800,PMC11405875
39118523,PMC11729321
39119237,PMC11306988
39119802,PMC11310761
39119950,PMC11481226
39120974,PMC11407228
39121480,PMC11609823
39121849,PMC11346583
39122682,PMC11316114
39122708,PMC11315975
39123175,PMC11312251
39123442,PMC11311482
39125649,PMC11311431
39128424,PMC11367117
39129317,PMC11332584
39131151,PMC11307647
39131719,PMC11308089
39135040,PMC11318271
39135097,PMC11318304
39135915,PMC11318338
39136013,PMC11317267
39136655,PMC11614706
39137238,PMC11343471
39137729,PMC11370652
39138174,PMC11322707
39138218,PMC11322606
39138582,PMC11321151
39143065,PMC11324870
39143213,PMC11424252
39146182,PMC12035866
39146497,
39147845,PMC11489079
39149323,PMC11326252
39149696,PMC11321993
39151930,PMC11331892
39152265,PMC11445549
39152521,PMC11328480
39153475,PMC11455610
39155279,PMC11330969
39155303,PMC11330984
39156764,PMC11324686
39158066,PMC11522894
39164287,PMC11335891
39168126,PMC11455617
39168364,PMC12179511
39169219,PMC12042958
39170882,PMC11338243
39171293,PMC11338131
39173639,PMC11380577
39174513,PMC11341823
39175947,PMC11340773
39177021,PMC11343564
39177582,PMC11530313
39178863,PMC11390980
39179644,PMC11343859
39180763,PMC11346550
39181865,PMC11344794
39181868,PMC11344777
39183332,PMC11345443
39186674,PMC11534545
39189258,PMC11348144
39191725,PMC11350143
39191740,PMC11349883
39192144,PMC11490312
39197648,
39198401,PMC11358519
39198430,PMC11358472
39198433,PMC11358264
39198446,PMC11358475
39198632,PMC11436365
39198689,
39199355,PMC11352488
39199652,PMC11352239
39199676,PMC11353109
39201707,PMC11354775
39207122,PMC11726342
39207369,PMC11565166
39207954,PMC11384147
39209804,PMC11362569
39210147,PMC11480203
39211054,PMC11361810
39212382,PMC11494902
39213836,
39215099,PMC12206482
39215105,PMC11364827
39217195,PMC11473802
39218291,
39223316,PMC12180585
39227578,PMC11372217
39227594,PMC11371910
39227744,PMC11387198
39227950,PMC11373117
39231952,PMC11375060
39232581,PMC11865364
39235528,PMC11380151
39240351,PMC11604697
39241017,PMC11410233
39242455,
39244627,PMC11473817
39246444,PMC11379671
39248230,PMC11421153
39251587,PMC11385192
39251788,PMC11525188
39252063,PMC11382430
39252959,PMC11382029
39252968,PMC11381759
39255737,
39260061,PMC11415886
39261481,PMC11390749
39263139,PMC11387257
39266501,PMC11393358
39269169,PMC11481869
39271940,PMC11399395
39272130,PMC11396275
39272867,PMC11394258
39273240,PMC11394958
39273316,PMC11394772
39277592,PMC11401928
39283720,
39284687,PMC11610457
39289355,PMC11408661
39292786,PMC11409972
39293390,PMC11525028
39294166,PMC11410958
39294495,PMC11525197
39294496,
39300069,PMC11413393
39300486,PMC11414060
39301659,PMC11436261
39301750,PMC11694165
39302966,PMC11441511
39303027,PMC11414721
39303726,
39304765,PMC11746141
39304781,PMC11564103
39304860,PMC11414102
39310771,PMC11416675
39310772,PMC11416655
39311908,PMC11745726
39313944,PMC11420289
39322746,PMC11496107
39326063,PMC11803398
39333103,PMC11436946
39333493,PMC11436821
39337710,PMC11432385
39341825,PMC11438962
39341835,PMC11438863
39349928,PMC11442847
39352125,PMC11745583
39353441,PMC11513842
39353936,PMC11445535
39356106,PMC11446547
39357785,
39358322,PMC11446932
39358506,PMC11499264
39359072,
39362582,
39363305,PMC11451205
39363910,PMC11449218
39364738,PMC11517738
39366383,PMC11513854
39367093,PMC12797303
39368973,PMC11455938
39372038,PMC11447529
39374214,PMC11457990
39374583,PMC11699082
39376992,PMC11456566
39381371,PMC11459621
39383220,PMC11463268
39383879,PMC11490371
39384814,PMC11464917
39385030,PMC11578877
39393173,PMC11663789
39395787,PMC11949723
39395839,PMC11474856
39404708,PMC11623029
39407253,PMC11476802
39408697,PMC11476988
39409192,PMC11476974
39409941,PMC11476290
39417309,PMC11887679
39425187,PMC11487860
39433896,PMC11624269
39437531,
39443485,PMC11500352
39446525,PMC11889723
39456890,PMC11508537
39459546,PMC11508561
39460716,PMC11811633
39466763,PMC11515993
39467632,PMC11534032
39468212,PMC12185099
39470689,PMC11528126
39472692,PMC11894169
39476057,PMC7617193
39478119,PMC11584406
39478230,PMC11618090
39482806,PMC11705486
39483145,PMC11525470
39483448,PMC11514630
39488792,PMC11653710
39494508,PMC11602144
39501082,PMC11645267
39506072,PMC11628400
39512505,PMC11542166
39515754,PMC11829829
39521616,PMC11551994
39524537,PMC11550735
39525666,PMC11544758
39533066,PMC11602731
39537588,PMC11560925
39540457,PMC11977641
39540842,
39542248,PMC11665689
39556695,PMC11653671
39558356,PMC11575081
39560645,PMC11621760
39567724,PMC11982217
39570009,PMC12083236
39580000,PMC11625352
39580151,PMC12013559
39580962,PMC11625214
39585341,PMC11788653
39588776,PMC12004989
39590378,PMC11592579
39602541,PMC11601213
39603379,PMC11783577
39609418,PMC11604662
39614126,PMC11723928
39617788,PMC11671534
39620386,
39632829,PMC11618697
39633044,PMC12276860
39636740,
39651888,PMC7618521
39655935,PMC11708059
39657664,PMC11722101
39669575,PMC11634877
39671369,PMC11642971
39672162,PMC11682929
39676172,PMC11648305
39681067,PMC11713734
39684597,PMC11641039
39696673,PMC11657699
39705535,PMC11875166
39713418,PMC11661147
39715885,PMC11666716
39716470,PMC12096081
39719705,PMC11934262
39724755,PMC11729681
39728924,PMC11677240
39730825,PMC11839482
39732173,PMC11815684
39732803,PMC11682282
39737957,PMC11685991
39741344,PMC11687200
39742507,
39744943,PMC11684818
39756423,PMC12083232
39762215,PMC11704331
39766901,PMC11675482
39768130,PMC11674446
39779693,PMC11711318
39779996,PMC11711454
39789354,PMC11774759
39802764,PMC11722502
39811542,PMC11732604
39819877,PMC11739382
39820362,PMC11739515
39834299,
39840049,PMC11747467
39843442,PMC11754830
39844661,PMC11760230
39850355,PMC11754080
39854452,PMC11758996
39855050,
39856157,PMC11760944
39872529,PMC11770038
39884574,PMC11964763
39885395,PMC11781035
39888380,PMC12417839
39895626,PMC11785924
39900436,PMC11791029
39901019,PMC11903783
39901931,PMC11788928
39904979,PMC11794601
39907037,PMC12322148
39908352,PMC12258192
39920335,PMC11893880
39925803,PMC11802516
39931470,PMC11808503
39936983,PMC11816438
39941116,PMC11818617
39941834,PMC11816133
39951620,PMC12088755
39962243,PMC12325761
39966373,PMC11836389
39975128,PMC11839099
39984049,PMC11957774
39985376,PMC12005738
39995041,PMC11850227
40002253,PMC11852724
40004558,PMC11855151
40008750,PMC12330939
40009768,PMC12046328
40013402,PMC11869345
40016701,PMC11866810
40021625,PMC11871043
40025489,PMC11874701
40027823,PMC11870559
40035950,PMC12041012
40079085,PMC12358782
40082673,PMC11958781
40083719,PMC11904601
40084687,PMC11900935
40089460,PMC11910597
40108134,PMC11923212
40127057,PMC11932464
40128216,PMC11933703
40128225,PMC11933697
40128719,PMC11934474
40131660,PMC11937470
40140852,PMC11948968
40152495,PMC12360040
40156072,PMC11951844
40162972,PMC12209774
40169553,PMC11962090
40180916,PMC11968987
40188268,PMC11972322
40195782,PMC12101050
40199608,PMC11979601
40199855,PMC11978871
40204967,PMC11982384
40233178,PMC12145117
40234567,PMC12000621
40239645,PMC12147845
40253699,PMC12149408
40262132,PMC12353172
40272569,PMC12022199
40274766,PMC12022051
40274922,PMC12022182
40281007,PMC12032076
40293223,PMC12374769
40301309,PMC12041347
40307891,PMC12042437
40313617,PMC12043721
40319015,PMC12049546
40322504,PMC12048806
40330823,PMC12053153
40338073,PMC12061476
40339599,PMC12835729
40347939,PMC12147910
40360465,PMC12075841
40366160,PMC12077211
40369846,PMC12078864
40370540,PMC12069253
40378591,
40382494,PMC12277176
40382596,PMC12084991
40394148,PMC12092627
40404658,PMC12098748
40404745,PMC12098759
40406129,PMC12095150
40407127,PMC12158068
40424183,PMC12588558
40430023,PMC12111955
40442104,PMC12122724
40442479,PMC12122889
40447611,PMC12125295
40453054,PMC12093323
40454092,PMC12124655
40454411,PMC12082145
40456604,PMC12315708
40462107,PMC12135404
40467918,PMC12137548
40468445,PMC12139312
40478628,PMC12202856
40479714,PMC12143596
40499559,PMC12272820
40501957,PMC12154588
40536340,PMC12412466
40537770,PMC12177970
40537980,PMC12426746
40583060,PMC12229664
40586312,PMC12207402
40595593,PMC12216915
40595621,PMC12217155
40598214,PMC12220003
40603285,PMC12222647
40610675,PMC12229592
40613436,PMC12231571
40628771,PMC12238253
40646558,PMC12255034
40658314,PMC12528344
40664627,PMC12263829
40670591,PMC12267751
40678419,PMC12266350
40686314,PMC12533367
40686605,PMC12275894
40712016,PMC12292949
40725045,PMC12295379
40739132,PMC12311135
40739398,PMC12311048
40740013,PMC12900745
40751918,PMC12337174
40764753,PMC12436189
40770187,PMC12328658
40770266,PMC12328819
40781078,PMC12334614
40792023,PMC12337702
40795869,PMC12461624
40800603,PMC12341739
40838977,PMC12492970
40842566,PMC12364865
40843133,PMC12365383
40849896,PMC12507408
40852926,PMC12421227
40857153,
40858716,PMC12381165
40859055,PMC12514032
40869408,PMC12386866
40878909,PMC12396819
40879086,PMC12755121
40890111,PMC12402260
40900123,PMC12408068
40903826,PMC12408367
40908300,PMC12411641
40911784,PMC12477665
40929251,PMC12422205
40949873,PMC12425789
40964329,PMC12439934
40972585,PMC12790743
40975063,PMC12629795
41002383,PMC12468769
41008516,PMC12467028
41023983,PMC12482529
41028778,PMC12484796
41031155,PMC12477381
41036607,PMC12668261
41040185,PMC12485740
41053798,PMC12502420
41054532,PMC12496224
41063119,PMC12505716
41108827,PMC12555876
41126128,PMC12542088
41126276,PMC12542114
41131620,PMC12548281
41135952,PMC12557761
41181988,PMC12806396
41187221,PMC7618404
41193733,PMC12589595
41196952,PMC7618541
41208958,PMC12588913
41246330,PMC12611928
41271647,PMC12639146
41275493,PMC12828906
41321622,PMC12663737
41321861,PMC12662796
41325517,PMC12704748
41332791,PMC12667781
41349769,PMC12800686
41350901,PMC12784578
41356185,PMC12680595
41358253,PMC12676116
41366019,PMC12815929
41373450,PMC12692539
41379561,PMC12867140
41381516,PMC12820202
41394820,PMC12698551
41405996,PMC12834598
41407857,PMC12893922
41413688,PMC12800308
41429429,PMC12813630
41430434,PMC12722763
41444836,PMC12905165
41446202,PMC12724415
41495200,
41507232,PMC12886783
41507992,PMC12882316
41526697,PMC12910054
41530744,PMC12888411
41540507,PMC12849303
41541502,PMC12800354
41543530,PMC12811152
41550167,PMC12709986
41550951,PMC12808473
41554880,PMC12901986
41565615,PMC12824223
41590660,PMC12844403
41606598,PMC12924361
41614303,PMC12856215
41623182,PMC12867156
41627500,PMC12876532
41659547,PMC12873962
41665012,PMC12887532
41669266,PMC12883401
41724733,PMC12928030
41727220,PMC12919312
41735293,PMC12946193
41806338,PMC12974909
9756423,
