uid,accession
200250293,GSE250293
200219269,GSE219269
200275859,GSE275859
200273601,GSE273601
200273600,GSE273600
200273599,GSE273599
200273345,GSE273345
200267250,GSE267250
200266548,GSE266548
200262946,GSE262946
200255754,GSE255754
200249254,GSE249254
200243218,GSE243218
200243217,GSE243217
200241456,GSE241456
200239712,GSE239712
200235128,GSE235128
200234819,GSE234819
200196591,GSE196591
200275686,GSE275686
200273780,GSE273780
200272827,GSE272827
200270967,GSE270967
200269935,GSE269935
200253073,GSE253073
200247623,GSE247623
200233852,GSE233852
200225822,GSE225822
200275628,GSE275628
200275451,GSE275451
200275412,GSE275412
200273383,GSE273383
200271332,GSE271332
200267833,GSE267833
200263122,GSE263122
200254326,GSE254326
200246505,GSE246505
200246503,GSE246503
200243251,GSE243251
200228606,GSE228606
200275241,GSE275241
200272061,GSE272061
200267226,GSE267226
200244567,GSE244567
200245045,GSE245045
200238195,GSE238195
200275290,GSE275290
200275110,GSE275110
200273153,GSE273153
200273152,GSE273152
200253779,GSE253779
200248404,GSE248404
200241802,GSE241802
200230127,GSE230127
200214173,GSE214173
200213555,GSE213555
200210696,GSE210696
200275391,GSE275391
200275101,GSE275101
200274074,GSE274074
200274071,GSE274071
200274069,GSE274069
200269105,GSE269105
200263862,GSE263862
200262704,GSE262704
200262143,GSE262143
200242788,GSE242788
200242173,GSE242173
200217563,GSE217563
200182742,GSE182742
200275114,GSE275114
200274830,GSE274830
200273404,GSE273404
200273401,GSE273401
200272966,GSE272966
200272737,GSE272737
200267789,GSE267789
200265855,GSE265855
200265853,GSE265853
200264190,GSE264190
200255574,GSE255574
200251851,GSE251851
200242781,GSE242781
200241816,GSE241816
200213403,GSE213403
200274753,GSE274753
200273796,GSE273796
200270786,GSE270786
200269500,GSE269500
200269065,GSE269065
200268746,GSE268746
200268744,GSE268744
200263693,GSE263693
200263690,GSE263690
200262404,GSE262404
200260856,GSE260856
200254362,GSE254362
200249226,GSE249226
200239779,GSE239779
200182537,GSE182537
200274983,GSE274983
200271840,GSE271840
200261488,GSE261488
200255359,GSE255359
200248578,GSE248578
200243634,GSE243634
200274653,GSE274653
200212522,GSE212522
200211522,GSE211522
200119245,GSE119245
200275048,GSE275048
200262741,GSE262741
200241076,GSE241076
200182544,GSE182544
200182543,GSE182543
200136392,GSE136392
200269922,GSE269922
200268227,GSE268227
200247760,GSE247760
200247185,GSE247185
200243546,GSE243546
200241118,GSE241118
200229357,GSE229357
200222868,GSE222868
200215108,GSE215108
200270565,GSE270565
200270564,GSE270564
200269645,GSE269645
200247584,GSE247584
200243370,GSE243370
200241238,GSE241238
200240805,GSE240805
200240634,GSE240634
200232692,GSE232692
200230813,GSE230813
200228213,GSE228213
200211294,GSE211294
200274606,GSE274606
200274550,GSE274550
200274530,GSE274530
200274399,GSE274399
200274309,GSE274309
200269831,GSE269831
200268354,GSE268354
200268352,GSE268352
200268351,GSE268351
200262119,GSE262119
200260628,GSE260628
200259421,GSE259421
200246237,GSE246237
200245701,GSE245701
200245700,GSE245700
200241466,GSE241466
200236655,GSE236655
200234324,GSE234324
200216593,GSE216593
200274758,GSE274758
200241023,GSE241023
200233847,GSE233847
200233327,GSE233327
200274122,GSE274122
200273436,GSE273436
200269134,GSE269134
200268585,GSE268585
200250219,GSE250219
200274124,GSE274124
200261805,GSE261805
200240748,GSE240748
200225063,GSE225063
200274180,GSE274180
200266517,GSE266517
200245081,GSE245081
200196509,GSE196509
200182090,GSE182090
200274379,GSE274379
200253426,GSE253426
200252627,GSE252627
200242786,GSE242786
200242451,GSE242451
200240446,GSE240446
200237840,GSE237840
200237541,GSE237541
200230423,GSE230423
200273699,GSE273699
200271075,GSE271075
200269520,GSE269520
200268034,GSE268034
200256303,GSE256303
200251968,GSE251968
200248242,GSE248242
200242523,GSE242523
200237597,GSE237597
200224643,GSE224643
200216348,GSE216348
200216338,GSE216338
200211196,GSE211196
200273819,GSE273819
200271448,GSE271448
200260702,GSE260702
200246689,GSE246689
200243708,GSE243708
200181754,GSE181754
200168245,GSE168245
200261651,GSE261651
200248336,GSE248336
200240203,GSE240203
200239945,GSE239945
200206898,GSE206898
200273485,GSE273485
200273312,GSE273312
200273169,GSE273169
200271721,GSE271721
200267613,GSE267613
200267213,GSE267213
200255179,GSE255179
200254681,GSE254681
200254680,GSE254680
200254679,GSE254679
200253174,GSE253174
200252932,GSE252932
200236654,GSE236654
200226773,GSE226773
200226772,GSE226772
200183700,GSE183700
200181537,GSE181537
200273464,GSE273464
200254808,GSE254808
200253560,GSE253560
200218856,GSE218856
200181947,GSE181947
200181946,GSE181946
200266113,GSE266113
200253139,GSE253139
200252713,GSE252713
200268860,GSE268860
200268629,GSE268629
200268366,GSE268366
200265922,GSE265922
200264609,GSE264609
200263309,GSE263309
200262217,GSE262217
200253977,GSE253977
200248894,GSE248894
200247194,GSE247194
200247191,GSE247191
200246915,GSE246915
200246909,GSE246909
200242978,GSE242978
200242856,GSE242856
200240768,GSE240768
200201418,GSE201418
200200809,GSE200809
200273666,GSE273666
200273398,GSE273398
200273294,GSE273294
200273252,GSE273252
200273196,GSE273196
200273184,GSE273184
200272261,GSE272261
200272162,GSE272162
200271926,GSE271926
200271133,GSE271133
200270454,GSE270454
200269734,GSE269734
200268955,GSE268955
200262887,GSE262887
200261076,GSE261076
200260553,GSE260553
200256022,GSE256022
200252347,GSE252347
200251924,GSE251924
200250000,GSE250000
200249466,GSE249466
200244584,GSE244584
200243362,GSE243362
200241829,GSE241829
200241247,GSE241247
200240976,GSE240976
200240644,GSE240644
200240488,GSE240488
200239560,GSE239560
200239352,GSE239352
200234675,GSE234675
200232374,GSE232374
200229989,GSE229989
200227567,GSE227567
200223481,GSE223481
200213678,GSE213678
200211711,GSE211711
200211143,GSE211143
200186844,GSE186844
200182565,GSE182565
200181278,GSE181278
200119947,GSE119947
200273465,GSE273465
200273158,GSE273158
200272831,GSE272831
200272666,GSE272666
200272362,GSE272362
200269126,GSE269126
200268788,GSE268788
200268019,GSE268019
200267387,GSE267387
200266390,GSE266390
200264552,GSE264552
200263795,GSE263795
200262828,GSE262828
200262815,GSE262815
200262814,GSE262814
200262702,GSE262702
200254385,GSE254385
200252807,GSE252807
200251709,GSE251709
200250152,GSE250152
200249960,GSE249960
200248612,GSE248612
200248259,GSE248259
200247750,GSE247750
200244454,GSE244454
200243371,GSE243371
200243116,GSE243116
200241849,GSE241849
200240377,GSE240377
200239824,GSE239824
200239823,GSE239823
200239734,GSE239734
200239629,GSE239629
200237818,GSE237818
200237380,GSE237380
200236646,GSE236646
200182310,GSE182310
200181389,GSE181389
200179817,GSE179817
200117633,GSE117633
200273415,GSE273415
200273321,GSE273321
200273236,GSE273236
200273116,GSE273116
200273000,GSE273000
200272844,GSE272844
200272812,GSE272812
200270578,GSE270578
200263878,GSE263878
200263786,GSE263786
200255982,GSE255982
200246819,GSE246819
200240855,GSE240855
200234122,GSE234122
200232294,GSE232294
200231415,GSE231415
200229230,GSE229230
200224951,GSE224951
200213168,GSE213168
200196350,GSE196350
200158592,GSE158592
200155635,GSE155635
200273349,GSE273349
200273281,GSE273281
200273185,GSE273185
200273149,GSE273149
200270625,GSE270625
200267614,GSE267614
200252447,GSE252447
200248671,GSE248671
200239681,GSE239681
200226204,GSE226204
200214968,GSE214968
200181107,GSE181107
200239745,GSE239745
200239571,GSE239571
200180989,GSE180989
200272741,GSE272741
200239682,GSE239682
200239595,GSE239595
200234239,GSE234239
200272773,GSE272773
200272645,GSE272645
200269779,GSE269779
200269777,GSE269777
200269775,GSE269775
200268982,GSE268982
200264131,GSE264131
200262480,GSE262480
200247138,GSE247138
200242463,GSE242463
200242439,GSE242439
200230750,GSE230750
200185135,GSE185135
200181352,GSE181352
200273106,GSE273106
200272918,GSE272918
200272629,GSE272629
200271368,GSE271368
200267811,GSE267811
200262838,GSE262838
200254763,GSE254763
200248502,GSE248502
200248107,GSE248107
200245608,GSE245608
200241342,GSE241342
200241311,GSE241311
200241308,GSE241308
200239465,GSE239465
200238247,GSE238247
200231936,GSE231936
200210847,GSE210847
200210030,GSE210030
200202862,GSE202862
200272868,GSE272868
200272109,GSE272109
200270741,GSE270741
200270740,GSE270740
200265772,GSE265772
200261337,GSE261337
200245785,GSE245785
200245784,GSE245784
200245783,GSE245783
200236452,GSE236452
200235891,GSE235891
200234071,GSE234071
200230404,GSE230404
200154655,GSE154655
200272381,GSE272381
200272060,GSE272060
200270493,GSE270493
200262419,GSE262419
200261846,GSE261846
200236507,GSE236507
200233914,GSE233914
200233895,GSE233895
200232079,GSE232079
200180948,GSE180948
200272752,GSE272752
200272250,GSE272250
200271679,GSE271679
200271461,GSE271461
200265926,GSE265926
200265907,GSE265907
200265906,GSE265906
200263237,GSE263237
200251817,GSE251817
200247647,GSE247647
200246833,GSE246833
200238159,GSE238159
200232550,GSE232550
200222969,GSE222969
200272480,GSE272480
200272173,GSE272173
200272166,GSE272166
200268568,GSE268568
200178994,GSE178994
200272681,GSE272681
200242516,GSE242516
200238118,GSE238118
200231782,GSE231782
200270333,GSE270333
200269722,GSE269722
200268681,GSE268681
200262056,GSE262056
200256520,GSE256520
200254720,GSE254720
200244294,GSE244294
200232284,GSE232284
200272300,GSE272300
200271696,GSE271696
200270672,GSE270672
200270481,GSE270481
200248032,GSE248032
200242924,GSE242924
200241426,GSE241426
200238112,GSE238112
200237805,GSE237805
200227684,GSE227684
200272396,GSE272396
200272306,GSE272306
200272133,GSE272133
200268498,GSE268498
200267702,GSE267702
200267140,GSE267140
200266883,GSE266883
200264373,GSE264373
200261888,GSE261888
200261186,GSE261186
200256516,GSE256516
200253610,GSE253610
200252554,GSE252554
200248169,GSE248169
200247219,GSE247219
200246493,GSE246493
200245884,GSE245884
200244762,GSE244762
200243554,GSE243554
200239389,GSE239389
200236394,GSE236394
200235350,GSE235350
200234862,GSE234862
200233589,GSE233589
200229910,GSE229910
200223418,GSE223418
200209909,GSE209909
200272013,GSE272013
200271998,GSE271998
200271314,GSE271314
200267426,GSE267426
200263805,GSE263805
200262877,GSE262877
200256043,GSE256043
200253064,GSE253064
200249359,GSE249359
200246354,GSE246354
200232632,GSE232632
200198888,GSE198888
200180301,GSE180301
200271989,GSE271989
200271918,GSE271918
200271750,GSE271750
200270618,GSE270618
200269962,GSE269962
200269728,GSE269728
200268798,GSE268798
200268797,GSE268797
200266986,GSE266986
200266130,GSE266130
200252145,GSE252145
200241149,GSE241149
200241147,GSE241147
200236521,GSE236521
200231814,GSE231814
200223057,GSE223057
200263574,GSE263574
200237413,GSE237413
200214970,GSE214970
200180105,GSE180105
200134120,GSE134120
200271851,GSE271851
200268124,GSE268124
200267854,GSE267854
200263420,GSE263420
200247434,GSE247434
200208105,GSE208105
200272134,GSE272134
200272071,GSE272071
200263611,GSE263611
200252034,GSE252034
200237240,GSE237240
200237167,GSE237167
200234443,GSE234443
200224752,GSE224752
200224748,GSE224748
200272030,GSE272030
200271668,GSE271668
200267834,GSE267834
200251638,GSE251638
200250042,GSE250042
200233374,GSE233374
200227571,GSE227571
200271922,GSE271922
200271528,GSE271528
200268894,GSE268894
200268049,GSE268049
200266220,GSE266220
200263210,GSE263210
200261953,GSE261953
200253548,GSE253548
200253455,GSE253455
200248938,GSE248938
200245056,GSE245056
200244915,GSE244915
200237025,GSE237025
200236570,GSE236570
200236569,GSE236569
200236568,GSE236568
200234440,GSE234440
200233555,GSE233555
200211462,GSE211462
200202408,GSE202408
200182942,GSE182942
200271839,GSE271839
200263501,GSE263501
200253449,GSE253449
200247592,GSE247592
200227098,GSE227098
200216549,GSE216549
200211159,GSE211159
200182788,GSE182788
200271717,GSE271717
200271635,GSE271635
200271605,GSE271605
200271483,GSE271483
200271385,GSE271385
200269899,GSE269899
200267309,GSE267309
200260925,GSE260925
200256381,GSE256381
200251708,GSE251708
200250632,GSE250632
200243822,GSE243822
200243312,GSE243312
200233484,GSE233484
200271347,GSE271347
200271299,GSE271299
200231466,GSE231466
200230718,GSE230718
200180494,GSE180494
200179644,GSE179644
200271538,GSE271538
200271170,GSE271170
200207406,GSE207406
200166060,GSE166060
200270924,GSE270924
200270923,GSE270923
200267961,GSE267961
200266051,GSE266051
200263696,GSE263696
200263058,GSE263058
200251946,GSE251946
200251945,GSE251945
200251944,GSE251944
200238235,GSE238235
200236522,GSE236522
200225620,GSE225620
200271161,GSE271161
200271106,GSE271106
200268479,GSE268479
200252369,GSE252369
200247733,GSE247733
200245284,GSE245284
200235653,GSE235653
200271442,GSE271442
200271143,GSE271143
200268656,GSE268656
200268001,GSE268001
200267476,GSE267476
200264556,GSE264556
200262673,GSE262673
200256412,GSE256412
200252239,GSE252239
200251957,GSE251957
200249917,GSE249917
200249916,GSE249916
200247310,GSE247310
200246371,GSE246371
200246022,GSE246022
200245395,GSE245395
200245394,GSE245394
200243988,GSE243988
200241330,GSE241330
200241328,GSE241328
200235240,GSE235240
200231290,GSE231290
200230029,GSE230029
200222673,GSE222673
200221693,GSE221693
200207924,GSE207924
200179757,GSE179757
200179453,GSE179453
200271247,GSE271247
200270818,GSE270818
200262796,GSE262796
200254156,GSE254156
200245750,GSE245750
200240127,GSE240127
200238215,GSE238215
200230590,GSE230590
200230589,GSE230589
200230588,GSE230588
200220044,GSE220044
200179881,GSE179881
200270668,GSE270668
200270278,GSE270278
200269353,GSE269353
200269317,GSE269317
200268369,GSE268369
200266437,GSE266437
200254719,GSE254719
200253788,GSE253788
200253501,GSE253501
200251861,GSE251861
200248986,GSE248986
200246528,GSE246528
200245245,GSE245245
200244897,GSE244897
200244460,GSE244460
200243955,GSE243955
200237454,GSE237454
200236418,GSE236418
200233259,GSE233259
200232857,GSE232857
200223688,GSE223688
200223214,GSE223214
200208288,GSE208288
200207625,GSE207625
200180838,GSE180838
200180510,GSE180510
200179314,GSE179314
200167496,GSE167496
200271080,GSE271080
200269494,GSE269494
200269066,GSE269066
200268158,GSE268158
200267554,GSE267554
200260507,GSE260507
200254962,GSE254962
200252771,GSE252771
200252197,GSE252197
200249364,GSE249364
200246980,GSE246980
200242226,GSE242226
200240641,GSE240641
200237052,GSE237052
200236392,GSE236392
200236271,GSE236271
200236270,GSE236270
200236269,GSE236269
200235703,GSE235703
200235616,GSE235616
200235615,GSE235615
200235614,GSE235614
200235613,GSE235613
200235174,GSE235174
200234080,GSE234080
200233780,GSE233780
200232608,GSE232608
200232027,GSE232027
200225925,GSE225925
200217387,GSE217387
200208342,GSE208342
200207588,GSE207588
200181185,GSE181185
200180422,GSE180422
200167548,GSE167548
200153614,GSE153614
200137441,GSE137441
200270918,GSE270918
200270676,GSE270676
200270586,GSE270586
200270575,GSE270575
200250169,GSE250169
200243840,GSE243840
200236167,GSE236167
200215934,GSE215934
200196695,GSE196695
200270984,GSE270984
200270718,GSE270718
200269984,GSE269984
200267059,GSE267059
200263089,GSE263089
200259390,GSE259390
200255475,GSE255475
200253170,GSE253170
200240956,GSE240956
200236140,GSE236140
200179123,GSE179123
200270930,GSE270930
200270609,GSE270609
200270472,GSE270472
200270298,GSE270298
200269019,GSE269019
200253106,GSE253106
200252127,GSE252127
200244754,GSE244754
200239414,GSE239414
200236863,GSE236863
200235996,GSE235996
200214916,GSE214916
200270880,GSE270880
200270390,GSE270390
200270379,GSE270379
200270289,GSE270289
200270288,GSE270288
200270210,GSE270210
200268497,GSE268497
200268457,GSE268457
200262380,GSE262380
200256456,GSE256456
200254413,GSE254413
200252587,GSE252587
200250539,GSE250539
200250164,GSE250164
200248603,GSE248603
200247607,GSE247607
200247007,GSE247007
200241982,GSE241982
200241981,GSE241981
200232769,GSE232769
200220979,GSE220979
200213094,GSE213094
200210514,GSE210514
200207816,GSE207816
200176490,GSE176490
200176485,GSE176485
200176362,GSE176362
200176358,GSE176358
200270435,GSE270435
200270338,GSE270338
200268718,GSE268718
200261761,GSE261761
200261760,GSE261760
200260477,GSE260477
200258789,GSE258789
200241490,GSE241490
200235886,GSE235886
200213556,GSE213556
200212456,GSE212456
200190828,GSE190828
200178943,GSE178943
200270232,GSE270232
200262622,GSE262622
200244357,GSE244357
200244340,GSE244340
200236390,GSE236390
200232386,GSE232386
200224618,GSE224618
200221612,GSE221612
200270175,GSE270175
200243836,GSE243836
200236366,GSE236366
200208574,GSE208574
200269845,GSE269845
200252038,GSE252038
200198157,GSE198157
200270302,GSE270302
200269968,GSE269968
200266075,GSE266075
200264630,GSE264630
200264145,GSE264145
200248855,GSE248855
200245911,GSE245911
200245910,GSE245910
200245907,GSE245907
200245903,GSE245903
200245898,GSE245898
200245896,GSE245896
200244706,GSE244706
200244705,GSE244705
200244704,GSE244704
200244703,GSE244703
200244702,GSE244702
200244693,GSE244693
200244692,GSE244692
200244691,GSE244691
200244690,GSE244690
200244689,GSE244689
200244686,GSE244686
200244685,GSE244685
200244684,GSE244684
200244683,GSE244683
200244682,GSE244682
200239726,GSE239726
200232365,GSE232365
200231585,GSE231585
200229047,GSE229047
200224321,GSE224321
200224320,GSE224320
200224319,GSE224319
200223097,GSE223097
200218731,GSE218731
200270349,GSE270349
200270330,GSE270330
200270282,GSE270282
200269789,GSE269789
200269285,GSE269285
200268475,GSE268475
200263644,GSE263644
200263024,GSE263024
200262661,GSE262661
200261130,GSE261130
200253337,GSE253337
200253079,GSE253079
200252306,GSE252306
200248376,GSE248376
200247345,GSE247345
200240616,GSE240616
200235268,GSE235268
200233957,GSE233957
200228066,GSE228066
200226702,GSE226702
200208837,GSE208837
200193754,GSE193754
200193753,GSE193753
200186207,GSE186207
200186178,GSE186178
200154200,GSE154200
200236549,GSE236549
200236545,GSE236545
200214084,GSE214084
200213634,GSE213634
200270218,GSE270218
200270167,GSE270167
200270004,GSE270004
200263180,GSE263180
200262929,GSE262929
200225685,GSE225685
200210169,GSE210169
200270030,GSE270030
200269985,GSE269985
200269856,GSE269856
200267107,GSE267107
200266293,GSE266293
200256534,GSE256534
200255829,GSE255829
200253929,GSE253929
200253599,GSE253599
200251905,GSE251905
200246330,GSE246330
200246221,GSE246221
200237784,GSE237784
200229846,GSE229846
200178401,GSE178401
200152927,GSE152927
200269684,GSE269684
200268418,GSE268418
200261543,GSE261543
200252251,GSE252251
200183934,GSE183934
200269474,GSE269474
200267860,GSE267860
200268415,GSE268415
200264686,GSE264686
200249519,GSE249519
200249362,GSE249362
200249258,GSE249258
200244855,GSE244855
200232381,GSE232381
200230549,GSE230549
200213839,GSE213839
200205380,GSE205380
200178178,GSE178178
200269750,GSE269750
200269415,GSE269415
200269116,GSE269116
200269115,GSE269115
200247408,GSE247408
200245945,GSE245945
200242195,GSE242195
200240861,GSE240861
200240764,GSE240764
200240014,GSE240014
200236325,GSE236325
200236324,GSE236324
200236323,GSE236323
200229613,GSE229613
200178333,GSE178333
200269531,GSE269531
200267611,GSE267611
200266011,GSE266011
200263894,GSE263894
200249491,GSE249491
200248825,GSE248825
200248467,GSE248467
200248085,GSE248085
200245688,GSE245688
200244140,GSE244140
200243316,GSE243316
200223117,GSE223117
200219070,GSE219070
200217506,GSE217506
200168618,GSE168618
200269606,GSE269606
200268948,GSE268948
200263252,GSE263252
200262506,GSE262506
200255297,GSE255297
200245617,GSE245617
200245060,GSE245060
200239525,GSE239525
200222337,GSE222337
200219068,GSE219068
200269441,GSE269441
200269440,GSE269440
200269121,GSE269121
200268875,GSE268875
200263915,GSE263915
200263134,GSE263134
200249277,GSE249277
200246532,GSE246532
200241020,GSE241020
200234727,GSE234727
200234617,GSE234617
200233886,GSE233886
200229398,GSE229398
200198444,GSE198444
200176548,GSE176548
200268499,GSE268499
200234584,GSE234584
200269085,GSE269085
200268855,GSE268855
200234415,GSE234415
200180481,GSE180481
200137614,GSE137614
200243387,GSE243387
200235244,GSE235244
200235233,GSE235233
200268817,GSE268817
200268650,GSE268650
200264120,GSE264120
200263319,GSE263319
200261866,GSE261866
200260642,GSE260642
200249045,GSE249045
200245991,GSE245991
200241025,GSE241025
200234205,GSE234205
200231397,GSE231397
200230367,GSE230367
200227059,GSE227059
200221141,GSE221141
200207553,GSE207553
200064598,GSE64598
200064461,GSE64461
200268673,GSE268673
200268672,GSE268672
200268088,GSE268088
200265940,GSE265940
200263691,GSE263691
200243745,GSE243745
200243744,GSE243744
200243743,GSE243743
200237935,GSE237935
200200945,GSE200945
200268909,GSE268909
200268621,GSE268621
200268541,GSE268541
200260733,GSE260733
200233450,GSE233450
200222567,GSE222567
200178411,GSE178411
200156860,GSE156860
200266912,GSE266912
200249813,GSE249813
200221178,GSE221178
200221130,GSE221130
200159749,GSE159749
200267290,GSE267290
200266932,GSE266932
200266892,GSE266892
200266884,GSE266884
200266550,GSE266550
200262746,GSE262746
200262460,GSE262460
200260757,GSE260757
200256159,GSE256159
200255337,GSE255337
200253443,GSE253443
200252710,GSE252710
200252707,GSE252707
200252664,GSE252664
200252505,GSE252505
200250448,GSE250448
200249870,GSE249870
200249026,GSE249026
200248867,GSE248867
200248763,GSE248763
200248660,GSE248660
200248636,GSE248636
200248523,GSE248523
200247603,GSE247603
200247041,GSE247041
200246052,GSE246052
200237789,GSE237789
200237314,GSE237314
200235401,GSE235401
200234907,GSE234907
200234404,GSE234404
200234207,GSE234207
200233878,GSE233878
200233708,GSE233708
200232884,GSE232884
200230627,GSE230627
200218507,GSE218507
200218269,GSE218269
200207333,GSE207333
200203434,GSE203434
200193173,GSE193173
200190431,GSE190431
200176474,GSE176474
200152860,GSE152860
200268248,GSE268248
200268136,GSE268136
200267358,GSE267358
200263726,GSE263726
200263725,GSE263725
200262334,GSE262334
200261258,GSE261258
200253791,GSE253791
200253785,GSE253785
200253110,GSE253110
200252221,GSE252221
200246170,GSE246170
200245739,GSE245739
200240308,GSE240308
200240287,GSE240287
200233861,GSE233861
200233678,GSE233678
200232777,GSE232777
200232219,GSE232219
200228075,GSE228075
200223602,GSE223602
200205045,GSE205045
200175944,GSE175944
200151206,GSE151206
200268639,GSE268639
200268638,GSE268638
200268537,GSE268537
200268384,GSE268384
200268347,GSE268347
200268346,GSE268346
200268054,GSE268054
200265904,GSE265904
200264374,GSE264374
200264144,GSE264144
200262976,GSE262976
200249664,GSE249664
200233331,GSE233331
200231848,GSE231848
200228072,GSE228072
200224794,GSE224794
200214302,GSE214302
200199939,GSE199939
200268175,GSE268175
200268072,GSE268072
200262505,GSE262505
200261103,GSE261103
200255268,GSE255268
200253261,GSE253261
200252670,GSE252670
200252669,GSE252669
200252563,GSE252563
200251869,GSE251869
200249370,GSE249370
200246484,GSE246484
200246483,GSE246483
200243991,GSE243991
200243406,GSE243406
200243078,GSE243078
200236743,GSE236743
200236641,GSE236641
200233286,GSE233286
200231788,GSE231788
200231787,GSE231787
200231480,GSE231480
200227047,GSE227047
200208708,GSE208708
200207146,GSE207146
200200790,GSE200790
200200789,GSE200789
200268502,GSE268502
200268180,GSE268180
200234512,GSE234512
200233772,GSE233772
200232675,GSE232675
200268103,GSE268103
200268081,GSE268081
200267885,GSE267885
200239586,GSE239586
200206486,GSE206486
200175663,GSE175663
200264638,GSE264638
200268040,GSE268040
200267930,GSE267930
200267818,GSE267818
200255625,GSE255625
200253553,GSE253553
200233458,GSE233458
200233429,GSE233429
200232929,GSE232929
200267823,GSE267823
200267813,GSE267813
200256471,GSE256471
200247610,GSE247610
200244401,GSE244401
200240473,GSE240473
200233499,GSE233499
200221289,GSE221289
200211455,GSE211455
200267812,GSE267812
200267810,GSE267810
200266150,GSE266150
200263756,GSE263756
200253876,GSE253876
200249656,GSE249656
200246011,GSE246011
200242540,GSE242540
200242539,GSE242539
200234572,GSE234572
200229404,GSE229404
200195768,GSE195768
200267928,GSE267928
200267625,GSE267625
200266367,GSE266367
200264125,GSE264125
200262911,GSE262911
200260783,GSE260783
200255352,GSE255352
200252658,GSE252658
200243105,GSE243105
200243102,GSE243102
200241578,GSE241578
200239375,GSE239375
200229046,GSE229046
200228254,GSE228254
200222118,GSE222118
200221383,GSE221383
200192647,GSE192647
200180777,GSE180777
200267722,GSE267722
200267021,GSE267021
200260966,GSE260966
200259282,GSE259282
200240854,GSE240854
200237930,GSE237930
200235333,GSE235333
200225461,GSE225461
200210555,GSE210555
200267899,GSE267899
200267610,GSE267610
200267522,GSE267522
200267508,GSE267508
200266501,GSE266501
200263697,GSE263697
200261673,GSE261673
200255844,GSE255844
200255770,GSE255770
200250431,GSE250431
200250340,GSE250340
200244021,GSE244021
200233943,GSE233943
200232678,GSE232678
200219230,GSE219230
200203535,GSE203535
200267800,GSE267800
200267781,GSE267781
200267759,GSE267759
200267757,GSE267757
200267323,GSE267323
200265794,GSE265794
200267438,GSE267438
200267405,GSE267405
200267324,GSE267324
200264457,GSE264457
200252654,GSE252654
200250224,GSE250224
200249721,GSE249721
200243615,GSE243615
200237697,GSE237697
200236621,GSE236621
200232408,GSE232408
200267628,GSE267628
200267560,GSE267560
200266389,GSE266389
200263390,GSE263390
200248228,GSE248228
200242489,GSE242489
200235223,GSE235223
200232641,GSE232641
200231460,GSE231460
200267440,GSE267440
200267132,GSE267132
200267084,GSE267084
200266891,GSE266891
200266229,GSE266229
200265995,GSE265995
200263425,GSE263425
200260666,GSE260666
200259271,GSE259271
200255434,GSE255434
200254942,GSE254942
200254615,GSE254615
200254614,GSE254614
200253748,GSE253748
200253362,GSE253362
200249937,GSE249937
200249527,GSE249527
200249020,GSE249020
200248792,GSE248792
200247667,GSE247667
200247467,GSE247467
200242210,GSE242210
200241672,GSE241672
200237177,GSE237177
200232639,GSE232639
200232540,GSE232540
200221758,GSE221758
200216825,GSE216825
200212671,GSE212671
200267396,GSE267396
200267328,GSE267328
200267128,GSE267128
200262353,GSE262353
200256259,GSE256259
200232535,GSE232535
200231454,GSE231454
200225384,GSE225384
200209783,GSE209783
200267317,GSE267317
200267310,GSE267310
200267150,GSE267150
200266990,GSE266990
200266973,GSE266973
200266854,GSE266854
200266620,GSE266620
200255234,GSE255234
200226054,GSE226054
200225508,GSE225508
200222552,GSE222552
200169596,GSE169596
200266867,GSE266867
200266634,GSE266634
200228889,GSE228889
200212787,GSE212787
200266663,GSE266663
200174301,GSE174301
200267153,GSE267153
200267152,GSE267152
200266797,GSE266797
200266762,GSE266762
200266210,GSE266210
200260512,GSE260512
200242227,GSE242227
200232258,GSE232258
200232118,GSE232118
200229900,GSE229900
200229899,GSE229899
200221872,GSE221872
200200510,GSE200510
200265923,GSE265923
200264221,GSE264221
200262470,GSE262470
200253744,GSE253744
200253244,GSE253244
200249812,GSE249812
200248620,GSE248620
200248366,GSE248366
200243223,GSE243223
200211074,GSE211074
200267030,GSE267030
200266980,GSE266980
200266515,GSE266515
200263257,GSE263257
200263162,GSE263162
200261182,GSE261182
200254546,GSE254546
200254545,GSE254545
200254544,GSE254544
200252340,GSE252340
200243427,GSE243427
200243173,GSE243173
200233661,GSE233661
200233122,GSE233122
200233120,GSE233120
200232709,GSE232709
200232665,GSE232665
200232604,GSE232604
200198427,GSE198427
200198426,GSE198426
200198425,GSE198425
200193486,GSE193486
200188558,GSE188558
200166101,GSE166101
200166091,GSE166091
200266694,GSE266694
200266693,GSE266693
200266656,GSE266656
200255317,GSE255317
200249891,GSE249891
200240343,GSE240343
200239330,GSE239330
200204910,GSE204910
200266269,GSE266269
200263672,GSE263672
200262562,GSE262562
200256070,GSE256070
200253440,GSE253440
200248494,GSE248494
200247237,GSE247237
200247091,GSE247091
200242770,GSE242770
200242766,GSE242766
200214689,GSE214689
200173984,GSE173984
200265933,GSE265933
200255290,GSE255290
200237512,GSE237512
200229596,GSE229596
200253958,GSE253958
200253957,GSE253957
200266399,GSE266399
200264357,GSE264357
200255847,GSE255847
200250032,GSE250032
200241602,GSE241602
200231639,GSE231639
200231624,GSE231624
200225060,GSE225060
200225059,GSE225059
200174592,GSE174592
200266434,GSE266434
200264206,GSE264206
200259394,GSE259394
200256243,GSE256243
200235099,GSE235099
200232168,GSE232168
200221506,GSE221506
200204790,GSE204790
200174106,GSE174106
200092402,GSE92402
200266352,GSE266352
200266099,GSE266099
200265787,GSE265787
200264554,GSE264554
200264008,GSE264008
200263947,GSE263947
200262137,GSE262137
200260876,GSE260876
200259423,GSE259423
200255344,GSE255344
200255087,GSE255087
200254958,GSE254958
200253713,GSE253713
200253673,GSE253673
200253468,GSE253468
200252567,GSE252567
200252566,GSE252566
200252161,GSE252161
200251824,GSE251824
200249749,GSE249749
200249748,GSE249748
200249561,GSE249561
200248998,GSE248998
200248997,GSE248997
200248996,GSE248996
200248659,GSE248659
200248150,GSE248150
200247632,GSE247632
200246607,GSE246607
200245161,GSE245161
200244968,GSE244968
200244498,GSE244498
200242506,GSE242506
200242205,GSE242205
200241656,GSE241656
200241649,GSE241649
200240809,GSE240809
200237411,GSE237411
200235443,GSE235443
200234255,GSE234255
200232643,GSE232643
200232283,GSE232283
200232124,GSE232124
200231786,GSE231786
200231720,GSE231720
200227395,GSE227395
200226723,GSE226723
200226005,GSE226005
200224698,GSE224698
200223196,GSE223196
200223091,GSE223091
200222685,GSE222685
200219255,GSE219255
200204782,GSE204782
200204781,GSE204781
200203421,GSE203421
200200538,GSE200538
200175736,GSE175736
200175354,GSE175354
200115409,GSE115409
200265930,GSE265930
200265924,GSE265924
200265834,GSE265834
200264010,GSE264010
200263298,GSE263298
200262596,GSE262596
200262593,GSE262593
200261684,GSE261684
200260759,GSE260759
200260557,GSE260557
200254682,GSE254682
200253122,GSE253122
200248251,GSE248251
200244125,GSE244125
200228834,GSE228834
200222352,GSE222352
200202344,GSE202344
200202320,GSE202320
200199628,GSE199628
200186693,GSE186693
200173643,GSE173643
200130956,GSE130956
200266159,GSE266159
200265809,GSE265809
200263766,GSE263766
200261358,GSE261358
200254799,GSE254799
200252425,GSE252425
200241565,GSE241565
200237043,GSE237043
200230797,GSE230797
200226782,GSE226782
200203640,GSE203640
200178211,GSE178211
200173572,GSE173572
200264621,GSE264621
200262663,GSE262663
200260516,GSE260516
200254253,GSE254253
200254252,GSE254252
200252002,GSE252002
200236956,GSE236956
200231383,GSE231383
200231045,GSE231045
200230865,GSE230865
200173632,GSE173632
200173606,GSE173606
200265890,GSE265890
200264589,GSE264589
200264547,GSE264547
200263112,GSE263112
200260772,GSE260772
200230729,GSE230729
200223957,GSE223957
200223870,GSE223870
200217951,GSE217951
200184731,GSE184731
200264575,GSE264575
200264450,GSE264450
200264431,GSE264431
200262500,GSE262500
200252426,GSE252426
200252291,GSE252291
200241852,GSE241852
200240781,GSE240781
200236239,GSE236239
200230714,GSE230714
200219284,GSE219284
200216363,GSE216363
200199431,GSE199431
200265789,GSE265789
200265779,GSE265779
200262642,GSE262642
200261817,GSE261817
200261731,GSE261731
200261129,GSE261129
200260618,GSE260618
200248258,GSE248258
200242259,GSE242259
200215917,GSE215917
200172139,GSE172139
200172137,GSE172137
200265788,GSE265788
200264420,GSE264420
200263183,GSE263183
200263036,GSE263036
200256466,GSE256466
200253657,GSE253657
200250020,GSE250020
200249573,GSE249573
200246642,GSE246642
200246638,GSE246638
200246235,GSE246235
200246152,GSE246152
200245886,GSE245886
200242103,GSE242103
200241913,GSE241913
200241912,GSE241912
200241910,GSE241910
200241909,GSE241909
200241908,GSE241908
200234607,GSE234607
200232076,GSE232076
200219135,GSE219135
200185841,GSE185841
200185760,GSE185760
200264332,GSE264332
200264288,GSE264288
200262954,GSE262954
200262491,GSE262491
200255541,GSE255541
200249035,GSE249035
200247742,GSE247742
200246846,GSE246846
200244972,GSE244972
200241276,GSE241276
200239350,GSE239350
200237845,GSE237845
200233546,GSE233546
200232868,GSE232868
200232862,GSE232862
200224815,GSE224815
200197489,GSE197489
200173270,GSE173270
200173219,GSE173219
200264185,GSE264185
200264079,GSE264079
200248548,GSE248548
200247589,GSE247589
200247538,GSE247538
200243046,GSE243046
200235516,GSE235516
200232554,GSE232554
200209985,GSE209985
200202553,GSE202553
200173164,GSE173164
200231429,GSE231429
200264223,GSE264223
200264220,GSE264220
200263949,GSE263949
200263948,GSE263948
200246499,GSE246499
200229344,GSE229344
200226816,GSE226816
200201176,GSE201176
200201175,GSE201175
200264352,GSE264352
200264114,GSE264114
200263960,GSE263960
200256370,GSE256370
200255046,GSE255046
200255045,GSE255045
200249290,GSE249290
200248167,GSE248167
200246550,GSE246550
200244417,GSE244417
200240926,GSE240926
200235738,GSE235738
200232772,GSE232772
200230169,GSE230169
200211354,GSE211354
200173195,GSE173195
200263992,GSE263992
200263920,GSE263920
200263919,GSE263919
200263910,GSE263910
200263444,GSE263444
200255002,GSE255002
200249696,GSE249696
200249694,GSE249694
200249691,GSE249691
200247897,GSE247897
200243952,GSE243952
200243887,GSE243887
200239413,GSE239413
200239396,GSE239396
200236535,GSE236535
200224846,GSE224846
200263890,GSE263890
200263713,GSE263713
200252480,GSE252480
200252357,GSE252357
200249718,GSE249718
200249545,GSE249545
200248036,GSE248036
200240656,GSE240656
200239464,GSE239464
200235946,GSE235946
200233157,GSE233157
200216494,GSE216494
200208111,GSE208111
200149000,GSE149000
200263946,GSE263946
200263852,GSE263852
200263751,GSE263751
200263143,GSE263143
200261518,GSE261518
200255403,GSE255403
200252765,GSE252765
200246968,GSE246968
200244668,GSE244668
200244667,GSE244667
200236642,GSE236642
200236046,GSE236046
200235265,GSE235265
200234171,GSE234171
200208401,GSE208401
200264049,GSE264049
200263647,GSE263647
200262963,GSE262963
200261067,GSE261067
200255777,GSE255777
200254771,GSE254771
200248274,GSE248274
200243183,GSE243183
200240874,GSE240874
200232791,GSE232791
200229665,GSE229665
200221537,GSE221537
200263588,GSE263588
200263531,GSE263531
200263331,GSE263331
200263330,GSE263330
200253650,GSE253650
200263844,GSE263844
200263645,GSE263645
200263462,GSE263462
200231525,GSE231525
200231524,GSE231524
200228306,GSE228306
200203570,GSE203570
200203569,GSE203569
200203568,GSE203568
200171816,GSE171816
200263721,GSE263721
200263615,GSE263615
200263557,GSE263557
200253830,GSE253830
200237936,GSE237936
200230112,GSE230112
200225041,GSE225041
200200646,GSE200646
200263232,GSE263232
200263206,GSE263206
200251845,GSE251845
200239976,GSE239976
200236625,GSE236625
200234289,GSE234289
200228801,GSE228801
200218750,GSE218750
200207452,GSE207452
200200782,GSE200782
200171834,GSE171834
200263118,GSE263118
200262932,GSE262932
200262731,GSE262731
200253089,GSE253089
200252600,GSE252600
200248244,GSE248244
200247652,GSE247652
200245323,GSE245323
200243934,GSE243934
200243208,GSE243208
200240582,GSE240582
200240581,GSE240581
200240075,GSE240075
200238103,GSE238103
200235151,GSE235151
200234642,GSE234642
200220051,GSE220051
200217413,GSE217413
200216015,GSE216015
200203255,GSE203255
200120693,GSE120693
200263382,GSE263382
200263013,GSE263013
200261297,GSE261297
200246647,GSE246647
200229761,GSE229761
200219220,GSE219220
200263459,GSE263459
200263305,GSE263305
200263138,GSE263138
200262808,GSE262808
200261645,GSE261645
200255902,GSE255902
200255748,GSE255748
200248760,GSE248760
200247441,GSE247441
200247243,GSE247243
200239797,GSE239797
200232360,GSE232360
200226964,GSE226964
200226963,GSE226963
200223145,GSE223145
200171700,GSE171700
200157016,GSE157016
200263010,GSE263010
200229460,GSE229460
200229281,GSE229281
200208160,GSE208160
200171618,GSE171618
200255803,GSE255803
200261892,GSE261892
200261240,GSE261240
200260573,GSE260573
200253054,GSE253054
200248752,GSE248752
200230601,GSE230601
200224758,GSE224758
200171831,GSE171831
200263181,GSE263181
200263012,GSE263012
200262114,GSE262114
200253495,GSE253495
200244314,GSE244314
200244313,GSE244313
200244312,GSE244312
200232612,GSE232612
200232044,GSE232044
200229019,GSE229019
200215080,GSE215080
200200504,GSE200504
200263107,GSE263107
200262948,GSE262948
200253091,GSE253091
200250139,GSE250139
200237690,GSE237690
200234338,GSE234338
200229556,GSE229556
200228940,GSE228940
200223166,GSE223166
200213380,GSE213380
200179420,GSE179420
200174432,GSE174432
200262869,GSE262869
200262667,GSE262667
200262515,GSE262515
200261628,GSE261628
200249956,GSE249956
200247056,GSE247056
200244657,GSE244657
200244521,GSE244521
200244387,GSE244387
200171372,GSE171372
200262678,GSE262678
200262586,GSE262586
200262158,GSE262158
200262079,GSE262079
200261987,GSE261987
200261154,GSE261154
200259221,GSE259221
200256355,GSE256355
200255092,GSE255092
200254566,GSE254566
200252527,GSE252527
200250499,GSE250499
200244233,GSE244233
200237771,GSE237771
200235438,GSE235438
200232217,GSE232217
200230357,GSE230357
200230263,GSE230263
200229554,GSE229554
200229212,GSE229212
200227819,GSE227819
200226411,GSE226411
200226280,GSE226280
200214990,GSE214990
200200600,GSE200600
200200493,GSE200493
200172223,GSE172223
200262469,GSE262469
200262452,GSE262452
200262134,GSE262134
200261370,GSE261370
200255600,GSE255600
200247024,GSE247024
200244526,GSE244526
200244063,GSE244063
200243883,GSE243883
200243715,GSE243715
200240370,GSE240370
200240369,GSE240369
200240167,GSE240167
200235570,GSE235570
200227679,GSE227679
200226491,GSE226491
200220170,GSE220170
200208716,GSE208716
200201178,GSE201178
200171497,GSE171497
200171227,GSE171227
200128098,GSE128098
200262856,GSE262856
200262582,GSE262582
200262379,GSE262379
200247045,GSE247045
200242772,GSE242772
200198739,GSE198739
200261390,GSE261390
200253499,GSE253499
200246788,GSE246788
200245059,GSE245059
200244899,GSE244899
200241050,GSE241050
200234083,GSE234083
200230687,GSE230687
200171054,GSE171054
200262649,GSE262649
200262142,GSE262142
200248485,GSE248485
200247682,GSE247682
200244786,GSE244786
200239857,GSE239857
200239698,GSE239698
200189735,GSE189735
200115917,GSE115917
200262627,GSE262627
200262447,GSE262447
200262398,GSE262398
200262226,GSE262226
200262085,GSE262085
200254647,GSE254647
200250127,GSE250127
200242225,GSE242225
200228312,GSE228312
200228203,GSE228203
200226347,GSE226347
200226132,GSE226132
200226019,GSE226019
200225250,GSE225250
200217832,GSE217832
200216713,GSE216713
200216712,GSE216712
200216561,GSE216561
200216053,GSE216053
200216052,GSE216052
200193136,GSE193136
200171023,GSE171023
200171022,GSE171022
200262455,GSE262455
200262147,GSE262147
200262071,GSE262071
200254303,GSE254303
200249903,GSE249903
200240386,GSE240386
200228357,GSE228357
200221263,GSE221263
200262095,GSE262095
200262015,GSE262015
200252781,GSE252781
200249544,GSE249544
200243497,GSE243497
200238165,GSE238165
200236953,GSE236953
200228272,GSE228272
200224707,GSE224707
200261880,GSE261880
200255145,GSE255145
200228266,GSE228266
200228216,GSE228216
200228143,GSE228143
200216734,GSE216734
200172221,GSE172221
200261758,GSE261758
200245935,GSE245935
200242333,GSE242333
200217406,GSE217406
200262110,GSE262110
200247483,GSE247483
200237130,GSE237130
200229614,GSE229614
200229116,GSE229116
200226147,GSE226147
200222467,GSE222467
200215024,GSE215024
200196051,GSE196051
200262030,GSE262030
200256463,GSE256463
200252972,GSE252972
200249431,GSE249431
200231791,GSE231791
200228194,GSE228194
200262021,GSE262021
200261911,GSE261911
200261699,GSE261699
200261691,GSE261691
200260693,GSE260693
200252780,GSE252780
200251925,GSE251925
200250377,GSE250377
200247721,GSE247721
200247718,GSE247718
200247717,GSE247717
200247710,GSE247710
200245992,GSE245992
200245147,GSE245147
200242735,GSE242735
200242287,GSE242287
200241735,GSE241735
200241595,GSE241595
200240983,GSE240983
200237169,GSE237169
200236156,GSE236156
200228416,GSE228416
200228087,GSE228087
200228086,GSE228086
200226186,GSE226186
200225725,GSE225725
200220918,GSE220918
200211212,GSE211212
200207821,GSE207821
200207473,GSE207473
200196134,GSE196134
200186473,GSE186473
200261689,GSE261689
200261574,GSE261574
200261399,GSE261399
200245474,GSE245474
200243265,GSE243265
200243264,GSE243264
200243262,GSE243262
200243260,GSE243260
200240296,GSE240296
200239892,GSE239892
200235957,GSE235957
200204811,GSE204811
200261563,GSE261563
200254331,GSE254331
200245916,GSE245916
200243669,GSE243669
200243654,GSE243654
200237756,GSE237756
200261768,GSE261768
200240565,GSE240565
200240563,GSE240563
200240562,GSE240562
200227751,GSE227751
200261233,GSE261233
200261086,GSE261086
200252958,GSE252958
200250326,GSE250326
200243067,GSE243067
200243066,GSE243066
200168935,GSE168935
200261462,GSE261462
200261312,GSE261312
200260921,GSE260921
200251890,GSE251890
200249966,GSE249966
200245968,GSE245968
200245432,GSE245432
200230707,GSE230707
200261515,GSE261515
200261434,GSE261434
200261432,GSE261432
200261254,GSE261254
200261177,GSE261177
200253717,GSE253717
200252532,GSE252532
200252508,GSE252508
200243831,GSE243831
200241600,GSE241600
200240597,GSE240597
200240476,GSE240476
200235017,GSE235017
200229079,GSE229079
200223006,GSE223006
200222829,GSE222829
200222820,GSE222820
200213410,GSE213410
200213409,GSE213409
200179424,GSE179424
200169589,GSE169589
200135794,GSE135794
200261105,GSE261105
200260979,GSE260979
200256068,GSE256068
200246061,GSE246061
200244435,GSE244435
200243199,GSE243199
200233349,GSE233349
200225992,GSE225992
200206581,GSE206581
200183702,GSE183702
200180227,GSE180227
200168897,GSE168897
200261040,GSE261040
200260981,GSE260981
200260787,GSE260787
200260476,GSE260476
200256091,GSE256091
200253412,GSE253412
200252475,GSE252475
200248283,GSE248283
200245913,GSE245913
200245463,GSE245463
200244655,GSE244655
200236795,GSE236795
200235605,GSE235605
200225641,GSE225641
200225640,GSE225640
200211642,GSE211642
200122059,GSE122059
200261002,GSE261002
200255266,GSE255266
200247234,GSE247234
200240879,GSE240879
200223152,GSE223152
200259401,GSE259401
200250241,GSE250241
200245288,GSE245288
200241432,GSE241432
200240468,GSE240468
200240259,GSE240259
200232285,GSE232285
200227316,GSE227316
200261031,GSE261031
200260737,GSE260737
200253158,GSE253158
200247506,GSE247506
200237857,GSE237857
200235201,GSE235201
200231761,GSE231761
200226968,GSE226968
200226967,GSE226967
200226965,GSE226965
200226821,GSE226821
200216340,GSE216340
200168918,GSE168918
200145513,GSE145513
200260665,GSE260665
200255320,GSE255320
200253452,GSE253452
200252536,GSE252536
200249936,GSE249936
200248260,GSE248260
200247998,GSE247998
200244120,GSE244120
200244118,GSE244118
200243682,GSE243682
200242124,GSE242124
200241926,GSE241926
200241858,GSE241858
200237184,GSE237184
200234734,GSE234734
200230788,GSE230788
200227973,GSE227973
200227612,GSE227612
200218715,GSE218715
200206035,GSE206035
200206034,GSE206034
200200470,GSE200470
200260915,GSE260915
200260653,GSE260653
200260603,GSE260603
200260575,GSE260575
200252117,GSE252117
200236745,GSE236745
200188242,GSE188242
200260597,GSE260597
200260487,GSE260487
200259432,GSE259432
200253233,GSE253233
200246045,GSE246045
200241867,GSE241867
200241679,GSE241679
200240505,GSE240505
200230097,GSE230097
200228841,GSE228841
200228839,GSE228839
200222412,GSE222412
200222264,GSE222264
200207013,GSE207013
200164455,GSE164455
200260674,GSE260674
200259344,GSE259344
200256536,GSE256536
200226733,GSE226733
200226548,GSE226548
200211425,GSE211425
200210623,GSE210623
200168292,GSE168292
200259222,GSE259222
200249470,GSE249470
200256173,GSE256173
200254347,GSE254347
200254310,GSE254310
200254063,GSE254063
200252934,GSE252934
200249130,GSE249130
200248828,GSE248828
200246236,GSE246236
200243775,GSE243775
200242908,GSE242908
200240747,GSE240747
200239991,GSE239991
200238257,GSE238257
200234163,GSE234163
200234110,GSE234110
200234057,GSE234057
200234056,GSE234056
200233538,GSE233538
200233483,GSE233483
200233479,GSE233479
200230325,GSE230325
200230293,GSE230293
200229394,GSE229394
200228619,GSE228619
200228553,GSE228553
200227707,GSE227707
200221906,GSE221906
200217204,GSE217204
200198142,GSE198142
200197901,GSE197901
200179344,GSE179344
200169337,GSE169337
200168441,GSE168441
200128116,GSE128116
200128114,GSE128114
200260560,GSE260560
200259422,GSE259422
200256268,GSE256268
200255774,GSE255774
200255773,GSE255773
200255684,GSE255684
200255414,GSE255414
200255413,GSE255413
200255412,GSE255412
200255410,GSE255410
200255408,GSE255408
200255227,GSE255227
200255153,GSE255153
200254880,GSE254880
200254731,GSE254731
200254610,GSE254610
200253795,GSE253795
200253519,GSE253519
200253331,GSE253331
200250155,GSE250155
200243375,GSE243375
200241336,GSE241336
200241335,GSE241335
200240799,GSE240799
200236864,GSE236864
200236841,GSE236841
200236840,GSE236840
200236839,GSE236839
200234623,GSE234623
200227846,GSE227846
200218249,GSE218249
200260500,GSE260500
200259300,GSE259300
200258991,GSE258991
200256457,GSE256457
200256455,GSE256455
200253782,GSE253782
200247649,GSE247649
200241847,GSE241847
200240671,GSE240671
200236847,GSE236847
200235637,GSE235637
200229509,GSE229509
200226789,GSE226789
200218242,GSE218242
200196453,GSE196453
200188355,GSE188355
200256271,GSE256271
200256035,GSE256035
200254684,GSE254684
200254592,GSE254592
200246405,GSE246405
200244109,GSE244109
200244107,GSE244107
200256275,GSE256275
200247146,GSE247146
200245500,GSE245500
200244455,GSE244455
200244198,GSE244198
200241873,GSE241873
200236896,GSE236896
200234973,GSE234973
200234424,GSE234424
200229980,GSE229980
200227666,GSE227666
200226170,GSE226170
200226059,GSE226059
200221514,GSE221514
200220728,GSE220728
200216328,GSE216328
200212471,GSE212471
200207569,GSE207569
200207521,GSE207521
200205035,GSE205035
200224500,GSE224500
200220143,GSE220143
200167512,GSE167512
200165024,GSE165024
200226224,GSE226224
200167394,GSE167394
200167391,GSE167391
200167383,GSE167383
200256410,GSE256410
200256100,GSE256100
200256050,GSE256050
200253223,GSE253223
200251644,GSE251644
200241874,GSE241874
200233609,GSE233609
200225900,GSE225900
200223586,GSE223586
200167557,GSE167557
200255015,GSE255015
200253815,GSE253815
200251849,GSE251849
200249914,GSE249914
200249587,GSE249587
200244311,GSE244311
200226151,GSE226151
200225982,GSE225982
200225781,GSE225781
200220523,GSE220523
200256193,GSE256193
200256124,GSE256124
200248874,GSE248874
200245977,GSE245977
200244042,GSE244042
200241041,GSE241041
200240079,GSE240079
200237403,GSE237403
200225890,GSE225890
200225290,GSE225290
200221921,GSE221921
200219156,GSE219156
200256181,GSE256181
200256003,GSE256003
200255958,GSE255958
200255896,GSE255896
200255852,GSE255852
200255598,GSE255598
200253466,GSE253466
200247052,GSE247052
200244470,GSE244470
200232007,GSE232007
200225466,GSE225466
200225197,GSE225197
200211565,GSE211565
200256061,GSE256061
200256049,GSE256049
200255988,GSE255988
200255786,GSE255786
200255709,GSE255709
200255705,GSE255705
200255518,GSE255518
200238198,GSE238198
200237910,GSE237910
200228168,GSE228168
200227976,GSE227976
200197798,GSE197798
200255729,GSE255729
200255672,GSE255672
200255659,GSE255659
200249500,GSE249500
200229834,GSE229834
200255752,GSE255752
200243157,GSE243157
200243039,GSE243039
200236849,GSE236849
200231560,GSE231560
200228430,GSE228430
200166966,GSE166966
200255894,GSE255894
200250348,GSE250348
200246824,GSE246824
200243468,GSE243468
200225493,GSE225493
200221128,GSE221128
200255898,GSE255898
200255798,GSE255798
200255604,GSE255604
200251743,GSE251743
200249098,GSE249098
200247949,GSE247949
200240639,GSE240639
200235648,GSE235648
200233900,GSE233900
200229877,GSE229877
200228563,GSE228563
200228559,GSE228559
200228525,GSE228525
200221746,GSE221746
200221218,GSE221218
200217103,GSE217103
200216810,GSE216810
200206336,GSE206336
200185726,GSE185726
200255467,GSE255467
200255448,GSE255448
200255129,GSE255129
200254035,GSE254035
200253221,GSE253221
200252406,GSE252406
200249569,GSE249569
200247460,GSE247460
200246554,GSE246554
200245491,GSE245491
200245407,GSE245407
200241871,GSE241871
200241621,GSE241621
200241467,GSE241467
200238108,GSE238108
200237606,GSE237606
200236504,GSE236504
200234866,GSE234866
200233557,GSE233557
200232825,GSE232825
200226901,GSE226901
200226148,GSE226148
200225210,GSE225210
200195791,GSE195791
200184072,GSE184072
200153033,GSE153033
200255489,GSE255489
200255332,GSE255332
200255223,GSE255223
200253458,GSE253458
200243689,GSE243689
200231458,GSE231458
200216117,GSE216117
200213762,GSE213762
200199503,GSE199503
200184247,GSE184247
200255313,GSE255313
200252275,GSE252275
200249536,GSE249536
200247920,GSE247920
200237653,GSE237653
200234475,GSE234475
200230362,GSE230362
200229663,GSE229663
200221407,GSE221407
200202399,GSE202399
200202397,GSE202397
200201409,GSE201409
200201251,GSE201251
200190804,GSE190804
200181905,GSE181905
200255300,GSE255300
200255171,GSE255171
200244626,GSE244626
200254916,GSE254916
200254649,GSE254649
200235908,GSE235908
200232383,GSE232383
200167074,GSE167074
200255053,GSE255053
200252260,GSE252260
200247094,GSE247094
200240305,GSE240305
200237338,GSE237338
200236529,GSE236529
200235549,GSE235549
200235031,GSE235031
200226677,GSE226677
200225605,GSE225605
200225479,GSE225479
200225017,GSE225017
200225013,GSE225013
200223221,GSE223221
200212380,GSE212380
200199578,GSE199578
200254556,GSE254556
200252686,GSE252686
200246660,GSE246660
200224943,GSE224943
200224845,GSE224845
200224410,GSE224410
200224131,GSE224131
200166407,GSE166407
200255209,GSE255209
200254718,GSE254718
200250091,GSE250091
200246615,GSE246615
200245011,GSE245011
200240722,GSE240722
200239295,GSE239295
200238116,GSE238116
200237496,GSE237496
200237033,GSE237033
200236139,GSE236139
200235621,GSE235621
200235374,GSE235374
200234304,GSE234304
200232764,GSE232764
200228680,GSE228680
200225031,GSE225031
200220879,GSE220879
200214628,GSE214628
200213206,GSE213206
200213204,GSE213204
200213203,GSE213203
200190738,GSE190738
200255058,GSE255058
200254833,GSE254833
200254832,GSE254832
200254060,GSE254060
200252051,GSE252051
200250050,GSE250050
200244349,GSE244349
200229504,GSE229504
200223370,GSE223370
200166344,GSE166344
200128901,GSE128901
200254904,GSE254904
200254900,GSE254900
200254899,GSE254899
200254896,GSE254896
200254844,GSE254844
200254830,GSE254830
200254742,GSE254742
200254526,GSE254526
200254480,GSE254480
200244170,GSE244170
200244124,GSE244124
200243329,GSE243329
200234737,GSE234737
200216196,GSE216196
200246283,GSE246283
200254716,GSE254716
200254461,GSE254461
200250086,GSE250086
200248764,GSE248764
200231493,GSE231493
200224468,GSE224468
200166139,GSE166139
200254913,GSE254913
200254859,GSE254859
200254593,GSE254593
200254394,GSE254394
200232587,GSE232587
200232518,GSE232518
200232515,GSE232515
200232514,GSE232514
200226900,GSE226900
200224607,GSE224607
200224328,GSE224328
200211609,GSE211609
200211608,GSE211608
200205057,GSE205057
200254651,GSE254651
200254309,GSE254309
200254218,GSE254218
200254205,GSE254205
200253450,GSE253450
200252740,GSE252740
200249910,GSE249910
200248633,GSE248633
200248632,GSE248632
200247637,GSE247637
200247217,GSE247217
200246690,GSE246690
200244104,GSE244104
200244103,GSE244103
200243674,GSE243674
200243122,GSE243122
200242759,GSE242759
200242332,GSE242332
200240486,GSE240486
200240011,GSE240011
200228210,GSE228210
200226449,GSE226449
200225515,GSE225515
200224393,GSE224393
200224323,GSE224323
200224248,GSE224248
200224044,GSE224044
200216667,GSE216667
200216093,GSE216093
200212877,GSE212877
200208058,GSE208058
200202224,GSE202224
200196724,GSE196724
200185442,GSE185442
200167247,GSE167247
200161111,GSE161111
200156250,GSE156250
200145285,GSE145285
200131317,GSE131317
200127455,GSE127455
200254300,GSE254300
200254232,GSE254232
200254152,GSE254152
200252576,GSE252576
200252119,GSE252119
200250474,GSE250474
200250453,GSE250453
200249404,GSE249404
200248320,GSE248320
200248116,GSE248116
200247990,GSE247990
200247382,GSE247382
200246925,GSE246925
200245557,GSE245557
200244651,GSE244651
200243237,GSE243237
200242898,GSE242898
200239635,GSE239635
200236109,GSE236109
200235027,GSE235027
200234008,GSE234008
200233949,GSE233949
200231452,GSE231452
200226743,GSE226743
200220545,GSE220545
200218896,GSE218896
200218474,GSE218474
200206395,GSE206395
200193928,GSE193928
200186279,GSE186279
200180831,GSE180831
200179333,GSE179333
200179332,GSE179332
200162386,GSE162386
200136106,GSE136106
200254523,GSE254523
200252046,GSE252046
200247497,GSE247497
200247495,GSE247495
200245914,GSE245914
200243879,GSE243879
200235949,GSE235949
200229894,GSE229894
200227465,GSE227465
200224008,GSE224008
200222016,GSE222016
200218158,GSE218158
200254019,GSE254019
200253789,GSE253789
200247401,GSE247401
200244886,GSE244886
200244666,GSE244666
200242947,GSE242947
200242202,GSE242202
200233761,GSE233761
200226754,GSE226754
200224576,GSE224576
200223924,GSE223924
200201798,GSE201798
200198228,GSE198228
200179769,GSE179769
200142306,GSE142306
200254069,GSE254069
200250022,GSE250022
200239865,GSE239865
200253920,GSE253920
200254015,GSE254015
200254012,GSE254012
200253960,GSE253960
200253204,GSE253204
200248012,GSE248012
200247890,GSE247890
200243936,GSE243936
200241796,GSE241796
200239531,GSE239531
200233242,GSE233242
200243627,GSE243627
200222052,GSE222052
200196443,GSE196443
200184448,GSE184448
200253992,GSE253992
200253662,GSE253662
200249353,GSE249353
200248634,GSE248634
200245402,GSE245402
200243441,GSE243441
200237739,GSE237739
200234660,GSE234660
200232450,GSE232450
200223669,GSE223669
200223607,GSE223607
200222400,GSE222400
200205723,GSE205723
200254018,GSE254018
200253943,GSE253943
200253756,GSE253756
200253742,GSE253742
200253741,GSE253741
200253678,GSE253678
200253540,GSE253540
200253502,GSE253502
200251967,GSE251967
200247186,GSE247186
200231964,GSE231964
200231738,GSE231738
200231737,GSE231737
200229975,GSE229975
200228769,GSE228769
200253554,GSE253554
200253490,GSE253490
200253424,GSE253424
200245454,GSE245454
200245449,GSE245449
200244518,GSE244518
200236003,GSE236003
200233855,GSE233855
200218054,GSE218054
200211969,GSE211969
200195625,GSE195625
200177044,GSE177044
200253500,GSE253500
200245523,GSE245523
200227549,GSE227549
200165224,GSE165224
200253688,GSE253688
200250609,GSE250609
200236438,GSE236438
200165159,GSE165159
200253465,GSE253465
200252489,GSE252489
200251645,GSE251645
200246981,GSE246981
200239321,GSE239321
200239317,GSE239317
200235704,GSE235704
200229741,GSE229741
200253564,GSE253564
200253413,GSE253413
200253260,GSE253260
200253222,GSE253222
200253203,GSE253203
200253113,GSE253113
200249895,GSE249895
200249552,GSE249552
200249278,GSE249278
200249195,GSE249195
200247307,GSE247307
200237412,GSE237412
200234062,GSE234062
200230421,GSE230421
200229469,GSE229469
200229468,GSE229468
200229467,GSE229467
200228296,GSE228296
200225523,GSE225523
200225522,GSE225522
200223749,GSE223749
200211272,GSE211272
200165123,GSE165123
200253433,GSE253433
200253105,GSE253105
200252988,GSE252988
200252692,GSE252692
200247360,GSE247360
200246983,GSE246983
200244307,GSE244307
200244236,GSE244236
200243712,GSE243712
200241205,GSE241205
200236168,GSE236168
200233408,GSE233408
200233386,GSE233386
200232377,GSE232377
200232193,GSE232193
200229015,GSE229015
200225884,GSE225884
200215349,GSE215349
200193447,GSE193447
200191244,GSE191244
200253141,GSE253141
200253086,GSE253086
200248893,GSE248893
200244354,GSE244354
200240755,GSE240755
200236888,GSE236888
200236884,GSE236884
200236882,GSE236882
200236739,GSE236739
200236402,GSE236402
200235862,GSE235862
200225872,GSE225872
200212266,GSE212266
200253246,GSE253246
200252909,GSE252909
200252544,GSE252544
200252148,GSE252148
200250463,GSE250463
200250355,GSE250355
200250323,GSE250323
200247526,GSE247526
200233186,GSE233186
200233183,GSE233183
200233182,GSE233182
200232786,GSE232786
200232783,GSE232783
200217880,GSE217880
200164886,GSE164886
200128179,GSE128179
200252979,GSE252979
200252960,GSE252960
200252944,GSE252944
200229032,GSE229032
200178425,GSE178425
200250533,GSE250533
200250532,GSE250532
200222047,GSE222047
200186588,GSE186588
200164880,GSE164880
200154881,GSE154881
200252733,GSE252733
200252626,GSE252626
200246628,GSE246628
200246627,GSE246627
200246626,GSE246626
200245839,GSE245839
200222298,GSE222298
200221589,GSE221589
200252761,GSE252761
200252752,GSE252752
200252689,GSE252689
200250064,GSE250064
200238270,GSE238270
200231943,GSE231943
200227354,GSE227354
200216851,GSE216851
200211357,GSE211357
200252876,GSE252876
200252858,GSE252858
200252753,GSE252753
200252610,GSE252610
200252379,GSE252379
200248927,GSE248927
200247275,GSE247275
200246391,GSE246391
200244543,GSE244543
200241150,GSE241150
200236401,GSE236401
200234091,GSE234091
200230536,GSE230536
200229890,GSE229890
200229600,GSE229600
200229136,GSE229136
200228106,GSE228106
200226566,GSE226566
200226565,GSE226565
200226448,GSE226448
200225307,GSE225307
200222831,GSE222831
200222640,GSE222640
200222421,GSE222421
200205343,GSE205343
200198415,GSE198415
200181293,GSE181293
200252708,GSE252708
200252575,GSE252575
200252540,GSE252540
200250617,GSE250617
200250422,GSE250422
200242020,GSE242020
200242017,GSE242017
200241066,GSE241066
200239374,GSE239374
200236538,GSE236538
200252056,GSE252056
200244711,GSE244711
200244708,GSE244708
200244699,GSE244699
200235781,GSE235781
200225849,GSE225849
200223261,GSE223261
200223257,GSE223257
200223253,GSE223253
200222834,GSE222834
200171582,GSE171582
200251914,GSE251914
200244892,GSE244892
200244891,GSE244891
200243177,GSE243177
200164428,GSE164428
200252667,GSE252667
200229671,GSE229671
200229265,GSE229265
200226592,GSE226592
200252412,GSE252412
200252181,GSE252181
200236749,GSE236749
200235052,GSE235052
200234560,GSE234560
200230065,GSE230065
200247203,GSE247203
200245122,GSE245122
200240267,GSE240267
200236622,GSE236622
200219008,GSE219008
200207680,GSE207680
200252280,GSE252280
200252267,GSE252267
200252266,GSE252266
200248884,GSE248884
200248794,GSE248794
200245332,GSE245332
200237218,GSE237218
200236732,GSE236732
200230408,GSE230408
200224425,GSE224425
200219159,GSE219159
200211696,GSE211696
200210546,GSE210546
200207058,GSE207058
200165298,GSE165298
200161696,GSE161696
200252399,GSE252399
200246270,GSE246270
200242297,GSE242297
200240387,GSE240387
200237545,GSE237545
200237539,GSE237539
200236689,GSE236689
200235178,GSE235178
200231715,GSE231715
200222312,GSE222312
200164155,GSE164155
200151433,GSE151433
200252276,GSE252276
200252140,GSE252140
200252017,GSE252017
200251969,GSE251969
200251765,GSE251765
200248853,GSE248853
200248721,GSE248721
200248435,GSE248435
200248408,GSE248408
200248368,GSE248368
200248257,GSE248257
200248024,GSE248024
200247588,GSE247588
200245778,GSE245778
200245440,GSE245440
200245051,GSE245051
200244948,GSE244948
200244588,GSE244588
200244273,GSE244273
200242284,GSE242284
200240942,GSE240942
200240600,GSE240600
200238066,GSE238066
200237960,GSE237960
200237284,GSE237284
200236985,GSE236985
200236250,GSE236250
200235537,GSE235537
200235536,GSE235536
200235535,GSE235535
200228267,GSE228267
200228221,GSE228221
200226839,GSE226839
200225007,GSE225007
200223811,GSE223811
200223415,GSE223415
200223148,GSE223148
200222802,GSE222802
200222553,GSE222553
200222114,GSE222114
200221932,GSE221932
200220807,GSE220807
200218860,GSE218860
200207038,GSE207038
200205730,GSE205730
200205729,GSE205729
200202361,GSE202361
200197597,GSE197597
200194365,GSE194365
200194287,GSE194287
200193023,GSE193023
200185169,GSE185169
200165769,GSE165769
200252132,GSE252132
200248935,GSE248935
200247883,GSE247883
200247175,GSE247175
200246446,GSE246446
200245941,GSE245941
200245748,GSE245748
200244672,GSE244672
200243680,GSE243680
200243530,GSE243530
200242667,GSE242667
200241523,GSE241523
200241396,GSE241396
200239939,GSE239939
200235757,GSE235757
200235595,GSE235595
200235075,GSE235075
200234446,GSE234446
200233700,GSE233700
200233647,GSE233647
200233159,GSE233159
200233112,GSE233112
200232638,GSE232638
200232596,GSE232596
200231436,GSE231436
200230773,GSE230773
200229339,GSE229339
200227682,GSE227682
200227541,GSE227541
200227181,GSE227181
200226653,GSE226653
200224742,GSE224742
200223426,GSE223426
200222862,GSE222862
200221795,GSE221795
200221409,GSE221409
200221217,GSE221217
200220643,GSE220643
200220537,GSE220537
200219191,GSE219191
200219190,GSE219190
200218422,GSE218422
200218282,GSE218282
200217795,GSE217795
200217701,GSE217701
200217526,GSE217526
200216870,GSE216870
200213936,GSE213936
200213559,GSE213559
200211517,GSE211517
200210150,GSE210150
200209911,GSE209911
200208353,GSE208353
200207472,GSE207472
200206151,GSE206151
200206149,GSE206149
200205274,GSE205274
200203269,GSE203269
200203070,GSE203070
200202571,GSE202571
200193751,GSE193751
200192870,GSE192870
200192577,GSE192577
200192495,GSE192495
200185829,GSE185829
200171671,GSE171671
200171537,GSE171537
200166340,GSE166340
200165700,GSE165700
200165419,GSE165419
200142463,GSE142463
200101564,GSE101564
200083563,GSE83563
200243230,GSE243230
200240555,GSE240555
200240438,GSE240438
200102574,GSE102574
200251995,GSE251995
200235681,GSE235681
200251971,GSE251971
200246892,GSE246892
200237002,GSE237002
200223229,GSE223229
200192594,GSE192594
200242316,GSE242316
200236706,GSE236706
200233685,GSE233685
200226836,GSE226836
200220319,GSE220319
200220312,GSE220312
200217904,GSE217904
200206410,GSE206410
200251950,GSE251950
200251766,GSE251766
200251741,GSE251741
200232712,GSE232712
200251899,GSE251899
200251814,GSE251814
200251692,GSE251692
200244895,GSE244895
200236228,GSE236228
200235038,GSE235038
200225919,GSE225919
200221839,GSE221839
200221415,GSE221415
200221229,GSE221229
200163868,GSE163868
200146203,GSE146203
200117596,GSE117596
200114151,GSE114151
200251992,GSE251992
200251903,GSE251903
200245115,GSE245115
200245008,GSE245008
200228008,GSE228008
200221573,GSE221573
200207840,GSE207840
200231368,GSE231368
200222009,GSE222009
200121169,GSE121169
200251872,GSE251872
200250567,GSE250567
200250524,GSE250524
200250089,GSE250089
200247993,GSE247993
200221586,GSE221586
200206328,GSE206328
200195800,GSE195800
200163714,GSE163714
200163713,GSE163713
200133977,GSE133977
200251777,GSE251777
200251772,GSE251772
200248736,GSE248736
200248217,GSE248217
200240334,GSE240334
200237995,GSE237995
200228928,GSE228928
200224650,GSE224650
200221623,GSE221623
200218676,GSE218676
200208281,GSE208281
200206957,GSE206957
200192860,GSE192860
200176006,GSE176006
200176005,GSE176005
200120375,GSE120375
200250207,GSE250207
200248062,GSE248062
200242687,GSE242687
200235094,GSE235094
200234632,GSE234632
200233930,GSE233930
200233288,GSE233288
200233267,GSE233267
200229420,GSE229420
200228090,GSE228090
200224805,GSE224805
200223615,GSE223615
200223548,GSE223548
200221512,GSE221512
200221262,GSE221262
200216849,GSE216849
200194191,GSE194191
200190704,GSE190704
200250059,GSE250059
200249786,GSE249786
200248889,GSE248889
200248177,GSE248177
200233149,GSE233149
200228804,GSE228804
200218183,GSE218183
200211567,GSE211567
200163812,GSE163812
200250471,GSE250471
200250305,GSE250305
200250063,GSE250063
200248493,GSE248493
200246602,GSE246602
200244210,GSE244210
200241139,GSE241139
200234877,GSE234877
200230050,GSE230050
200229869,GSE229869
200229868,GSE229868
200212577,GSE212577
200193619,GSE193619
200183928,GSE183928
200183927,GSE183927
200250211,GSE250211
200250087,GSE250087
200249054,GSE249054
200243052,GSE243052
200231583,GSE231583
200250118,GSE250118
200250117,GSE250117
200249954,GSE249954
200249023,GSE249023
200241438,GSE241438
200239859,GSE239859
200228786,GSE228786
200215771,GSE215771
200205465,GSE205465
200198643,GSE198643
200248772,GSE248772
200246781,GSE246781
200246651,GSE246651
200245761,GSE245761
200245621,GSE245621
200245488,GSE245488
200243404,GSE243404
200240357,GSE240357
200239514,GSE239514
200237459,GSE237459
200237458,GSE237458
200237457,GSE237457
200234836,GSE234836
200233865,GSE233865
200228163,GSE228163
200227871,GSE227871
200226285,GSE226285
200224874,GSE224874
200203647,GSE203647
200201250,GSE201250
200163180,GSE163180
200163178,GSE163178
200249763,GSE249763
200249677,GSE249677
200249529,GSE249529
200247178,GSE247178
200245603,GSE245603
200243947,GSE243947
200242858,GSE242858
200240690,GSE240690
200240564,GSE240564
200227527,GSE227527
200226541,GSE226541
200225356,GSE225356
200225315,GSE225315
200222045,GSE222045
200220781,GSE220781
200219212,GSE219212
200219146,GSE219146
200213021,GSE213021
200200182,GSE200182
200197609,GSE197609
200249807,GSE249807
200249726,GSE249726
200249624,GSE249624
200248887,GSE248887
200244629,GSE244629
200242388,GSE242388
200240659,GSE240659
200231016,GSE231016
200228900,GSE228900
200227393,GSE227393
200224358,GSE224358
200217965,GSE217965
200213065,GSE213065
200212526,GSE212526
200159334,GSE159334
200249837,GSE249837
200249282,GSE249282
200249273,GSE249273
200249160,GSE249160
200248367,GSE248367
200245819,GSE245819
200245816,GSE245816
200242674,GSE242674
200240109,GSE240109
200230789,GSE230789
200229325,GSE229325
200229324,GSE229324
200220847,GSE220847
200163109,GSE163109
200249455,GSE249455
200249383,GSE249383
200246587,GSE246587
200246586,GSE246586
200249787,GSE249787
200249723,GSE249723
200248770,GSE248770
200248769,GSE248769
200240447,GSE240447
200235899,GSE235899
200234998,GSE234998
200162954,GSE162954
200249158,GSE249158
200248424,GSE248424
200243919,GSE243919
200241526,GSE241526
200232995,GSE232995
200232994,GSE232994
200229250,GSE229250
200228691,GSE228691
200228690,GSE228690
200222984,GSE222984
200220232,GSE220232
200190158,GSE190158
200249202,GSE249202
200231861,GSE231861
200227512,GSE227512
200216266,GSE216266
200216179,GSE216179
200207643,GSE207643
200185951,GSE185951
200183464,GSE183464
200162852,GSE162852
200249514,GSE249514
200249027,GSE249027
200248734,GSE248734
200243094,GSE243094
200240197,GSE240197
200237216,GSE237216
200232914,GSE232914
200229674,GSE229674
200227513,GSE227513
200224547,GSE224547
200223150,GSE223150
200222263,GSE222263
200220254,GSE220254
200215012,GSE215012
200215011,GSE215011
200212215,GSE212215
200210212,GSE210212
200249302,GSE249302
200249138,GSE249138
200249094,GSE249094
200248903,GSE248903
200246058,GSE246058
200245451,GSE245451
200229393,GSE229393
200224678,GSE224678
200216528,GSE216528
200216527,GSE216527
200216526,GSE216526
200207516,GSE207516
200249225,GSE249225
200249133,GSE249133
200248991,GSE248991
200248902,GSE248902
200248895,GSE248895
200248686,GSE248686
200237256,GSE237256
200235462,GSE235462
200231363,GSE231363
200228063,GSE228063
200227729,GSE227729
200249082,GSE249082
200221717,GSE221717
200220906,GSE220906
200184647,GSE184647
200184455,GSE184455
200248670,GSE248670
200247513,GSE247513
200214227,GSE214227
200162494,GSE162494
200248848,GSE248848
200248751,GSE248751
200248750,GSE248750
200248490,GSE248490
200247886,GSE247886
200247884,GSE247884
200247819,GSE247819
200244934,GSE244934
200244710,GSE244710
200242710,GSE242710
200241878,GSE241878
200238067,GSE238067
200236598,GSE236598
200235634,GSE235634
200234821,GSE234821
200233810,GSE233810
200233547,GSE233547
200233436,GSE233436
200232211,GSE232211
200231913,GSE231913
200230393,GSE230393
200228711,GSE228711
200227380,GSE227380
200225537,GSE225537
200222013,GSE222013
200221726,GSE221726
200221148,GSE221148
200220668,GSE220668
200220307,GSE220307
200219288,GSE219288
200219171,GSE219171
200219134,GSE219134
200218830,GSE218830
200215393,GSE215393
200213769,GSE213769
200205590,GSE205590
200202220,GSE202220
200201936,GSE201936
200199092,GSE199092
200193919,GSE193919
200193877,GSE193877
200191172,GSE191172
200190628,GSE190628
200190621,GSE190621
200190461,GSE190461
200189228,GSE189228
200162912,GSE162912
200162614,GSE162614
200162414,GSE162414
200155724,GSE155724
200155723,GSE155723
200155722,GSE155722
200248562,GSE248562
200247226,GSE247226
200245669,GSE245669
200245427,GSE245427
200242083,GSE242083
200241586,GSE241586
200238213,GSE238213
200237758,GSE237758
200236987,GSE236987
200235606,GSE235606
200230201,GSE230201
200219088,GSE219088
200218688,GSE218688
200217399,GSE217399
200216285,GSE216285
200198946,GSE198946
200248580,GSE248580
200247831,GSE247831
200247499,GSE247499
200245505,GSE245505
200245428,GSE245428
200243774,GSE243774
200243291,GSE243291
200242002,GSE242002
200234985,GSE234985
200232704,GSE232704
200225057,GSE225057
200224612,GSE224612
200224611,GSE224611
200223654,GSE223654
200222477,GSE222477
200216006,GSE216006
200215815,GSE215815
200214663,GSE214663
200211240,GSE211240
200210196,GSE210196
200165374,GSE165374
200164432,GSE164432
200163675,GSE163675
200247989,GSE247989
200214503,GSE214503
200207353,GSE207353
200190106,GSE190106
200162297,GSE162297
200248382,GSE248382
200248355,GSE248355
200248339,GSE248339
200247049,GSE247049
200246973,GSE246973
200243096,GSE243096
200242199,GSE242199
200236153,GSE236153
200224749,GSE224749
200222990,GSE222990
200188641,GSE188641
200179294,GSE179294
200248378,GSE248378
200247663,GSE247663
200232336,GSE232336
200248221,GSE248221
200233774,GSE233774
200222199,GSE222199
200189740,GSE189740
200247426,GSE247426
200247230,GSE247230
200247120,GSE247120
200225011,GSE225011
200248373,GSE248373
200242009,GSE242009
200241759,GSE241759
200241758,GSE241758
200241227,GSE241227
200235204,GSE235204
200231650,GSE231650
200229879,GSE229879
200218732,GSE218732
200218175,GSE218175
200248071,GSE248071
200247463,GSE247463
200245015,GSE245015
200243159,GSE243159
200243152,GSE243152
200243151,GSE243151
200243150,GSE243150
200242521,GSE242521
200242520,GSE242520
200240841,GSE240841
200240623,GSE240623
200240278,GSE240278
200232191,GSE232191
200230009,GSE230009
200228681,GSE228681
200228587,GSE228587
200226538,GSE226538
200226358,GSE226358
200224900,GSE224900
200220105,GSE220105
200217142,GSE217142
200212907,GSE212907
200211128,GSE211128
200207546,GSE207546
200190546,GSE190546
200162078,GSE162078
200248261,GSE248261
200247835,GSE247835
200247471,GSE247471
200247465,GSE247465
200244024,GSE244024
200233441,GSE233441
200233083,GSE233083
200231341,GSE231341
200220900,GSE220900
200214795,GSE214795
200214794,GSE214794
200213495,GSE213495
200213181,GSE213181
200198922,GSE198922
200169378,GSE169378
200247804,GSE247804
200247361,GSE247361
200246971,GSE246971
200245824,GSE245824
200237066,GSE237066
200236772,GSE236772
200232041,GSE232041
200226303,GSE226303
200225940,GSE225940
200225939,GSE225939
200225938,GSE225938
200207533,GSE207533
200189230,GSE189230
200181212,GSE181212
200181208,GSE181208
200171572,GSE171572
200161963,GSE161963
200247786,GSE247786
200247777,GSE247777
200247735,GSE247735
200247720,GSE247720
200227711,GSE227711
200247580,GSE247580
200222420,GSE222420
200218334,GSE218334
200248039,GSE248039
200247987,GSE247987
200247919,GSE247919
200247557,GSE247557
200244265,GSE244265
200241402,GSE241402
200229351,GSE229351
200226324,GSE226324
200246439,GSE246439
200243455,GSE243455
200236125,GSE236125
200225633,GSE225633
200208283,GSE208283
200198881,GSE198881
200247723,GSE247723
200247541,GSE247541
200247337,GSE247337
200246323,GSE246323
200246111,GSE246111
200245844,GSE245844
200244959,GSE244959
200241280,GSE241280
200241127,GSE241127
200240902,GSE240902
200237104,GSE237104
200235202,GSE235202
200233094,GSE233094
200226360,GSE226360
200225253,GSE225253
200212762,GSE212762
200210469,GSE210469
200201995,GSE201995
200201160,GSE201160
200179856,GSE179856
200179329,GSE179329
200179327,GSE179327
200162235,GSE162235
200245262,GSE245262
200242432,GSE242432
200232808,GSE232808
200225650,GSE225650
200216645,GSE216645
200247389,GSE247389
200247273,GSE247273
200247270,GSE247270
200247220,GSE247220
200247103,GSE247103
200247084,GSE247084
200243647,GSE243647
200241655,GSE241655
200240851,GSE240851
200231324,GSE231324
200228870,GSE228870
200201657,GSE201657
200182008,GSE182008
200247420,GSE247420
200247296,GSE247296
200229084,GSE229084
200208234,GSE208234
200247159,GSE247159
200242791,GSE242791
200239657,GSE239657
200237245,GSE237245
200226687,GSE226687
200218180,GSE218180
200210504,GSE210504
200243421,GSE243421
200243356,GSE243356
200235404,GSE235404
200226478,GSE226478
200219211,GSE219211
200217776,GSE217776
200161208,GSE161208
200247419,GSE247419
200247418,GSE247418
200247417,GSE247417
200247414,GSE247414
200247170,GSE247170
200247026,GSE247026
200247025,GSE247025
200246571,GSE246571
200244254,GSE244254
200239934,GSE239934
200239933,GSE239933
200237983,GSE237983
200235403,GSE235403
200234729,GSE234729
200232797,GSE232797
200227673,GSE227673
200226590,GSE226590
200223655,GSE223655
200220228,GSE220228
200220227,GSE220227
200220226,GSE220226
200196109,GSE196109
200189028,GSE189028
200247298,GSE247298
200246963,GSE246963
200244469,GSE244469
200243422,GSE243422
200241167,GSE241167
200236742,GSE236742
200235662,GSE235662
200231835,GSE231835
200231834,GSE231834
200228991,GSE228991
200217572,GSE217572
200217547,GSE217547
200211763,GSE211763
200210667,GSE210667
200204929,GSE204929
200115057,GSE115057
200247168,GSE247168
200243014,GSE243014
200241995,GSE241995
200240311,GSE240311
200240258,GSE240258
200236636,GSE236636
200236420,GSE236420
200236419,GSE236419
200228238,GSE228238
200224004,GSE224004
200214756,GSE214756
200202922,GSE202922
200202599,GSE202599
200202598,GSE202598
200202597,GSE202597
200202595,GSE202595
200246823,GSE246823
200246425,GSE246425
200234795,GSE234795
200234170,GSE234170
200234164,GSE234164
200231706,GSE231706
200231339,GSE231339
200229701,GSE229701
200227040,GSE227040
200224182,GSE224182
200196073,GSE196073
200192760,GSE192760
200130639,GSE130639
200247028,GSE247028
200246995,GSE246995
200246769,GSE246769
200245063,GSE245063
200226161,GSE226161
200188464,GSE188464
200246567,GSE246567
200243702,GSE243702
200227274,GSE227274
200175859,GSE175859
200160870,GSE160870
200246708,GSE246708
200246608,GSE246608
200245744,GSE245744
200239379,GSE239379
200231858,GSE231858
200231619,GSE231619
200229682,GSE229682
200229675,GSE229675
200217195,GSE217195
200213102,GSE213102
200188385,GSE188385
200160762,GSE160762
200246886,GSE246886
200246843,GSE246843
200246562,GSE246562
200241795,GSE241795
200237803,GSE237803
200236746,GSE236746
200235066,GSE235066
200230741,GSE230741
200230181,GSE230181
200225549,GSE225549
200198517,GSE198517
200190279,GSE190279
200246749,GSE246749
200246680,GSE246680
200246383,GSE246383
200244985,GSE244985
200244807,GSE244807
200244407,GSE244407
200243543,GSE243543
200239407,GSE239407
200239406,GSE239406
200236958,GSE236958
200235842,GSE235842
200233234,GSE233234
200232159,GSE232159
200226374,GSE226374
200218164,GSE218164
200218163,GSE218163
200217154,GSE217154
200216934,GSE216934
200214189,GSE214189
200212812,GSE212812
200207088,GSE207088
200206639,GSE206639
200205487,GSE205487
200188813,GSE188813
200188746,GSE188746
200182629,GSE182629
200165449,GSE165449
200163939,GSE163939
200160939,GSE160939
200160818,GSE160818
200160626,GSE160626
200140416,GSE140416
200246684,GSE246684
200246411,GSE246411
200246335,GSE246335
200245978,GSE245978
200245776,GSE245776
200245661,GSE245661
200245616,GSE245616
200245554,GSE245554
200244356,GSE244356
200240356,GSE240356
200236334,GSE236334
200236327,GSE236327
200234779,GSE234779
200233736,GSE233736
200233126,GSE233126
200227436,GSE227436
200226627,GSE226627
200225162,GSE225162
200222017,GSE222017
200220931,GSE220931
200216239,GSE216239
200216238,GSE216238
200216022,GSE216022
200215162,GSE215162
200214882,GSE214882
200209844,GSE209844
200201276,GSE201276
200185867,GSE185867
200160606,GSE160606
200246593,GSE246593
200246435,GSE246435
200246408,GSE246408
200246378,GSE246378
200246340,GSE246340
200246263,GSE246263
200246229,GSE246229
200246199,GSE246199
200246197,GSE246197
200244856,GSE244856
200244854,GSE244854
200243720,GSE243720
200239284,GSE239284
200216516,GSE216516
200209677,GSE209677
200204836,GSE204836
200160553,GSE160553
200160542,GSE160542
200155394,GSE155394
200150223,GSE150223
200150222,GSE150222
200146944,GSE146944
200236203,GSE236203
200246440,GSE246440
200246073,GSE246073
200245762,GSE245762
200240734,GSE240734
200236458,GSE236458
200246049,GSE246049
200245184,GSE245184
200240344,GSE240344
200239412,GSE239412
200236761,GSE236761
200234308,GSE234308
200232621,GSE232621
200230383,GSE230383
200224036,GSE224036
200160356,GSE160356
200160222,GSE160222
200246325,GSE246325
200246050,GSE246050
200245854,GSE245854
200239282,GSE239282
200237008,GSE237008
200231829,GSE231829
200227288,GSE227288
200202866,GSE202866
200191144,GSE191144
200187784,GSE187784
200160299,GSE160299
200246135,GSE246135
200246082,GSE246082
200245954,GSE245954
200245210,GSE245210
200240393,GSE240393
200239928,GSE239928
200239335,GSE239335
200237091,GSE237091
200236263,GSE236263
200232508,GSE232508
200230638,GSE230638
200224437,GSE224437
200221129,GSE221129
200215788,GSE215788
200246164,GSE246164
200245919,GSE245919
200245887,GSE245887
200245766,GSE245766
200245764,GSE245764
200239547,GSE239547
200236919,GSE236919
200190708,GSE190708
200160089,GSE160089
200245635,GSE245635
200245634,GSE245634
200245624,GSE245624
200245515,GSE245515
200240789,GSE240789
200240277,GSE240277
200236365,GSE236365
200236253,GSE236253
200227926,GSE227926
200227925,GSE227925
200227406,GSE227406
200224910,GSE224910
200224909,GSE224909
200222469,GSE222469
200220780,GSE220780
200210751,GSE210751
200180244,GSE180244
200180233,GSE180233
200180231,GSE180231
200245973,GSE245973
200245545,GSE245545
200241973,GSE241973
200240889,GSE240889
200228257,GSE228257
200211829,GSE211829
200168020,GSE168020
200245789,GSE245789
200159896,GSE159896
200159776,GSE159776
200245694,GSE245694
200245692,GSE245692
200245536,GSE245536
200241427,GSE241427
200240674,GSE240674
200220298,GSE220298
200218794,GSE218794
200216358,GSE216358
200214943,GSE214943
200214941,GSE214941
200212961,GSE212961
200245680,GSE245680
200245418,GSE245418
200242721,GSE242721
200241876,GSE241876
200230494,GSE230494
200230068,GSE230068
200228348,GSE228348
200219170,GSE219170
200208423,GSE208423
200208422,GSE208422
200208421,GSE208421
200208420,GSE208420
200245354,GSE245354
200245281,GSE245281
200245155,GSE245155
200234070,GSE234070
200233125,GSE233125
200230388,GSE230388
200229842,GSE229842
200222110,GSE222110
200222101,GSE222101
200222099,GSE222099
200215252,GSE215252
200201778,GSE201778
200163020,GSE163020
200245507,GSE245507
200245270,GSE245270
200245219,GSE245219
200245121,GSE245121
200241938,GSE241938
200225516,GSE225516
200211158,GSE211158
200196600,GSE196600
200245459,GSE245459
200245375,GSE245375
200245279,GSE245279
200244930,GSE244930
200244878,GSE244878
200244833,GSE244833
200240444,GSE240444
200240244,GSE240244
200237998,GSE237998
200236730,GSE236730
200232233,GSE232233
200230585,GSE230585
200229158,GSE229158
200223364,GSE223364
200208440,GSE208440
200194201,GSE194201
200192547,GSE192547
200186633,GSE186633
200186151,GSE186151
200242592,GSE242592
200242046,GSE242046
200232176,GSE232176
200224079,GSE224079
200244962,GSE244962
200216484,GSE216484
200215355,GSE215355
200212835,GSE212835
200245001,GSE245001
200242338,GSE242338
200241712,GSE241712
200239914,GSE239914
200228662,GSE228662
200226870,GSE226870
200225846,GSE225846
200220659,GSE220659
200218949,GSE218949
200211468,GSE211468
200181011,GSE181011
200181010,GSE181010
200237053,GSE237053
200235587,GSE235587
200234297,GSE234297
200224564,GSE224564
200223908,GSE223908
200223758,GSE223758
200222362,GSE222362
200215432,GSE215432
200210131,GSE210131
200209739,GSE209739
200202078,GSE202078
200190046,GSE190046
200165479,GSE165479
200244787,GSE244787
200240750,GSE240750
200239994,GSE239994
200235810,GSE235810
200234823,GSE234823
200230200,GSE230200
200227497,GSE227497
200223295,GSE223295
200222377,GSE222377
200218585,GSE218585
200218284,GSE218284
200214029,GSE214029
200208345,GSE208345
200202511,GSE202511
200189822,GSE189822
200245027,GSE245027
200245006,GSE245006
200244967,GSE244967
200244957,GSE244957
200244778,GSE244778
200244740,GSE244740
200244730,GSE244730
200244716,GSE244716
200244714,GSE244714
200244376,GSE244376
200241430,GSE241430
200239684,GSE239684
200235468,GSE235468
200234514,GSE234514
200224037,GSE224037
200223773,GSE223773
200216017,GSE216017
200213963,GSE213963
200159348,GSE159348
200244867,GSE244867
200243588,GSE243588
200239897,GSE239897
200232375,GSE232375
200230040,GSE230040
200216813,GSE216813
200216812,GSE216812
200202898,GSE202898
200202838,GSE202838
200199009,GSE199009
200244533,GSE244533
200229574,GSE229574
200229573,GSE229573
200229571,GSE229571
200215104,GSE215104
200210790,GSE210790
200210787,GSE210787
200202048,GSE202048
200191110,GSE191110
200240364,GSE240364
200235235,GSE235235
200234020,GSE234020
200214493,GSE214493
200214492,GSE214492
200209655,GSE209655
200198963,GSE198963
200196862,GSE196862
200193340,GSE193340
200192533,GSE192533
200244404,GSE244404
200242861,GSE242861
200235232,GSE235232
200226804,GSE226804
200225762,GSE225762
200224890,GSE224890
200214694,GSE214694
200208774,GSE208774
200183374,GSE183374
200244282,GSE244282
200244272,GSE244272
200244271,GSE244271
200242916,GSE242916
200242915,GSE242915
200241474,GSE241474
200236606,GSE236606
200236552,GSE236552
200230646,GSE230646
200225699,GSE225699
200224691,GSE224691
200222962,GSE222962
200222960,GSE222960
200217881,GSE217881
200212976,GSE212976
200199257,GSE199257
200189309,GSE189309
200186392,GSE186392
200172238,GSE172238
200168223,GSE168223
200244305,GSE244305
200230522,GSE230522
200224412,GSE224412
200218773,GSE218773
200218446,GSE218446
200198386,GSE198386
200182370,GSE182370
200128590,GSE128590
200244241,GSE244241
200244112,GSE244112
200243891,GSE243891
200241571,GSE241571
200241570,GSE241570
200234988,GSE234988
200222728,GSE222728
200217893,GSE217893
200214487,GSE214487
200214480,GSE214480
200212049,GSE212049
200210202,GSE210202
200189157,GSE189157
200172023,GSE172023
200172022,GSE172022
200240103,GSE240103
200240101,GSE240101
200236917,GSE236917
200232805,GSE232805
200232331,GSE232331
200229718,GSE229718
200216609,GSE216609
200209953,GSE209953
200209601,GSE209601
200201398,GSE201398
200201122,GSE201122
200192726,GSE192726
200185872,GSE185872
200185299,GSE185299
200185295,GSE185295
200185270,GSE185270
200185248,GSE185248
200184643,GSE184643
200181337,GSE181337
200167163,GSE167163
200160230,GSE160230
200244097,GSE244097
200243739,GSE243739
200243620,GSE243620
200243367,GSE243367
200241891,GSE241891
200241645,GSE241645
200240907,GSE240907
200239898,GSE239898
200237014,GSE237014
200235245,GSE235245
200234384,GSE234384
200233167,GSE233167
200229069,GSE229069
200227672,GSE227672
200214566,GSE214566
200213931,GSE213931
200213892,GSE213892
200212767,GSE212767
200212760,GSE212760
200174180,GSE174180
200174179,GSE174179
200158897,GSE158897
200244325,GSE244325
200244095,GSE244095
200244057,GSE244057
200241699,GSE241699
200240921,GSE240921
200239351,GSE239351
200211363,GSE211363
200244190,GSE244190
200243897,GSE243897
200241931,GSE241931
200233497,GSE233497
200232261,GSE232261
200227221,GSE227221
200224071,GSE224071
200224070,GSE224070
200218999,GSE218999
200211831,GSE211831
200206428,GSE206428
200196195,GSE196195
200186587,GSE186587
200185695,GSE185695
200158770,GSE158770
200158705,GSE158705
200244209,GSE244209
200244091,GSE244091
200241126,GSE241126
200237398,GSE237398
200236653,GSE236653
200234177,GSE234177
200232399,GSE232399
200230791,GSE230791
200228774,GSE228774
200225020,GSE225020
200224992,GSE224992
200223181,GSE223181
200223173,GSE223173
200221475,GSE221475
200217012,GSE217012
200216137,GSE216137
200214070,GSE214070
200174161,GSE174161
200173889,GSE173889
200240307,GSE240307
200234506,GSE234506
200218625,GSE218625
200212557,GSE212557
200210729,GSE210729
200190547,GSE190547
200190544,GSE190544
200184915,GSE184915
200244082,GSE244082
200243990,GSE243990
200243933,GSE243933
200243914,GSE243914
200243904,GSE243904
200243618,GSE243618
200241095,GSE241095
200239737,GSE239737
200232598,GSE232598
200211063,GSE211063
200200512,GSE200512
200243717,GSE243717
200243552,GSE243552
200240960,GSE240960
200203371,GSE203371
200158530,GSE158530
200158515,GSE158515
200243850,GSE243850
200213992,GSE213992
200243125,GSE243125
200222695,GSE222695
200222032,GSE222032
200213981,GSE213981
200212034,GSE212034
200209628,GSE209628
200237861,GSE237861
200236090,GSE236090
200234687,GSE234687
200234598,GSE234598
200233648,GSE233648
200229787,GSE229787
200229786,GSE229786
200229785,GSE229785
200229784,GSE229784
200228992,GSE228992
200222861,GSE222861
200220629,GSE220629
200219011,GSE219011
200218726,GSE218726
200162341,GSE162341
200243538,GSE243538
200243537,GSE243537
200243454,GSE243454
200243097,GSE243097
200242931,GSE242931
200239422,GSE239422
200235610,GSE235610
200234927,GSE234927
200234760,GSE234760
200234465,GSE234465
200233818,GSE233818
200233209,GSE233209
200232838,GSE232838
200223077,GSE223077
200222892,GSE222892
200218091,GSE218091
200213759,GSE213759
200213339,GSE213339
200212122,GSE212122
200211588,GSE211588
200211587,GSE211587
200211585,GSE211585
200211582,GSE211582
200211581,GSE211581
200201244,GSE201244
200194263,GSE194263
200160273,GSE160273
200243405,GSE243405
200237687,GSE237687
200237658,GSE237658
200237131,GSE237131
200235262,GSE235262
200233595,GSE233595
200228283,GSE228283
200226904,GSE226904
200212191,GSE212191
200211101,GSE211101
200210972,GSE210972
200208634,GSE208634
200243175,GSE243175
200242151,GSE242151
200239585,GSE239585
200237121,GSE237121
200226765,GSE226765
200223327,GSE223327
200215757,GSE215757
200197495,GSE197495
200181777,GSE181777
200243108,GSE243108
200242933,GSE242933
200241970,GSE241970
200184273,GSE184273
200241108,GSE241108
200234464,GSE234464
200234344,GSE234344
200232175,GSE232175
200227999,GSE227999
200227982,GSE227982
200225148,GSE225148
200224155,GSE224155
200223795,GSE223795
200222993,GSE222993
200217060,GSE217060
200213323,GSE213323
200211812,GSE211812
200210607,GSE210607
200195455,GSE195455
200158019,GSE158019
200242804,GSE242804
200242059,GSE242059
200234949,GSE234949
200234513,GSE234513
200232821,GSE232821
200232818,GSE232818
200232817,GSE232817
200232404,GSE232404
200230453,GSE230453
200229014,GSE229014
200225068,GSE225068
200220469,GSE220469
200220166,GSE220166
200216345,GSE216345
200215994,GSE215994
200214432,GSE214432
200205281,GSE205281
200204956,GSE204956
200202723,GSE202723
200201770,GSE201770
200242782,GSE242782
200242706,GSE242706
200242105,GSE242105
200239960,GSE239960
200235696,GSE235696
200234800,GSE234800
200233634,GSE233634
200233383,GSE233383
200225375,GSE225375
200224988,GSE224988
200224849,GSE224849
200224317,GSE224317
200224266,GSE224266
200224106,GSE224106
200222207,GSE222207
200213038,GSE213038
200212759,GSE212759
200212209,GSE212209
200210803,GSE210803
200209570,GSE209570
200190923,GSE190923
200242849,GSE242849
200242848,GSE242848
200242690,GSE242690
200242551,GSE242551
200241448,GSE241448
200241447,GSE241447
200241356,GSE241356
200234126,GSE234126
200233425,GSE233425
200232034,GSE232034
200228649,GSE228649
200223854,GSE223854
200223517,GSE223517
200221355,GSE221355
200219029,GSE219029
200219028,GSE219028
200217541,GSE217541
200217348,GSE217348
200213217,GSE213217
200096530,GSE96530
200242840,GSE242840
200242722,GSE242722
200242255,GSE242255
200240111,GSE240111
200239678,GSE239678
200239634,GSE239634
200236188,GSE236188
200232390,GSE232390
200230623,GSE230623
200228287,GSE228287
200227737,GSE227737
200227176,GSE227176
200226539,GSE226539
200226111,GSE226111
200216178,GSE216178
200212840,GSE212840
200242673,GSE242673
200242323,GSE242323
200239688,GSE239688
200242715,GSE242715
200242360,GSE242360
200242307,GSE242307
200213565,GSE213565
200159209,GSE159209
200242514,GSE242514
200242311,GSE242311
200242290,GSE242290
200242252,GSE242252
200229705,GSE229705
200229253,GSE229253
200228549,GSE228549
200226045,GSE226045
200224687,GSE224687
200224526,GSE224526
200221070,GSE221070
200218546,GSE218546
200215786,GSE215786
200169538,GSE169538
200157763,GSE157763
200242555,GSE242555
200242367,GSE242367
200242231,GSE242231
200233618,GSE233618
200233264,GSE233264
200225369,GSE225369
200222643,GSE222643
200214605,GSE214605
200213610,GSE213610
200212954,GSE212954
200181404,GSE181404
200164919,GSE164919
200240772,GSE240772
200235930,GSE235930
200235208,GSE235208
200234354,GSE234354
200232333,GSE232333
200228017,GSE228017
200222041,GSE222041
200217995,GSE217995
200217990,GSE217990
200201669,GSE201669
200242281,GSE242281
200242276,GSE242276
200242108,GSE242108
200241903,GSE241903
200241792,GSE241792
200237836,GSE237836
200235224,GSE235224
200222279,GSE222279
200198110,GSE198110
200193978,GSE193978
200242217,GSE242217
200241993,GSE241993
200241992,GSE241992
200241948,GSE241948
200232185,GSE232185
200230291,GSE230291
200229658,GSE229658
200221013,GSE221013
200220158,GSE220158
200205163,GSE205163
200184450,GSE184450
200242022,GSE242022
200231823,GSE231823
200226192,GSE226192
200220995,GSE220995
200224121,GSE224121
200198359,GSE198359
200157665,GSE157665
200157373,GSE157373
200242092,GSE242092
200241943,GSE241943
200241942,GSE241942
200241764,GSE241764
200241554,GSE241554
200241223,GSE241223
200240211,GSE240211
200240116,GSE240116
200237907,GSE237907
200237407,GSE237407
200235850,GSE235850
200234647,GSE234647
200232115,GSE232115
200229967,GSE229967
200229657,GSE229657
200228624,GSE228624
200226544,GSE226544
200225380,GSE225380
200225044,GSE225044
200224973,GSE224973
200223348,GSE223348
200223297,GSE223297
200221401,GSE221401
200220795,GSE220795
200214548,GSE214548
200213907,GSE213907
200212990,GSE212990
200212517,GSE212517
200209982,GSE209982
200197092,GSE197092
200186735,GSE186735
200186734,GSE186734
200186733,GSE186733
200186635,GSE186635
200184307,GSE184307
200183201,GSE183201
200164330,GSE164330
200138237,GSE138237
200136651,GSE136651
200241861,GSE241861
200239512,GSE239512
200238129,GSE238129
200234637,GSE234637
200232904,GSE232904
200231611,GSE231611
200227643,GSE227643
200226599,GSE226599
200225869,GSE225869
200225095,GSE225095
200224104,GSE224104
200216570,GSE216570
200212638,GSE212638
200212631,GSE212631
200212620,GSE212620
200212175,GSE212175
200156832,GSE156832
200119603,GSE119603
200119224,GSE119224
200241282,GSE241282
200237738,GSE237738
200237229,GSE237229
200234870,GSE234870
200234342,GSE234342
200234002,GSE234002
200233043,GSE233043
200228881,GSE228881
200228633,GSE228633
200228269,GSE228269
200227163,GSE227163
200227126,GSE227126
200224980,GSE224980
200224293,GSE224293
200224246,GSE224246
200224216,GSE224216
200223524,GSE223524
200221557,GSE221557
200220788,GSE220788
200218993,GSE218993
200218965,GSE218965
200218048,GSE218048
200217451,GSE217451
200214563,GSE214563
200211833,GSE211833
200211684,GSE211684
200207838,GSE207838
200206390,GSE206390
200241622,GSE241622
200239671,GSE239671
200236966,GSE236966
200234733,GSE234733
200233000,GSE233000
200223893,GSE223893
200212330,GSE212330
200241702,GSE241702
200241520,GSE241520
200227594,GSE227594
200190687,GSE190687
200166411,GSE166411
200157046,GSE157046
200157034,GSE157034
200157032,GSE157032
200240732,GSE240732
200233597,GSE233597
200231949,GSE231949
200230661,GSE230661
200226751,GSE226751
200226749,GSE226749
200226748,GSE226748
200226747,GSE226747
200215792,GSE215792
200211393,GSE211393
200210016,GSE210016
200203507,GSE203507
200182775,GSE182775
200241615,GSE241615
200241352,GSE241352
200235897,GSE235897
200231354,GSE231354
200230194,GSE230194
200211934,GSE211934
200156869,GSE156869
200240795,GSE240795
200237684,GSE237684
200237138,GSE237138
200232173,GSE232173
200226584,GSE226584
200225905,GSE225905
200224479,GSE224479
200218093,GSE218093
200215881,GSE215881
200211215,GSE211215
200200313,GSE200313
200241301,GSE241301
200241300,GSE241300
200241102,GSE241102
200228122,GSE228122
200227502,GSE227502
200227501,GSE227501
200224745,GSE224745
200217540,GSE217540
200213402,GSE213402
200209772,GSE209772
200178845,GSE178845
200157506,GSE157506
200241031,GSE241031
200241017,GSE241017
200240989,GSE240989
200240775,GSE240775
200240769,GSE240769
200240516,GSE240516
200236833,GSE236833
200236118,GSE236118
200235812,GSE235812
200235448,GSE235448
200235316,GSE235316
200233732,GSE233732
200232876,GSE232876
200231891,GSE231891
200230372,GSE230372
200228512,GSE228512
200228280,GSE228280
200228277,GSE228277
200228274,GSE228274
200227503,GSE227503
200227230,GSE227230
200226707,GSE226707
200221398,GSE221398
200220618,GSE220618
200212810,GSE212810
200210008,GSE210008
200203287,GSE203287
200198801,GSE198801
200161990,GSE161990
200240898,GSE240898
200234417,GSE234417
200217625,GSE217625
200189706,GSE189706
200241204,GSE241204
200241164,GSE241164
200240760,GSE240760
200157013,GSE157013
200241032,GSE241032
200240978,GSE240978
200240746,GSE240746
200235435,GSE235435
200235433,GSE235433
200234262,GSE234262
200222973,GSE222973
200239495,GSE239495
200237219,GSE237219
200224817,GSE224817
200222442,GSE222442
200221328,GSE221328
200176154,GSE176154
200174335,GSE174335
200240928,GSE240928
200240741,GSE240741
200240567,GSE240567
200239394,GSE239394
200237129,GSE237129
200236663,GSE236663
200232558,GSE232558
200231962,GSE231962
200231960,GSE231960
200231959,GSE231959
200213727,GSE213727
200196610,GSE196610
200186521,GSE186521
200176214,GSE176214
200160359,GSE160359
200240896,GSE240896
200240453,GSE240453
200237022,GSE237022
200222253,GSE222253
200216274,GSE216274
200216273,GSE216273
200214897,GSE214897
200202566,GSE202566
200202447,GSE202447
200240439,GSE240439
200239784,GSE239784
200239740,GSE239740
200230717,GSE230717
200226705,GSE226705
200217325,GSE217325
200188437,GSE188437
200235310,GSE235310
200238005,GSE238005
200157181,GSE157181
200156281,GSE156281
200240204,GSE240204
200236652,GSE236652
200230430,GSE230430
200227015,GSE227015
200221050,GSE221050
200221045,GSE221045
200220126,GSE220126
200218098,GSE218098
200215433,GSE215433
200211375,GSE211375
200207670,GSE207670
200202708,GSE202708
200202518,GSE202518
200196387,GSE196387
200185840,GSE185840
200185604,GSE185604
200159114,GSE159114
200156045,GSE156045
200240226,GSE240226
200230490,GSE230490
200224718,GSE224718
200224063,GSE224063
200216115,GSE216115
200215241,GSE215241
200214010,GSE214010
200210909,GSE210909
200205767,GSE205767
200196597,GSE196597
200194237,GSE194237
200175757,GSE175757
200240435,GSE240435
200240394,GSE240394
200240195,GSE240195
200240145,GSE240145
200239877,GSE239877
200235305,GSE235305
200233933,GSE233933
200232221,GSE232221
200229941,GSE229941
200228578,GSE228578
200222291,GSE222291
200213046,GSE213046
200208022,GSE208022
200205969,GSE205969
200205965,GSE205965
200178738,GSE178738
200178736,GSE178736
200240391,GSE240391
200240320,GSE240320
200240319,GSE240319
200240256,GSE240256
200239900,GSE239900
200239677,GSE239677
200239325,GSE239325
200235658,GSE235658
200235466,GSE235466
200235366,GSE235366
200235357,GSE235357
200235082,GSE235082
200234148,GSE234148
200233119,GSE233119
200232843,GSE232843
200230398,GSE230398
200230067,GSE230067
200229229,GSE229229
200229119,GSE229119
200228126,GSE228126
200225214,GSE225214
200223201,GSE223201
200223073,GSE223073
200223037,GSE223037
200220806,GSE220806
200220792,GSE220792
200220173,GSE220173
200218433,GSE218433
200216988,GSE216988
200214921,GSE214921
200214354,GSE214354
200214235,GSE214235
200210958,GSE210958
200210112,GSE210112
200208568,GSE208568
200200683,GSE200683
200200682,GSE200682
200200469,GSE200469
200198884,GSE198884
200190087,GSE190087
200160391,GSE160391
200240217,GSE240217
200239918,GSE239918
200239911,GSE239911
200239906,GSE239906
200239904,GSE239904
200239844,GSE239844
200227919,GSE227919
200227205,GSE227205
200226570,GSE226570
200224677,GSE224677
200223863,GSE223863
200220120,GSE220120
200215975,GSE215975
200214327,GSE214327
200214272,GSE214272
200210777,GSE210777
200202160,GSE202160
200193645,GSE193645
200189996,GSE189996
200189035,GSE189035
200183150,GSE183150
200154548,GSE154548
200135686,GSE135686
200206102,GSE206102
200184322,GSE184322
200202206,GSE202206
200188664,GSE188664
200155759,GSE155759
200155717,GSE155717
200240053,GSE240053
200236027,GSE236027
200229685,GSE229685
200227528,GSE227528
200223212,GSE223212
200218220,GSE218220
200218042,GSE218042
200218041,GSE218041
200178337,GSE178337
200239920,GSE239920
200239615,GSE239615
200237484,GSE237484
200235941,GSE235941
200235048,GSE235048
200230557,GSE230557
200223613,GSE223613
200221228,GSE221228
200216352,GSE216352
200205892,GSE205892
200205873,GSE205873
200205855,GSE205855
200202859,GSE202859
200185335,GSE185335
200239610,GSE239610
200236856,GSE236856
200229254,GSE229254
200225327,GSE225327
200220881,GSE220881
200220268,GSE220268
200219195,GSE219195
200206464,GSE206464
200200541,GSE200541
200179624,GSE179624
200239662,GSE239662
200239482,GSE239482
200237795,GSE237795
200237596,GSE237596
200237361,GSE237361
200234981,GSE234981
200234816,GSE234816
200234736,GSE234736
200233446,GSE233446
200232624,GSE232624
200231871,GSE231871
200229866,GSE229866
200229091,GSE229091
200226112,GSE226112
200225628,GSE225628
200224899,GSE224899
200224420,GSE224420
200222313,GSE222313
200220538,GSE220538
200218289,GSE218289
200218236,GSE218236
200216975,GSE216975
200213346,GSE213346
200211756,GSE211756
200210858,GSE210858
200210775,GSE210775
200207863,GSE207863
200203181,GSE203181
200189367,GSE189367
200185738,GSE185738
200182733,GSE182733
200182066,GSE182066
200158714,GSE158714
200155808,GSE155808
200103233,GSE103233
200239666,GSE239666
200239593,GSE239593
200238178,GSE238178
200238166,GSE238166
200237922,GSE237922
200236923,GSE236923
200236275,GSE236275
200235980,GSE235980
200235548,GSE235548
200235295,GSE235295
200234939,GSE234939
200234488,GSE234488
200233651,GSE233651
200232849,GSE232849
200230062,GSE230062
200214150,GSE214150
200209869,GSE209869
200208776,GSE208776
200208007,GSE208007
200206478,GSE206478
200195524,GSE195524
200183992,GSE183992
200179645,GSE179645
200156054,GSE156054
200155220,GSE155220
200154059,GSE154059
200123416,GSE123416
200238164,GSE238164
200238123,GSE238123
200236490,GSE236490
200224922,GSE224922
200224350,GSE224350
200130520,GSE130520
200238208,GSE238208
200237996,GSE237996
200230956,GSE230956
200210105,GSE210105
200201871,GSE201871
200222117,GSE222117
200216447,GSE216447
200216423,GSE216423
200209981,GSE209981
200196449,GSE196449
200181096,GSE181096
200238161,GSE238161
200237841,GSE237841
200236934,GSE236934
200230706,GSE230706
200220184,GSE220184
200220180,GSE220180
200214397,GSE214397
200210878,GSE210878
200210877,GSE210877
200209760,GSE209760
200238180,GSE238180
200237984,GSE237984
200232212,GSE232212
200231693,GSE231693
200231692,GSE231692
200231691,GSE231691
200227585,GSE227585
200210329,GSE210329
200165406,GSE165406
200238006,GSE238006
200237978,GSE237978
200235910,GSE235910
200234732,GSE234732
200233739,GSE233739
200232739,GSE232739
200232387,GSE232387
200226887,GSE226887
200223598,GSE223598
200207268,GSE207268
200238053,GSE238053
200238052,GSE238052
200238013,GSE238013
200237971,GSE237971
200237965,GSE237965
200234450,GSE234450
200233826,GSE233826
200231620,GSE231620
200231352,GSE231352
200221827,GSE221827
200220695,GSE220695
200212297,GSE212297
200205505,GSE205505
200200837,GSE200837
200197551,GSE197551
200237714,GSE237714
200237317,GSE237317
200237316,GSE237316
200237151,GSE237151
200231409,GSE231409
200230670,GSE230670
200178471,GSE178471
200218977,GSE218977
200237920,GSE237920
200236398,GSE236398
200228990,GSE228990
200228651,GSE228651
200228631,GSE228631
200228378,GSE228378
200220755,GSE220755
200216792,GSE216792
200214558,GSE214558
200214556,GSE214556
200214017,GSE214017
200212738,GSE212738
200208697,GSE208697
200182204,GSE182204
200235673,GSE235673
200224731,GSE224731
200224660,GSE224660
200223471,GSE223471
200220580,GSE220580
200213793,GSE213793
200179465,GSE179465
200236999,GSE236999
200236998,GSE236998
200232218,GSE232218
200230603,GSE230603
200230428,GSE230428
200229094,GSE229094
200227514,GSE227514
200226525,GSE226525
200226018,GSE226018
200225830,GSE225830
200225206,GSE225206
200225205,GSE225205
200223853,GSE223853
200217667,GSE217667
200211444,GSE211444
200208445,GSE208445
200183352,GSE183352
200156554,GSE156554
200237608,GSE237608
200237555,GSE237555
200237552,GSE237552
200237363,GSE237363
200235167,GSE235167
200233817,GSE233817
200229810,GSE229810
200218463,GSE218463
200218462,GSE218462
200211758,GSE211758
200201660,GSE201660
200201384,GSE201384
200190724,GSE190724
200154681,GSE154681
200237298,GSE237298
200237137,GSE237137
200236946,GSE236946
200235768,GSE235768
200235013,GSE235013
200232944,GSE232944
200225643,GSE225643
200223359,GSE223359
200219278,GSE219278
200218004,GSE218004
200124542,GSE124542
200236657,GSE236657
200236983,GSE236983
200236932,GSE236932
200221663,GSE221663
200237310,GSE237310
200237059,GSE237059
200237011,GSE237011
200235348,GSE235348
200233687,GSE233687
200232869,GSE232869
200229945,GSE229945
200222793,GSE222793
200222527,GSE222527
200216687,GSE216687
200210635,GSE210635
200205648,GSE205648
200203082,GSE203082
200176523,GSE176523
200176522,GSE176522
200156696,GSE156696
200155883,GSE155883
200236764,GSE236764
200235843,GSE235843
200221104,GSE221104
200218097,GSE218097
200205366,GSE205366
200201851,GSE201851
200154382,GSE154382
200236993,GSE236993
200236818,GSE236818
200236806,GSE236806
200233548,GSE233548
200225174,GSE225174
200224094,GSE224094
200218130,GSE218130
200213258,GSE213258
200211866,GSE211866
200211262,GSE211262
200208116,GSE208116
200207886,GSE207886
200207741,GSE207741
200200129,GSE200129
200176303,GSE176303
200154561,GSE154561
200236871,GSE236871
200236670,GSE236670
200236661,GSE236661
200236651,GSE236651
200236562,GSE236562
200236499,GSE236499
200236498,GSE236498
200236497,GSE236497
200236435,GSE236435
200236286,GSE236286
200236088,GSE236088
200231747,GSE231747
200228004,GSE228004
200224050,GSE224050
200221916,GSE221916
200207618,GSE207618
200236758,GSE236758
200236610,GSE236610
200230666,GSE230666
200226562,GSE226562
200223959,GSE223959
200222367,GSE222367
200221870,GSE221870
200216297,GSE216297
200214749,GSE214749
200214742,GSE214742
200212752,GSE212752
200182401,GSE182401
200154162,GSE154162
200233679,GSE233679
200221127,GSE221127
200214721,GSE214721
200207830,GSE207830
200189465,GSE189465
200236486,GSE236486
200236348,GSE236348
200214052,GSE214052
200213481,GSE213481
200213477,GSE213477
200213474,GSE213474
200236502,GSE236502
200210541,GSE210541
200210540,GSE210540
200209769,GSE209769
200207645,GSE207645
200200146,GSE200146
200179716,GSE179716
200154801,GSE154801
200236684,GSE236684
200236441,GSE236441
200236338,GSE236338
200236331,GSE236331
200236319,GSE236319
200236314,GSE236314
200235387,GSE235387
200233630,GSE233630
200232153,GSE232153
200226189,GSE226189
200223603,GSE223603
200221227,GSE221227
200220135,GSE220135
200208686,GSE208686
200208061,GSE208061
200205719,GSE205719
200201493,GSE201493
200190814,GSE190814
200179044,GSE179044
200154492,GSE154492
200236430,GSE236430
200236280,GSE236280
200235919,GSE235919
200235685,GSE235685
200232172,GSE232172
200228914,GSE228914
200228724,GSE228724
200228293,GSE228293
200228291,GSE228291
200228290,GSE228290
200228286,GSE228286
200224646,GSE224646
200222381,GSE222381
200211231,GSE211231
200207419,GSE207419
200207418,GSE207418
200207417,GSE207417
200236238,GSE236238
200236213,GSE236213
200236205,GSE236205
200236200,GSE236200
200236122,GSE236122
200236117,GSE236117
200234150,GSE234150
200231656,GSE231656
200218617,GSE218617
200218404,GSE218404
200188228,GSE188228
200236437,GSE236437
200236302,GSE236302
200236251,GSE236251
200234005,GSE234005
200232443,GSE232443
200228458,GSE228458
200220299,GSE220299
200220221,GSE220221
200217007,GSE217007
200215882,GSE215882
200206931,GSE206931
200179519,GSE179519
200236172,GSE236172
200236039,GSE236039
200235988,GSE235988
200235921,GSE235921
200235887,GSE235887
200235882,GSE235882
200224754,GSE224754
200218319,GSE218319
200217992,GSE217992
200207812,GSE207812
200236294,GSE236294
200236224,GSE236224
200235470,GSE235470
200234859,GSE234859
200234858,GSE234858
200234615,GSE234615
200234100,GSE234100
200234099,GSE234099
200228026,GSE228026
200222414,GSE222414
200221233,GSE221233
200218076,GSE218076
200217914,GSE217914
200217912,GSE217912
200213171,GSE213171
200209632,GSE209632
200206412,GSE206412
200205075,GSE205075
200201668,GSE201668
200196988,GSE196988
200196335,GSE196335
200181249,GSE181249
200180480,GSE180480
200154486,GSE154486
200153794,GSE153794
200137289,GSE137289
200117823,GSE117823
200235740,GSE235740
200235688,GSE235688
200235631,GSE235631
200234991,GSE234991
200234762,GSE234762
200234397,GSE234397
200234206,GSE234206
200233521,GSE233521
200233520,GSE233520
200233140,GSE233140
200233049,GSE233049
200232661,GSE232661
200223027,GSE223027
200221160,GSE221160
200218171,GSE218171
200217530,GSE217530
200216679,GSE216679
200216678,GSE216678
200216249,GSE216249
200216248,GSE216248
200211789,GSE211789
200210200,GSE210200
200209696,GSE209696
200200753,GSE200753
200200747,GSE200747
200200735,GSE200735
200200732,GSE200732
200200523,GSE200523
200199331,GSE199331
200198518,GSE198518
200193852,GSE193852
200174495,GSE174495
200174331,GSE174331
200171653,GSE171653
200149981,GSE149981
200146478,GSE146478
200235828,GSE235828
200235755,GSE235755
200234970,GSE234970
200224377,GSE224377
200220017,GSE220017
200206394,GSE206394
200206393,GSE206393
200235995,GSE235995
200235953,GSE235953
200233776,GSE233776
200232504,GSE232504
200231776,GSE231776
200227477,GSE227477
200223310,GSE223310
200222405,GSE222405
200222404,GSE222404
200218129,GSE218129
200217557,GSE217557
200212171,GSE212171
200196223,GSE196223
200235915,GSE235915
200235568,GSE235568
200229003,GSE229003
200227639,GSE227639
200216837,GSE216837
200216540,GSE216540
200216513,GSE216513
200214248,GSE214248
200195608,GSE195608
200235522,GSE235522
200235451,GSE235451
200229455,GSE229455
200225707,GSE225707
200221577,GSE221577
200211201,GSE211201
200235550,GSE235550
200235390,GSE235390
200235351,GSE235351
200205980,GSE205980
200158976,GSE158976
200100793,GSE100793
200233777,GSE233777
200222433,GSE222433
200213767,GSE213767
200206853,GSE206853
200153131,GSE153131
200153125,GSE153125
200235566,GSE235566
200235200,GSE235200
200198982,GSE198982
200197252,GSE197252
200193218,GSE193218
200174539,GSE174539
200150799,GSE150799
200235156,GSE235156
200230426,GSE230426
200227483,GSE227483
200223463,GSE223463
200213710,GSE213710
200186816,GSE186816
200155458,GSE155458
200235296,GSE235296
200227100,GSE227100
200223836,GSE223836
200223656,GSE223656
200221615,GSE221615
200221037,GSE221037
200210601,GSE210601
200210107,GSE210107
200205255,GSE205255
200202944,GSE202944
200199906,GSE199906
200197571,GSE197571
200197056,GSE197056
200192665,GSE192665
200178196,GSE178196
200235379,GSE235379
200235210,GSE235210
200231660,GSE231660
200220113,GSE220113
200215822,GSE215822
200210278,GSE210278
200208078,GSE208078
200152883,GSE152883
200083977,GSE83977
200235157,GSE235157
200234805,GSE234805
200231686,GSE231686
200228383,GSE228383
200227375,GSE227375
200226511,GSE226511
200224010,GSE224010
200219237,GSE219237
200212926,GSE212926
200212383,GSE212383
200212208,GSE212208
200202134,GSE202134
200152863,GSE152863
200234586,GSE234586
200234585,GSE234585
200217347,GSE217347
200234780,GSE234780
200234739,GSE234739
200234673,GSE234673
200234668,GSE234668
200216154,GSE216154
200133420,GSE133420
200234807,GSE234807
200234537,GSE234537
200229013,GSE229013
200226016,GSE226016
200226014,GSE226014
200216689,GSE216689
200206342,GSE206342
200205709,GSE205709
200179161,GSE179161
200234829,GSE234829
200232509,GSE232509
200221329,GSE221329
200181017,GSE181017
200152854,GSE152854
200110806,GSE110806
200234715,GSE234715
200234611,GSE234611
200234460,GSE234460
200232714,GSE232714
200230113,GSE230113
200228475,GSE228475
200227022,GSE227022
200226086,GSE226086
200225338,GSE225338
200221194,GSE221194
200220076,GSE220076
200218436,GSE218436
200217414,GSE217414
200215948,GSE215948
200212169,GSE212169
200212168,GSE212168
200208722,GSE208722
200207459,GSE207459
200205567,GSE205567
200204721,GSE204721
200202177,GSE202177
200201313,GSE201313
200234627,GSE234627
200234534,GSE234534
200234529,GSE234529
200234478,GSE234478
200230625,GSE230625
200189537,GSE189537
200233341,GSE233341
200229424,GSE229424
200227269,GSE227269
200224093,GSE224093
200214980,GSE214980
200212795,GSE212795
200207586,GSE207586
200196700,GSE196700
200234489,GSE234489
200234395,GSE234395
200234332,GSE234332
200200333,GSE200333
200234113,GSE234113
200230360,GSE230360
200227674,GSE227674
200215262,GSE215262
200205814,GSE205814
200196311,GSE196311
200179015,GSE179015
200176539,GSE176539
200234449,GSE234449
200234306,GSE234306
200233753,GSE233753
200232132,GSE232132
200224435,GSE224435
200215244,GSE215244
200214268,GSE214268
200206968,GSE206968
200206967,GSE206967
200205795,GSE205795
200203580,GSE203580
200203579,GSE203579
200203578,GSE203578
200183487,GSE183487
200155432,GSE155432
200147513,GSE147513
200234074,GSE234074
200233947,GSE233947
200228173,GSE228173
200223372,GSE223372
200221185,GSE221185
200220582,GSE220582
200220492,GSE220492
200220087,GSE220087
200205733,GSE205733
200152012,GSE152012
200234200,GSE234200
200234155,GSE234155
200234043,GSE234043
200233293,GSE233293
200229979,GSE229979
200226363,GSE226363
200223285,GSE223285
200220967,GSE220967
200220854,GSE220854
200218751,GSE218751
200218545,GSE218545
200218194,GSE218194
200216671,GSE216671
200214817,GSE214817
200209802,GSE209802
200206226,GSE206226
200205419,GSE205419
200194056,GSE194056
200190618,GSE190618
200074009,GSE74009
200234201,GSE234201
200233744,GSE233744
200233694,GSE233694
200226797,GSE226797
200221101,GSE221101
200219036,GSE219036
200215187,GSE215187
200213245,GSE213245
200211851,GSE211851
200194107,GSE194107
200192775,GSE192775
200234092,GSE234092
200233787,GSE233787
200233783,GSE233783
200228077,GSE228077
200222170,GSE222170
200208203,GSE208203
200173450,GSE173450
200173449,GSE173449
200173448,GSE173448
200173438,GSE173438
200151913,GSE151913
200151893,GSE151893
200151892,GSE151892
200151891,GSE151891
200205477,GSE205477
200188440,GSE188440
200151696,GSE151696
200228010,GSE228010
200227659,GSE227659
200225376,GSE225376
200214317,GSE214317
200212236,GSE212236
200211568,GSE211568
200211551,GSE211551
200200272,GSE200272
200190758,GSE190758
200152386,GSE152386
200233617,GSE233617
200233468,GSE233468
200233420,GSE233420
200233138,GSE233138
200230667,GSE230667
200230634,GSE230634
200230081,GSE230081
200227119,GSE227119
200226957,GSE226957
200226712,GSE226712
200224655,GSE224655
200222917,GSE222917
200222541,GSE222541
200221489,GSE221489
200220802,GSE220802
200220762,GSE220762
200218320,GSE218320
200217977,GSE217977
200217887,GSE217887
200211221,GSE211221
200210562,GSE210562
200210342,GSE210342
200209887,GSE209887
200206838,GSE206838
200206324,GSE206324
200205718,GSE205718
200205319,GSE205319
200205318,GSE205318
200202764,GSE202764
200200120,GSE200120
200178511,GSE178511
200176119,GSE176119
200171807,GSE171807
200171728,GSE171728
200166979,GSE166979
200153683,GSE153683
200152963,GSE152963
200233745,GSE233745
200233517,GSE233517
200233281,GSE233281
200231431,GSE231431
200227989,GSE227989
200227790,GSE227790
200227204,GSE227204
200225731,GSE225731
200225264,GSE225264
200222598,GSE222598
200221203,GSE221203
200218822,GSE218822
200214899,GSE214899
200213310,GSE213310
200210320,GSE210320
200202413,GSE202413
200196068,GSE196068
200189722,GSE189722
200185896,GSE185896
200184391,GSE184391
200181559,GSE181559
200178158,GSE178158
200176531,GSE176531
200233266,GSE233266
200233258,GSE233258
200232622,GSE232622
200228488,GSE228488
200213948,GSE213948
200190023,GSE190023
200160534,GSE160534
200233337,GSE233337
200231988,GSE231988
200227897,GSE227897
200220172,GSE220172
200207163,GSE207163
200205450,GSE205450
200231443,GSE231443
200191261,GSE191261
200188490,GSE188490
200233148,GSE233148
200233117,GSE233117
200230866,GSE230866
200218526,GSE218526
200213691,GSE213691
200175671,GSE175671
200151464,GSE151464
200151249,GSE151249
200233588,GSE233588
200233494,GSE233494
200233003,GSE233003
200226238,GSE226238
200225481,GSE225481
200221521,GSE221521
200204898,GSE204898
200233510,GSE233510
200233454,GSE233454
200233139,GSE233139
200232890,GSE232890
200228084,GSE228084
200226851,GSE226851
200226791,GSE226791
200226790,GSE226790
200226661,GSE226661
200224034,GSE224034
200217796,GSE217796
200202664,GSE202664
200182688,GSE182688
200152431,GSE152431
200233376,GSE233376
200233326,GSE233326
200233302,GSE233302
200229712,GSE229712
200227449,GSE227449
200223736,GSE223736
200218986,GSE218986
200218179,GSE218179
200217838,GSE217838
200211474,GSE211474
200210948,GSE210948
200210940,GSE210940
200209920,GSE209920
200205072,GSE205072
200204705,GSE204705
200143506,GSE143506
200130605,GSE130605
200125956,GSE125956
200233262,GSE233262
200233164,GSE233164
200226575,GSE226575
200220306,GSE220306
200220252,GSE220252
200211267,GSE211267
200203231,GSE203231
200185421,GSE185421
200232713,GSE232713
200228941,GSE228941
200225984,GSE225984
200223275,GSE223275
200215354,GSE215354
200215352,GSE215352
200232603,GSE232603
200200546,GSE200546
200175401,GSE175401
200151584,GSE151584
200229915,GSE229915
200215039,GSE215039
200203512,GSE203512
200150900,GSE150900
200150899,GSE150899
200150898,GSE150898
200232753,GSE232753
200232427,GSE232427
200232425,GSE232425
200222277,GSE222277
200217544,GSE217544
200185943,GSE185943
200184580,GSE184580
200183703,GSE183703
200150920,GSE150920
200225184,GSE225184
200218222,GSE218222
200202336,GSE202336
200167292,GSE167292
200117292,GSE117292
200232592,GSE232592
200232435,GSE232435
200230039,GSE230039
200229114,GSE229114
200228187,GSE228187
200224692,GSE224692
200222740,GSE222740
200219260,GSE219260
200218221,GSE218221
200217151,GSE217151
200217068,GSE217068
200216728,GSE216728
200214931,GSE214931
200210740,GSE210740
200206422,GSE206422
200205960,GSE205960
200204919,GSE204919
200196243,GSE196243
200193036,GSE193036
200192847,GSE192847
200192846,GSE192846
200192845,GSE192845
200192844,GSE192844
200158081,GSE158081
200232640,GSE232640
200232306,GSE232306
200232161,GSE232161
200232108,GSE232108
200228798,GSE228798
200213111,GSE213111
200211316,GSE211316
200206552,GSE206552
200204703,GSE204703
200195440,GSE195440
200176534,GSE176534
200176533,GSE176533
200232436,GSE232436
200232135,GSE232135
200232072,GSE232072
200232045,GSE232045
200231942,GSE231942
200231605,GSE231605
200229710,GSE229710
200227851,GSE227851
200221386,GSE221386
200207362,GSE207362
200203177,GSE203177
200198289,GSE198289
200193815,GSE193815
200150730,GSE150730
200232097,GSE232097
200232091,GSE232091
200223624,GSE223624
200222592,GSE222592
200220099,GSE220099
200208197,GSE208197
200199274,GSE199274
200232354,GSE232354
200203185,GSE203185
200150594,GSE150594
200150489,GSE150489
200232434,GSE232434
200232305,GSE232305
200231914,GSE231914
200231875,GSE231875
200227276,GSE227276
200226530,GSE226530
200226249,GSE226249
200225735,GSE225735
200225383,GSE225383
200214889,GSE214889
200203220,GSE203220
200202933,GSE202933
200153327,GSE153327
200231644,GSE231644
200230869,GSE230869
200222758,GSE222758
200217535,GSE217535
200213119,GSE213119
200190214,GSE190214
200232170,GSE232170
200231762,GSE231762
200225330,GSE225330
200223313,GSE223313
200221323,GSE221323
200214101,GSE214101
200213199,GSE213199
200205748,GSE205748
200200857,GSE200857
200194278,GSE194278
200192962,GSE192962
200171742,GSE171742
200150260,GSE150260
200231938,GSE231938
200230653,GSE230653
200228765,GSE228765
200226721,GSE226721
200220094,GSE220094
200218644,GSE218644
200215259,GSE215259
200215258,GSE215258
200215257,GSE215257
200213655,GSE213655
200206058,GSE206058
200200418,GSE200418
200182410,GSE182410
200175867,GSE175867
200231593,GSE231593
200231591,GSE231591
200230445,GSE230445
200226759,GSE226759
200218827,GSE218827
200215285,GSE215285
200207202,GSE207202
200206660,GSE206660
200188945,GSE188945
200149962,GSE149962
200150029,GSE150029
200231744,GSE231744
200210682,GSE210682
200174018,GSE174018
200231509,GSE231509
200230573,GSE230573
200225236,GSE225236
200224885,GSE224885
200223514,GSE223514
200210808,GSE210808
200207330,GSE207330
200231520,GSE231520
200231519,GSE231519
200228997,GSE228997
200228532,GSE228532
200227014,GSE227014
200223024,GSE223024
200221804,GSE221804
200231594,GSE231594
200231200,GSE231200
200230352,GSE230352
200228892,GSE228892
200228567,GSE228567
200226549,GSE226549
200225945,GSE225945
200224811,GSE224811
200223470,GSE223470
200220212,GSE220212
200218451,GSE218451
200215748,GSE215748
200211282,GSE211282
200207837,GSE207837
200206662,GSE206662
200202014,GSE202014
200202013,GSE202013
200198486,GSE198486
200189941,GSE189941
200186655,GSE186655
200160369,GSE160369
200231310,GSE231310
200226233,GSE226233
200225601,GSE225601
200224499,GSE224499
200223179,GSE223179
200223177,GSE223177
200222814,GSE222814
200222813,GSE222813
200222812,GSE222812
200222811,GSE222811
200219215,GSE219215
200217126,GSE217126
200211844,GSE211844
200199425,GSE199425
200188187,GSE188187
200183754,GSE183754
200165605,GSE165605
200230577,GSE230577
200230370,GSE230370
200229974,GSE229974
200229973,GSE229973
200228307,GSE228307
200227975,GSE227975
200227791,GSE227791
200226801,GSE226801
200224939,GSE224939
200224907,GSE224907
200224599,GSE224599
200223312,GSE223312
200223270,GSE223270
200221332,GSE221332
200220948,GSE220948
200220927,GSE220927
200220702,GSE220702
200220677,GSE220677
200217210,GSE217210
200216873,GSE216873
200209745,GSE209745
200206677,GSE206677
200205512,GSE205512
200204969,GSE204969
200204809,GSE204809
200204743,GSE204743
200203246,GSE203246
200202603,GSE202603
200202069,GSE202069
200201156,GSE201156
200175445,GSE175445
200151680,GSE151680
200150255,GSE150255
200149867,GSE149867
200149783,GSE149783
200140602,GSE140602
200136598,GSE136598
200130182,GSE130182
200125984,GSE125984
200102136,GSE102136
200230609,GSE230609
200230608,GSE230608
200230303,GSE230303
200228776,GSE228776
200228327,GSE228327
200226283,GSE226283
200226282,GSE226282
200216453,GSE216453
200216452,GSE216452
200214833,GSE214833
200201996,GSE201996
200201909,GSE201909
200201121,GSE201121
200189963,GSE189963
200230995,GSE230995
200230386,GSE230386
200206264,GSE206264
200202141,GSE202141
200149556,GSE149556
200230397,GSE230397
200228821,GSE228821
200222909,GSE222909
200207005,GSE207005
200203159,GSE203159
200201545,GSE201545
200230686,GSE230686
200230685,GSE230685
200230443,GSE230443
200230114,GSE230114
200229825,GSE229825
200223554,GSE223554
200218939,GSE218939
200212695,GSE212695
200203119,GSE203119
200198525,GSE198525
200181837,GSE181837
200173422,GSE173422
200171082,GSE171082
200230401,GSE230401
200230198,GSE230198
200230002,GSE230002
200229070,GSE229070
200229068,GSE229068
200229066,GSE229066
200227854,GSE227854
200227511,GSE227511
200224537,GSE224537
200223838,GSE223838
200223380,GSE223380
200222775,GSE222775
200222334,GSE222334
200220613,GSE220613
200219207,GSE219207
200215750,GSE215750
200213161,GSE213161
200210980,GSE210980
200201334,GSE201334
200200700,GSE200700
200200441,GSE200441
200199822,GSE199822
200230174,GSE230174
200230118,GSE230118
200228178,GSE228178
200228167,GSE228167
200228158,GSE228158
200216576,GSE216576
200213558,GSE213558
200208085,GSE208085
200205261,GSE205261
200199698,GSE199698
200194313,GSE194313
200230048,GSE230048
200230041,GSE230041
200229750,GSE229750
200229026,GSE229026
200226935,GSE226935
200221762,GSE221762
200205308,GSE205308
200204885,GSE204885
200203375,GSE203375
200175370,GSE175370
200165543,GSE165543
200163726,GSE163726
200160638,GSE160638
200136549,GSE136549
200230216,GSE230216
200230215,GSE230215
200229904,GSE229904
200226857,GSE226857
200212107,GSE212107
200193937,GSE193937
200193936,GSE193936
200149265,GSE149265
200230273,GSE230273
200230283,GSE230283
200230197,GSE230197
200229650,GSE229650
200228136,GSE228136
200223891,GSE223891
200223890,GSE223890
200223888,GSE223888
200223887,GSE223887
200219162,GSE219162
200229914,GSE229914
200229805,GSE229805
200229731,GSE229731
200229704,GSE229704
200229652,GSE229652
200228434,GSE228434
200227931,GSE227931
200226406,GSE226406
200226389,GSE226389
200225767,GSE225767
200220058,GSE220058
200207253,GSE207253
200201105,GSE201105
200198488,GSE198488
200196921,GSE196921
200196549,GSE196549
200173160,GSE173160
200228390,GSE228390
200226990,GSE226990
200226339,GSE226339
200225387,GSE225387
200223264,GSE223264
200220796,GSE220796
200217738,GSE217738
200217684,GSE217684
200214720,GSE214720
200207704,GSE207704
200201134,GSE201134
200195631,GSE195631
200189632,GSE189632
200185373,GSE185373
200185239,GSE185239
200172303,GSE172303
200168705,GSE168705
200229778,GSE229778
200229742,GSE229742
200229400,GSE229400
200228571,GSE228571
200226518,GSE226518
200224598,GSE224598
200148987,GSE148987
200229503,GSE229503
200229313,GSE229313
200229312,GSE229312
200229309,GSE229309
200229308,GSE229308
200229306,GSE229306
200229305,GSE229305
200229304,GSE229304
200229303,GSE229303
200226667,GSE226667
200224249,GSE224249
200223292,GSE223292
200210274,GSE210274
200174670,GSE174670
200148870,GSE148870
200229452,GSE229452
200228702,GSE228702
200212619,GSE212619
200148725,GSE148725
200229607,GSE229607
200229580,GSE229580
200229410,GSE229410
200229349,GSE229349
200228903,GSE228903
200226746,GSE226746
200225974,GSE225974
200225920,GSE225920
200225761,GSE225761
200195761,GSE195761
200187007,GSE187007
200179743,GSE179743
200229611,GSE229611
200229331,GSE229331
200222992,GSE222992
200220845,GSE220845
200218575,GSE218575
200200769,GSE200769
200182833,GSE182833
200114876,GSE114876
200229333,GSE229333
200228464,GSE228464
200228119,GSE228119
200228115,GSE228115
200225738,GSE225738
200225710,GSE225710
200220040,GSE220040
200217718,GSE217718
200217717,GSE217717
200217181,GSE217181
200217180,GSE217180
200213483,GSE213483
200190496,GSE190496
200168368,GSE168368
200229210,GSE229210
200229205,GSE229205
200229031,GSE229031
200227698,GSE227698
200211371,GSE211371
200206436,GSE206436
200229098,GSE229098
200229083,GSE229083
200213300,GSE213300
200213192,GSE213192
200193620,GSE193620
200182830,GSE182830
200182759,GSE182759
200181427,GSE181427
200160515,GSE160515
200156845,GSE156845
200152261,GSE152261
200149241,GSE149241
200148580,GSE148580
200148552,GSE148552
200202262,GSE202262
200215457,GSE215457
200197702,GSE197702
200197029,GSE197029
200197028,GSE197028
200171809,GSE171809
200148287,GSE148287
200229057,GSE229057
200228687,GSE228687
200228572,GSE228572
200228522,GSE228522
200227301,GSE227301
200226604,GSE226604
200213993,GSE213993
200209942,GSE209942
200207685,GSE207685
200206333,GSE206333
200197659,GSE197659
200229133,GSE229133
200229036,GSE229036
200227811,GSE227811
200215384,GSE215384
200201434,GSE201434
200199168,GSE199168
200185433,GSE185433
200181472,GSE181472
200174708,GSE174708
200174571,GSE174571
200228755,GSE228755
200227377,GSE227377
200224715,GSE224715
200223883,GSE223883
200215235,GSE215235
200215041,GSE215041
200214537,GSE214537
200211066,GSE211066
200208637,GSE208637
200208535,GSE208535
200207487,GSE207487
200206493,GSE206493
200186580,GSE186580
200160205,GSE160205
200125256,GSE125256
200228089,GSE228089
200226071,GSE226071
200223787,GSE223787
200223759,GSE223759
200218402,GSE218402
200202884,GSE202884
200202532,GSE202532
200197508,GSE197508
200228524,GSE228524
200228476,GSE228476
200228460,GSE228460
200227994,GSE227994
200227860,GSE227860
200227839,GSE227839
200226162,GSE226162
200223588,GSE223588
200219027,GSE219027
200207400,GSE207400
200201598,GSE201598
200195688,GSE195688
200184089,GSE184089
200165513,GSE165513
200148518,GSE148518
200148489,GSE148489
200228419,GSE228419
200227335,GSE227335
200217403,GSE217403
200214319,GSE214319
200203494,GSE203494
200228497,GSE228497
200228427,GSE228427
200228156,GSE228156
200227161,GSE227161
200226646,GSE226646
200226330,GSE226330
200226325,GSE226325
200226307,GSE226307
200226159,GSE226159
200226035,GSE226035
200223804,GSE223804
200223652,GSE223652
200221782,GSE221782
200221327,GSE221327
200221264,GSE221264
200220488,GSE220488
200218735,GSE218735
200218203,GSE218203
200217749,GSE217749
200215068,GSE215068
200210987,GSE210987
200209521,GSE209521
200205890,GSE205890
200204848,GSE204848
200204847,GSE204847
200200948,GSE200948
200200744,GSE200744
200200714,GSE200714
200200627,GSE200627
200200367,GSE200367
200198481,GSE198481
200198275,GSE198275
200190294,GSE190294
200172354,GSE172354
200172349,GSE172349
200171797,GSE171797
200137832,GSE137832
200228582,GSE228582
200228537,GSE228537
200228243,GSE228243
200228145,GSE228145
200228144,GSE228144
200228049,GSE228049
200227802,GSE227802
200226869,GSE226869
200226245,GSE226245
200221971,GSE221971
200221714,GSE221714
200215321,GSE215321
200213842,GSE213842
200213141,GSE213141
200211978,GSE211978
200211563,GSE211563
200208546,GSE208546
200207721,GSE207721
200207319,GSE207319
200203236,GSE203236
200202825,GSE202825
200201967,GSE201967
200199856,GSE199856
200186502,GSE186502
200185990,GSE185990
200228263,GSE228263
200228261,GSE228261
200228217,GSE228217
200220530,GSE220530
200216355,GSE216355
200207649,GSE207649
200201137,GSE201137
200198297,GSE198297
200191055,GSE191055
200190529,GSE190529
200188501,GSE188501
200184419,GSE184419
200228528,GSE228528
200228188,GSE228188
200227789,GSE227789
200227116,GSE227116
200222493,GSE222493
200212883,GSE212883
200211433,GSE211433
200210911,GSE210911
200210075,GSE210075
200209880,GSE209880
200207650,GSE207650
200207214,GSE207214
200200006,GSE200006
200197555,GSE197555
200183636,GSE183636
200183609,GSE183609
200228393,GSE228393
200228320,GSE228320
200228094,GSE228094
200228038,GSE228038
200227747,GSE227747
200220620,GSE220620
200219181,GSE219181
200218535,GSE218535
200215358,GSE215358
200192489,GSE192489
200181638,GSE181638
200228234,GSE228234
200227970,GSE227970
200227945,GSE227945
200227910,GSE227910
200210045,GSE210045
200186791,GSE186791
200182378,GSE182378
200173681,GSE173681
200228205,GSE228205
200208639,GSE208639
200205622,GSE205622
200161414,GSE161414
200099704,GSE99704
200227220,GSE227220
200193155,GSE193155
200193154,GSE193154
200193153,GSE193153
200227721,GSE227721
200225138,GSE225138
200222393,GSE222393
200218128,GSE218128
200218125,GSE218125
200217099,GSE217099
200198298,GSE198298
200196947,GSE196947
200196594,GSE196594
200196593,GSE196593
200196579,GSE196579
200186145,GSE186145
200147437,GSE147437
200224751,GSE224751
200221551,GSE221551
200217050,GSE217050
200211651,GSE211651
200193125,GSE193125
200160289,GSE160289
200227609,GSE227609
200227379,GSE227379
200225161,GSE225161
200222817,GSE222817
200221793,GSE221793
200221028,GSE221028
200214583,GSE214583
200210618,GSE210618
200210582,GSE210582
200208538,GSE208538
200207871,GSE207871
200197844,GSE197844
200193201,GSE193201
200192839,GSE192839
200188533,GSE188533
200186198,GSE186198
200179731,GSE179731
200179632,GSE179632
200227812,GSE227812
200227592,GSE227592
200227572,GSE227572
200227546,GSE227546
200222216,GSE222216
200212353,GSE212353
200198419,GSE198419
200189585,GSE189585
200189584,GSE189584
200186997,GSE186997
200141785,GSE141785
200227743,GSE227743
200227667,GSE227667
200227554,GSE227554
200227433,GSE227433
200227402,GSE227402
200227378,GSE227378
200227315,GSE227315
200225517,GSE225517
200224683,GSE224683
200223805,GSE223805
200221923,GSE221923
200216743,GSE216743
200216043,GSE216043
200214323,GSE214323
200213650,GSE213650
200209828,GSE209828
200207453,GSE207453
200207167,GSE207167
200205726,GSE205726
200199037,GSE199037
200195670,GSE195670
200190125,GSE190125
200184972,GSE184972
200147510,GSE147510
200147304,GSE147304
200227469,GSE227469
200227206,GSE227206
200221526,GSE221526
200156270,GSE156270
200226941,GSE226941
200226863,GSE226863
200196927,GSE196927
200227127,GSE227127
200226866,GSE226866
200226862,GSE226862
200225949,GSE225949
200224734,GSE224734
200222890,GSE222890
200216205,GSE216205
200207982,GSE207982
200203518,GSE203518
200147224,GSE147224
200227247,GSE227247
200226770,GSE226770
200225901,GSE225901
200224302,GSE224302
200218604,GSE218604
200208616,GSE208616
200207514,GSE207514
200190479,GSE190479
200186169,GSE186169
200169107,GSE169107
200226522,GSE226522
200226408,GSE226408
200224082,GSE224082
200218668,GSE218668
200215785,GSE215785
200212719,GSE212719
200210387,GSE210387
200209698,GSE209698
200207723,GSE207723
200207722,GSE207722
200193407,GSE193407
200192649,GSE192649
200190353,GSE190353
200181604,GSE181604
200158015,GSE158015
200157330,GSE157330
200153384,GSE153384
200227069,GSE227069
200226998,GSE226998
200225591,GSE225591
200214382,GSE214382
200181930,GSE181930
200112219,GSE112219
200226982,GSE226982
200226757,GSE226757
200224548,GSE224548
200224101,GSE224101
200222023,GSE222023
200218556,GSE218556
200217772,GSE217772
200213545,GSE213545
200213099,GSE213099
200205816,GSE205816
200188644,GSE188644
200226888,GSE226888
200226617,GSE226617
200185866,GSE185866
200226987,GSE226987
200225336,GSE225336
200202990,GSE202990
200222658,GSE222658
200221429,GSE221429
200216568,GSE216568
200216567,GSE216567
200216566,GSE216566
200213488,GSE213488
200208192,GSE208192
200203362,GSE203362
200198463,GSE198463
200146795,GSE146795
200146716,GSE146716
200226734,GSE226734
200226664,GSE226664
200226061,GSE226061
200224287,GSE224287
200220446,GSE220446
200219166,GSE219166
200218828,GSE218828
200216446,GSE216446
200201563,GSE201563
200198379,GSE198379
200197001,GSE197001
200226933,GSE226933
200226825,GSE226825
200226605,GSE226605
200226545,GSE226545
200226436,GSE226436
200225217,GSE225217
200222273,GSE222273
200218227,GSE218227
200217895,GSE217895
200216126,GSE216126
200204771,GSE204771
200198614,GSE198614
200197062,GSE197062
200193566,GSE193566
200190580,GSE190580
200186331,GSE186331
200226808,GSE226808
200226665,GSE226665
200225825,GSE225825
200225064,GSE225064
200224561,GSE224561
200193330,GSE193330
200226253,GSE226253
200226146,GSE226146
200214888,GSE214888
200207499,GSE207499
200201023,GSE201023
200201019,GSE201019
200199685,GSE199685
200224870,GSE224870
200224869,GSE224869
200204753,GSE204753
200200167,GSE200167
200199006,GSE199006
200179288,GSE179288
200212648,GSE212648
200208082,GSE208082
200180761,GSE180761
200180760,GSE180760
200180755,GSE180755
200226166,GSE226166
200225714,GSE225714
200224401,GSE224401
200223730,GSE223730
200223729,GSE223729
200223728,GSE223728
200223391,GSE223391
200222284,GSE222284
200218251,GSE218251
200201894,GSE201894
200201056,GSE201056
200200074,GSE200074
200181162,GSE181162
200160863,GSE160863
200160862,GSE160862
200226129,GSE226129
200226115,GSE226115
200224107,GSE224107
200224105,GSE224105
200223682,GSE223682
200223681,GSE223681
200221066,GSE221066
200218060,GSE218060
200217550,GSE217550
200216018,GSE216018
200210676,GSE210676
200208213,GSE208213
200208212,GSE208212
200203008,GSE203008
200203007,GSE203007
200185848,GSE185848
200180406,GSE180406
200152185,GSE152185
200226136,GSE226136
200226034,GSE226034
200224991,GSE224991
200224201,GSE224201
200223799,GSE223799
200223241,GSE223241
200222932,GSE222932
200222408,GSE222408
200221394,GSE221394
200221265,GSE221265
200220475,GSE220475
200218232,GSE218232
200218082,GSE218082
200216730,GSE216730
200215841,GSE215841
200213153,GSE213153
200212796,GSE212796
200211281,GSE211281
200210393,GSE210393
200210249,GSE210249
200210043,GSE210043
200209837,GSE209837
200208313,GSE208313
200208312,GSE208312
200206357,GSE206357
200205531,GSE205531
200199819,GSE199819
200199535,GSE199535
200199414,GSE199414
200199250,GSE199250
200198097,GSE198097
200197755,GSE197755
200188947,GSE188947
200186463,GSE186463
200184611,GSE184611
200180185,GSE180185
200173163,GSE173163
200169523,GSE169523
200169304,GSE169304
200163989,GSE163989
200160458,GSE160458
200152091,GSE152091
200113634,GSE113634
200226239,GSE226239
200226069,GSE226069
200225965,GSE225965
200223298,GSE223298
200223103,GSE223103
200221752,GSE221752
200221680,GSE221680
200215967,GSE215967
200207274,GSE207274
200206503,GSE206503
200206502,GSE206502
200206501,GSE206501
200201321,GSE201321
200197354,GSE197354
200197345,GSE197345
200194213,GSE194213
200192942,GSE192942
200189158,GSE189158
200180941,GSE180941
200176366,GSE176366
200173483,GSE173483
200146719,GSE146719
200146195,GSE146195
200226232,GSE226232
200199086,GSE199086
200193200,GSE193200
200185139,GSE185139
200224901,GSE224901
200206961,GSE206961
200198335,GSE198335
200226037,GSE226037
200197816,GSE197816
200225530,GSE225530
200212350,GSE212350
200197913,GSE197913
200155134,GSE155134
200149397,GSE149397
200134901,GSE134901
200225751,GSE225751
200225649,GSE225649
200225644,GSE225644
200224864,GSE224864
200224129,GSE224129
200221705,GSE221705
200215214,GSE215214
200214471,GSE214471
200214306,GSE214306
200213022,GSE213022
200210935,GSE210935
200185567,GSE185567
200216626,GSE216626
200199838,GSE199838
200199490,GSE199490
200190239,GSE190239
200190178,GSE190178
200182593,GSE182593
200169289,GSE169289
200169287,GSE169287
200225564,GSE225564
200225347,GSE225347
200213156,GSE213156
200202529,GSE202529
200202524,GSE202524
200198777,GSE198777
200192887,GSE192887
200182014,GSE182014
200225392,GSE225392
200225329,GSE225329
200224914,GSE224914
200222646,GSE222646
200221954,GSE221954
200220803,GSE220803
200217288,GSE217288
200217287,GSE217287
200212231,GSE212231
200208047,GSE208047
200204665,GSE204665
200193414,GSE193414
200186640,GSE186640
200186639,GSE186639
200186638,GSE186638
200186637,GSE186637
200145652,GSE145652
200217428,GSE217428
200168815,GSE168815
200148385,GSE148385
200145560,GSE145560
200225378,GSE225378
200225159,GSE225159
200163088,GSE163088
200145448,GSE145448
200225509,GSE225509
200221165,GSE221165
200214401,GSE214401
200213373,GSE213373
200202592,GSE202592
200199376,GSE199376
200225453,GSE225453
200225446,GSE225446
200225131,GSE225131
200225108,GSE225108
200223570,GSE223570
200182647,GSE182647
200178267,GSE178267
200225003,GSE225003
200224999,GSE224999
200224740,GSE224740
200224730,GSE224730
200223350,GSE223350
200222739,GSE222739
200221950,GSE221950
200220097,GSE220097
200218256,GSE218256
200217366,GSE217366
200213797,GSE213797
200206959,GSE206959
200201311,GSE201311
200200260,GSE200260
200200259,GSE200259
200193704,GSE193704
200159473,GSE159473
200149334,GSE149334
200149324,GSE149324
200224998,GSE224998
200220942,GSE220942
200217555,GSE217555
200203642,GSE203642
200196722,GSE196722
200178127,GSE178127
200171324,GSE171324
200099720,GSE99720
200224888,GSE224888
200224882,GSE224882
200223839,GSE223839
200223342,GSE223342
200222245,GSE222245
200222129,GSE222129
200221562,GSE221562
200213255,GSE213255
200212853,GSE212853
200205813,GSE205813
200198272,GSE198272
200190851,GSE190851
200180783,GSE180783
200180782,GSE180782
200179728,GSE179728
200152734,GSE152734
200145729,GSE145729
200145224,GSE145224
200220766,GSE220766
200218784,GSE218784
200209898,GSE209898
200209896,GSE209896
200102553,GSE102553
200224765,GSE224765
200224311,GSE224311
200211440,GSE211440
200200206,GSE200206
200224681,GSE224681
200223507,GSE223507
200218911,GSE218911
200212326,GSE212326
200207182,GSE207182
200189820,GSE189820
200224795,GSE224795
200224615,GSE224615
200224439,GSE224439
200186542,GSE186542
200222349,GSE222349
200222348,GSE222348
200221182,GSE221182
200220877,GSE220877
200217746,GSE217746
200217334,GSE217334
200214245,GSE214245
200213705,GSE213705
200213092,GSE213092
200211974,GSE211974
200205279,GSE205279
200201740,GSE201740
200199811,GSE199811
200197744,GSE197744
200197698,GSE197698
200197487,GSE197487
200196320,GSE196320
200194388,GSE194388
200190451,GSE190451
200160389,GSE160389
200150710,GSE150710
200224783,GSE224783
200224432,GSE224432
200222693,GSE222693
200221579,GSE221579
200215309,GSE215309
200213845,GSE213845
200213269,GSE213269
200212886,GSE212886
200208679,GSE208679
200208415,GSE208415
200207081,GSE207081
200205457,GSE205457
200205356,GSE205356
200202182,GSE202182
200188477,GSE188477
200164973,GSE164973
200224405,GSE224405
200224384,GSE224384
200220776,GSE220776
200220591,GSE220591
200217709,GSE217709
200203517,GSE203517
200196706,GSE196706
200151605,GSE151605
200223556,GSE223556
200212645,GSE212645
200224514,GSE224514
200224262,GSE224262
200224257,GSE224257
200144304,GSE144304
200224325,GSE224325
200224294,GSE224294
200224022,GSE224022
200220821,GSE220821
200218554,GSE218554
200209976,GSE209976
200197465,GSE197465
200196655,GSE196655
200126342,GSE126342
200223747,GSE223747
200219132,GSE219132
200202869,GSE202869
200193176,GSE193176
200224056,GSE224056
200224046,GSE224046
200223670,GSE223670
200223543,GSE223543
200222503,GSE222503
200222353,GSE222353
200221993,GSE221993
200220972,GSE220972
200220911,GSE220911
200220670,GSE220670
200215364,GSE215364
200214751,GSE214751
200214322,GSE214322
200212539,GSE212539
200206438,GSE206438
200203435,GSE203435
200202570,GSE202570
200200900,GSE200900
200198697,GSE198697
200196962,GSE196962
200185503,GSE185503
200179658,GSE179658
200179657,GSE179657
200178864,GSE178864
200172441,GSE172441
200168401,GSE168401
200166493,GSE166493
200162199,GSE162199
200145272,GSE145272
200111051,GSE111051
200224200,GSE224200
200224096,GSE224096
200223763,GSE223763
200223405,GSE223405
200222288,GSE222288
200219065,GSE219065
200218727,GSE218727
200218378,GSE218378
200218276,GSE218276
200216846,GSE216846
200216577,GSE216577
200214065,GSE214065
200208076,GSE208076
200206762,GSE206762
200195952,GSE195952
200190442,GSE190442
200185511,GSE185511
200173312,GSE173312
200223718,GSE223718
200223679,GSE223679
200220630,GSE220630
200220294,GSE220294
200217948,GSE217948
200216503,GSE216503
200211450,GSE211450
200211448,GSE211448
200208331,GSE208331
200206510,GSE206510
200206470,GSE206470
200196479,GSE196479
200196477,GSE196477
200190438,GSE190438
200184562,GSE184562
200094235,GSE94235
200223990,GSE223990
200223753,GSE223753
200223609,GSE223609
200189054,GSE189054
200223600,GSE223600
200223248,GSE223248
200221382,GSE221382
200114376,GSE114376
200207101,GSE207101
200198670,GSE198670
200188777,GSE188777
200218527,GSE218527
200209903,GSE209903
200195559,GSE195559
200102537,GSE102537
200223661,GSE223661
200223396,GSE223396
200223390,GSE223390
200223378,GSE223378
200223305,GSE223305
200223219,GSE223219
200223165,GSE223165
200222515,GSE222515
200221282,GSE221282
200220916,GSE220916
200218950,GSE218950
200218618,GSE218618
200217798,GSE217798
200217613,GSE217613
200214668,GSE214668
200213411,GSE213411
200211502,GSE211502
200209894,GSE209894
200206098,GSE206098
200204905,GSE204905
200200080,GSE200080
200188770,GSE188770
200217537,GSE217537
200211993,GSE211993
200206027,GSE206027
200168791,GSE168791
200223466,GSE223466
200222702,GSE222702
200220683,GSE220683
200217810,GSE217810
200198144,GSE198144
200184427,GSE184427
200223046,GSE223046
200223011,GSE223011
200223195,GSE223195
200223119,GSE223119
200223118,GSE223118
200218635,GSE218635
200194251,GSE194251
200126615,GSE126615
200223325,GSE223325
200223064,GSE223064
200222982,GSE222982
200218492,GSE218492
200217371,GSE217371
200217264,GSE217264
200215461,GSE215461
200215316,GSE215316
200201021,GSE201021
200200821,GSE200821
200197118,GSE197118
200144652,GSE144652
200223140,GSE223140
200223139,GSE223139
200222905,GSE222905
200220759,GSE220759
200211398,GSE211398
200209939,GSE209939
200207359,GSE207359
200201514,GSE201514
200196219,GSE196219
200185513,GSE185513
200168496,GSE168496
200167309,GSE167309
200222895,GSE222895
200222308,GSE222308
200222306,GSE222306
200222305,GSE222305
200222304,GSE222304
200221532,GSE221532
200219209,GSE219209
200198551,GSE198551
200194307,GSE194307
200176062,GSE176062
200143982,GSE143982
200143939,GSE143939
200222833,GSE222833
200222769,GSE222769
200221082,GSE221082
200210499,GSE210499
200210498,GSE210498
200178896,GSE178896
200222889,GSE222889
200222526,GSE222526
200221690,GSE221690
200221273,GSE221273
200220707,GSE220707
200198460,GSE198460
200193427,GSE193427
200143789,GSE143789
200218819,GSE218819
200211830,GSE211830
200143697,GSE143697
200222599,GSE222599
200222509,GSE222509
200222451,GSE222451
200190432,GSE190432
200222825,GSE222825
200222824,GSE222824
200222823,GSE222823
200222822,GSE222822
200222821,GSE222821
200222783,GSE222783
200216458,GSE216458
200216304,GSE216304
200211700,GSE211700
200204934,GSE204934
200191088,GSE191088
200189747,GSE189747
200189727,GSE189727
200181828,GSE181828
200222749,GSE222749
200222521,GSE222521
200222386,GSE222386
200222376,GSE222376
200218033,GSE218033
200211945,GSE211945
200209551,GSE209551
200207912,GSE207912
200206548,GSE206548
200201070,GSE201070
200199750,GSE199750
200192475,GSE192475
200190044,GSE190044
200189995,GSE189995
200159801,GSE159801
200143588,GSE143588
200222402,GSE222402
200222221,GSE222221
200222187,GSE222187
200218942,GSE218942
200218902,GSE218902
200218587,GSE218587
200213611,GSE213611
200211681,GSE211681
200210373,GSE210373
200209759,GSE209759
200206082,GSE206082
200204999,GSE204999
200201735,GSE201735
200199381,GSE199381
200197923,GSE197923
200197115,GSE197115
200196917,GSE196917
200196065,GSE196065
200193832,GSE193832
200193769,GSE193769
200193721,GSE193721
200189983,GSE189983
200186289,GSE186289
200182831,GSE182831
200174388,GSE174388
200174387,GSE174387
200157125,GSE157125
200124975,GSE124975
200222593,GSE222593
200222259,GSE222259
200221894,GSE221894
200217552,GSE217552
200215304,GSE215304
200213696,GSE213696
200207510,GSE207510
200193777,GSE193777
200190722,GSE190722
200186257,GSE186257
200184892,GSE184892
200222437,GSE222437
200222281,GSE222281
200222190,GSE222190
200222186,GSE222186
200221868,GSE221868
200205618,GSE205618
200205402,GSE205402
200199877,GSE199877
200195705,GSE195705
200164435,GSE164435
200143339,GSE143339
200219114,GSE219114
200216397,GSE216397
200210999,GSE210999
200210647,GSE210647
200207526,GSE207526
200203207,GSE203207
200222365,GSE222365
200222136,GSE222136
200193268,GSE193268
200143237,GSE143237
200143227,GSE143227
200216876,GSE216876
200213472,GSE213472
200211322,GSE211322
200211247,GSE211247
200210006,GSE210006
200207410,GSE207410
200207409,GSE207409
200203329,GSE203329
200188584,GSE188584
200179800,GSE179800
200164359,GSE164359
200143273,GSE143273
200143163,GSE143163
200133116,GSE133116
200070622,GSE70622
200070449,GSE70449
200070447,GSE70447
200222204,GSE222204
200222194,GSE222194
200222068,GSE222068
200216757,GSE216757
200216479,GSE216479
200214624,GSE214624
200213281,GSE213281
200208018,GSE208018
200114563,GSE114563
200220680,GSE220680
200217567,GSE217567
200214466,GSE214466
200210130,GSE210130
200206845,GSE206845
200202683,GSE202683
200200793,GSE200793
200200792,GSE200792
200196045,GSE196045
200193993,GSE193993
200190917,GSE190917
200190079,GSE190079
200185341,GSE185341
200182878,GSE182878
200171331,GSE171331
200158542,GSE158542
200157020,GSE157020
200222044,GSE222044
200221961,GSE221961
200221173,GSE221173
200221103,GSE221103
200216833,GSE216833
200198309,GSE198309
200198308,GSE198308
200185372,GSE185372
200142985,GSE142985
200221934,GSE221934
200221866,GSE221866
200221786,GSE221786
200221563,GSE221563
200213289,GSE213289
200204980,GSE204980
200200143,GSE200143
200189913,GSE189913
200189912,GSE189912
200156658,GSE156658
200221838,GSE221838
200221250,GSE221250
200221058,GSE221058
200220273,GSE220273
200220156,GSE220156
200218039,GSE218039
200217342,GSE217342
200216832,GSE216832
200216692,GSE216692
200216439,GSE216439
200216413,GSE216413
200215263,GSE215263
200215150,GSE215150
200209653,GSE209653
200209536,GSE209536
200208335,GSE208335
200207836,GSE207836
200207302,GSE207302
200207301,GSE207301
200207135,GSE207135
200206288,GSE206288
200202937,GSE202937
200199424,GSE199424
200198434,GSE198434
200198338,GSE198338
200196590,GSE196590
200195851,GSE195851
200193411,GSE193411
200193329,GSE193329
200189299,GSE189299
200188328,GSE188328
200185936,GSE185936
200185910,GSE185910
200165778,GSE165778
200162576,GSE162576
200162575,GSE162575
200162490,GSE162490
200162488,GSE162488
200162486,GSE162486
200162342,GSE162342
200153619,GSE153619
200143694,GSE143694
200130807,GSE130807
200221945,GSE221945
200221925,GSE221925
200221871,GSE221871
200221742,GSE221742
200221091,GSE221091
200217132,GSE217132
200216125,GSE216125
200215335,GSE215335
200212743,GSE212743
200212591,GSE212591
200212248,GSE212248
200212201,GSE212201
200212181,GSE212181
200211118,GSE211118
200210336,GSE210336
200210080,GSE210080
200210070,GSE210070
200209979,GSE209979
200209978,GSE209978
200208711,GSE208711
200208089,GSE208089
200206374,GSE206374
200202724,GSE202724
200202347,GSE202347
200202345,GSE202345
200201646,GSE201646
200201174,GSE201174
200200462,GSE200462
200200291,GSE200291
200198919,GSE198919
200198630,GSE198630
200197505,GSE197505
200196557,GSE196557
200196469,GSE196469
200196226,GSE196226
200195804,GSE195804
200195803,GSE195803
200195696,GSE195696
200193971,GSE193971
200193382,GSE193382
200192757,GSE192757
200192756,GSE192756
200192677,GSE192677
200190615,GSE190615
200190456,GSE190456
200190449,GSE190449
200189757,GSE189757
200189311,GSE189311
200186405,GSE186405
200186218,GSE186218
200185324,GSE185324
200184102,GSE184102
200182319,GSE182319
200181513,GSE181513
200175900,GSE175900
200174823,GSE174823
200173995,GSE173995
200173750,GSE173750
200173394,GSE173394
200173306,GSE173306
200171838,GSE171838
200171278,GSE171278
200164437,GSE164437
200164322,GSE164322
200161634,GSE161634
200159849,GSE159849
200157343,GSE157343
200156510,GSE156510
200156472,GSE156472
200156184,GSE156184
200156038,GSE156038
200142761,GSE142761
200142757,GSE142757
200128420,GSE128420
200118511,GSE118511
200103076,GSE103076
200220258,GSE220258
200216610,GSE216610
200215087,GSE215087
200214515,GSE214515
200211637,GSE211637
200209533,GSE209533
200207036,GSE207036
200200398,GSE200398
200191275,GSE191275
200165616,GSE165616
200157197,GSE157197
200221912,GSE221912
200221861,GSE221861
200221860,GSE221860
200218791,GSE218791
200193495,GSE193495
200092945,GSE92945
200221851,GSE221851
200221633,GSE221633
200220285,GSE220285
200218153,GSE218153
200218101,GSE218101
200216497,GSE216497
200205786,GSE205786
200205431,GSE205431
200201050,GSE201050
200199143,GSE199143
200190263,GSE190263
200186063,GSE186063
200183458,GSE183458
200086179,GSE86179
200221700,GSE221700
200221511,GSE221511
200218012,GSE218012
200210385,GSE210385
200210384,GSE210384
200202777,GSE202777
200210943,GSE210943
200142702,GSE142702
200136406,GSE136406
200221672,GSE221672
200221384,GSE221384
200221312,GSE221312
200217570,GSE217570
200215351,GSE215351
200210592,GSE210592
200201537,GSE201537
200200021,GSE200021
200194036,GSE194036
200163317,GSE163317
200220856,GSE220856
200214725,GSE214725
200207760,GSE207760
200184253,GSE184253
200163518,GSE163518
200160201,GSE160201
200148984,GSE148984
200121394,GSE121394
200221207,GSE221207
200220214,GSE220214
200220213,GSE220213
200217999,GSE217999
200213694,GSE213694
200212873,GSE212873
200211114,GSE211114
200210560,GSE210560
200201831,GSE201831
200201299,GSE201299
200200023,GSE200023
200199361,GSE199361
200196459,GSE196459
200194330,GSE194330
200190732,GSE190732
200185028,GSE185028
200171521,GSE171521
200166018,GSE166018
200162336,GSE162336
200157047,GSE157047
200149096,GSE149096
200133727,GSE133727
200221435,GSE221435
200221012,GSE221012
200217910,GSE217910
200205244,GSE205244
200197169,GSE197169
200196049,GSE196049
200195568,GSE195568
200220716,GSE220716
200215149,GSE215149
200214267,GSE214267
200206928,GSE206928
200206689,GSE206689
200189133,GSE189133
200221234,GSE221234
200221016,GSE221016
200221015,GSE221015
200220952,GSE220952
200215801,GSE215801
200196452,GSE196452
200172270,GSE172270
200171520,GSE171520
200171519,GSE171519
200157936,GSE157936
200220815,GSE220815
200220721,GSE220721
200217888,GSE217888
200220865,GSE220865
200217979,GSE217979
200214773,GSE214773
200214342,GSE214342
200206606,GSE206606
200182094,GSE182094
200173374,GSE173374
200169221,GSE169221
200142279,GSE142279
200141716,GSE141716
200221059,GSE221059
200220614,GSE220614
200217647,GSE217647
200211657,GSE211657
200210388,GSE210388
200205345,GSE205345
200204855,GSE204855
200190435,GSE190435
200184829,GSE184829
200183319,GSE183319
200182085,GSE182085
200179475,GSE179475
200220822,GSE220822
200220609,GSE220609
200212161,GSE212161
200206667,GSE206667
200205777,GSE205777
200205161,GSE205161
200200020,GSE200020
200199868,GSE199868
200199200,GSE199200
200198906,GSE198906
200189909,GSE189909
200183297,GSE183297
200173754,GSE173754
200220634,GSE220634
200217770,GSE217770
200206020,GSE206020
200199835,GSE199835
200198398,GSE198398
200182680,GSE182680
200155244,GSE155244
200220741,GSE220741
200218395,GSE218395
200218394,GSE218394
200207471,GSE207471
200202197,GSE202197
200202093,GSE202093
200200781,GSE200781
200196985,GSE196985
200196043,GSE196043
200193900,GSE193900
200182144,GSE182144
200175696,GSE175696
200141892,GSE141892
200220541,GSE220541
200190699,GSE190699
200179381,GSE179381
200220084,GSE220084
200220083,GSE220083
200219274,GSE219274
200210031,GSE210031
200190638,GSE190638
200213872,GSE213872
200208184,GSE208184
200207404,GSE207404
200205311,GSE205311
200205184,GSE205184
200196354,GSE196354
200196351,GSE196351
200190996,GSE190996
200183444,GSE183444
200178784,GSE178784
200177038,GSE177038
200220441,GSE220441
200220250,GSE220250
200209863,GSE209863
200205727,GSE205727
200190177,GSE190177
200220283,GSE220283
200220148,GSE220148
200220066,GSE220066
200220063,GSE220063
200220061,GSE220061
200219227,GSE219227
200190620,GSE190620
200171648,GSE171648
200220165,GSE220165
200219208,GSE219208
200215865,GSE215865
200213125,GSE213125
200212013,GSE212013
200207663,GSE207663
200207118,GSE207118
200201826,GSE201826
200198233,GSE198233
200188458,GSE188458
200179766,GSE179766
200179636,GSE179636
200175747,GSE175747
200164199,GSE164199
200142123,GSE142123
200219257,GSE219257
200219154,GSE219154
200218926,GSE218926
200216622,GSE216622
200216028,GSE216028
200216026,GSE216026
200213564,GSE213564
200212702,GSE212702
200206261,GSE206261
200198663,GSE198663
200198171,GSE198171
200220016,GSE220016
200220015,GSE220015
200220014,GSE220014
200220013,GSE220013
200220010,GSE220010
200220009,GSE220009
200220007,GSE220007
200220006,GSE220006
200220004,GSE220004
200220003,GSE220003
200220002,GSE220002
200220001,GSE220001
200220000,GSE220000
200219998,GSE219998
200219997,GSE219997
200219995,GSE219995
200219993,GSE219993
200219992,GSE219992
200219990,GSE219990
200219989,GSE219989
200219988,GSE219988
200219986,GSE219986
200219984,GSE219984
200219983,GSE219983
200219982,GSE219982
200219981,GSE219981
200219980,GSE219980
200219978,GSE219978
200219976,GSE219976
200219973,GSE219973
200219971,GSE219971
200219970,GSE219970
200219969,GSE219969
200219968,GSE219968
200219967,GSE219967
200219966,GSE219966
200219964,GSE219964
200219962,GSE219962
200219960,GSE219960
200219958,GSE219958
200219956,GSE219956
200219955,GSE219955
200219954,GSE219954
200219951,GSE219951
200219950,GSE219950
200219947,GSE219947
200219945,GSE219945
200219944,GSE219944
200219943,GSE219943
200219941,GSE219941
200219940,GSE219940
200219939,GSE219939
200219938,GSE219938
200219937,GSE219937
200219936,GSE219936
200219935,GSE219935
200219934,GSE219934
200219932,GSE219932
200219931,GSE219931
200219930,GSE219930
200219923,GSE219923
200219922,GSE219922
200219920,GSE219920
200219919,GSE219919
200219917,GSE219917
200219916,GSE219916
200219915,GSE219915
200219914,GSE219914
200219913,GSE219913
200219912,GSE219912
200219910,GSE219910
200219909,GSE219909
200219907,GSE219907
200219906,GSE219906
200219905,GSE219905
200219904,GSE219904
200219903,GSE219903
200219902,GSE219902
200219901,GSE219901
200219897,GSE219897
200219895,GSE219895
200219894,GSE219894
200219893,GSE219893
200219892,GSE219892
200219889,GSE219889
200219888,GSE219888
200219885,GSE219885
200219884,GSE219884
200219882,GSE219882
200219879,GSE219879
200219878,GSE219878
200219877,GSE219877
200219876,GSE219876
200219875,GSE219875
200219874,GSE219874
200219872,GSE219872
200219869,GSE219869
200219868,GSE219868
200219867,GSE219867
200219866,GSE219866
200219864,GSE219864
200219863,GSE219863
200219862,GSE219862
200219861,GSE219861
200219860,GSE219860
200219859,GSE219859
200219856,GSE219856
200219855,GSE219855
200219854,GSE219854
200219853,GSE219853
200219852,GSE219852
200219851,GSE219851
200219850,GSE219850
200219849,GSE219849
200219847,GSE219847
200219846,GSE219846
200219844,GSE219844
200219843,GSE219843
200219842,GSE219842
200219841,GSE219841
200219840,GSE219840
200219834,GSE219834
200219832,GSE219832
200219828,GSE219828
200219827,GSE219827
200219826,GSE219826
200219821,GSE219821
200219818,GSE219818
200219816,GSE219816
200219815,GSE219815
200219812,GSE219812
200219811,GSE219811
200219810,GSE219810
200219808,GSE219808
200219806,GSE219806
200219805,GSE219805
200219804,GSE219804
200219797,GSE219797
200219794,GSE219794
200219792,GSE219792
200219791,GSE219791
200219789,GSE219789
200219788,GSE219788
200219787,GSE219787
200219786,GSE219786
200219785,GSE219785
200219784,GSE219784
200219783,GSE219783
200219782,GSE219782
200219781,GSE219781
200219780,GSE219780
200219777,GSE219777
200219775,GSE219775
200219774,GSE219774
200219773,GSE219773
200219772,GSE219772
200219769,GSE219769
200219768,GSE219768
200219766,GSE219766
200219764,GSE219764
200219762,GSE219762
200219760,GSE219760
200219759,GSE219759
200219757,GSE219757
200219755,GSE219755
200219753,GSE219753
200219751,GSE219751
200219750,GSE219750
200219747,GSE219747
200219746,GSE219746
200219745,GSE219745
200219742,GSE219742
200219741,GSE219741
200219740,GSE219740
200219738,GSE219738
200219737,GSE219737
200219734,GSE219734
200219733,GSE219733
200219729,GSE219729
200219728,GSE219728
200219727,GSE219727
200219726,GSE219726
200219725,GSE219725
200219724,GSE219724
200219723,GSE219723
200219721,GSE219721
200219720,GSE219720
200219719,GSE219719
200219718,GSE219718
200219717,GSE219717
200219716,GSE219716
200219714,GSE219714
200219712,GSE219712
200219711,GSE219711
200219710,GSE219710
200219709,GSE219709
200219707,GSE219707
200219706,GSE219706
200219705,GSE219705
200219704,GSE219704
200219702,GSE219702
200219700,GSE219700
200219699,GSE219699
200219698,GSE219698
200219697,GSE219697
200219696,GSE219696
200219695,GSE219695
200219693,GSE219693
200219692,GSE219692
200219691,GSE219691
200219690,GSE219690
200219689,GSE219689
200219688,GSE219688
200219687,GSE219687
200219686,GSE219686
200219685,GSE219685
200219684,GSE219684
200219683,GSE219683
200219682,GSE219682
200219681,GSE219681
200219680,GSE219680
200219679,GSE219679
200219678,GSE219678
200219676,GSE219676
200219671,GSE219671
200219669,GSE219669
200219668,GSE219668
200219667,GSE219667
200219666,GSE219666
200219665,GSE219665
200219664,GSE219664
200219663,GSE219663
200219662,GSE219662
200219659,GSE219659
200219656,GSE219656
200219654,GSE219654
200219653,GSE219653
200219652,GSE219652
200219651,GSE219651
200219650,GSE219650
200219649,GSE219649
200219647,GSE219647
200219644,GSE219644
200219642,GSE219642
200219640,GSE219640
200219639,GSE219639
200219638,GSE219638
200219637,GSE219637
200219636,GSE219636
200219635,GSE219635
200219634,GSE219634
200219633,GSE219633
200219632,GSE219632
200219629,GSE219629
200219627,GSE219627
200219624,GSE219624
200219623,GSE219623
200219622,GSE219622
200219621,GSE219621
200219618,GSE219618
200219617,GSE219617
200219616,GSE219616
200219615,GSE219615
200219614,GSE219614
200219611,GSE219611
200219610,GSE219610
200219609,GSE219609
200219607,GSE219607
200219606,GSE219606
200219605,GSE219605
200219604,GSE219604
200219603,GSE219603
200219602,GSE219602
200219601,GSE219601
200219600,GSE219600
200219599,GSE219599
200219596,GSE219596
200219594,GSE219594
200219593,GSE219593
200219592,GSE219592
200219591,GSE219591
200219590,GSE219590
200219588,GSE219588
200219587,GSE219587
200219585,GSE219585
200219584,GSE219584
200219583,GSE219583
200219580,GSE219580
200219579,GSE219579
200219577,GSE219577
200219575,GSE219575
200219574,GSE219574
200219573,GSE219573
200219572,GSE219572
200219571,GSE219571
200219570,GSE219570
200219568,GSE219568
200219567,GSE219567
200219566,GSE219566
200219565,GSE219565
200219564,GSE219564
200219563,GSE219563
200219560,GSE219560
200219557,GSE219557
200219556,GSE219556
200219554,GSE219554
200219549,GSE219549
200219547,GSE219547
200219546,GSE219546
200219544,GSE219544
200219543,GSE219543
200219539,GSE219539
200219538,GSE219538
200219537,GSE219537
200219535,GSE219535
200219534,GSE219534
200219533,GSE219533
200219531,GSE219531
200219530,GSE219530
200219526,GSE219526
200219523,GSE219523
200219522,GSE219522
200219520,GSE219520
200219519,GSE219519
200219517,GSE219517
200219516,GSE219516
200219515,GSE219515
200219514,GSE219514
200219513,GSE219513
200219511,GSE219511
200219504,GSE219504
200219503,GSE219503
200219502,GSE219502
200219501,GSE219501
200219499,GSE219499
200219498,GSE219498
200219497,GSE219497
200219495,GSE219495
200219494,GSE219494
200219491,GSE219491
200219490,GSE219490
200219487,GSE219487
200219486,GSE219486
200219485,GSE219485
200219483,GSE219483
200219482,GSE219482
200219481,GSE219481
200219480,GSE219480
200219479,GSE219479
200219478,GSE219478
200219476,GSE219476
200219475,GSE219475
200219474,GSE219474
200219473,GSE219473
200219470,GSE219470
200219469,GSE219469
200219468,GSE219468
200219467,GSE219467
200219466,GSE219466
200219465,GSE219465
200219464,GSE219464
200219460,GSE219460
200219459,GSE219459
200219456,GSE219456
200219455,GSE219455
200219454,GSE219454
200219453,GSE219453
200219451,GSE219451
200219450,GSE219450
200219449,GSE219449
200219447,GSE219447
200219444,GSE219444
200219442,GSE219442
200219441,GSE219441
200219439,GSE219439
200219437,GSE219437
200219436,GSE219436
200219435,GSE219435
200219433,GSE219433
200219432,GSE219432
200219431,GSE219431
200219430,GSE219430
200219426,GSE219426
200219425,GSE219425
200219423,GSE219423
200219421,GSE219421
200219420,GSE219420
200219419,GSE219419
200219417,GSE219417
200219416,GSE219416
200219414,GSE219414
200219413,GSE219413
200219411,GSE219411
200219410,GSE219410
200219409,GSE219409
200219408,GSE219408
200219406,GSE219406
200219405,GSE219405
200219404,GSE219404
200219403,GSE219403
200219402,GSE219402
200219401,GSE219401
200219400,GSE219400
200219399,GSE219399
200219397,GSE219397
200219396,GSE219396
200219395,GSE219395
200219394,GSE219394
200219393,GSE219393
200219392,GSE219392
200219391,GSE219391
200219389,GSE219389
200219388,GSE219388
200219387,GSE219387
200219386,GSE219386
200219382,GSE219382
200219381,GSE219381
200219379,GSE219379
200219378,GSE219378
200219375,GSE219375
200219374,GSE219374
200219373,GSE219373
200219372,GSE219372
200219371,GSE219371
200219370,GSE219370
200219369,GSE219369
200219368,GSE219368
200219367,GSE219367
200219366,GSE219366
200219364,GSE219364
200219363,GSE219363
200219362,GSE219362
200219361,GSE219361
200219360,GSE219360
200219357,GSE219357
200219356,GSE219356
200219354,GSE219354
200219353,GSE219353
200219350,GSE219350
200219349,GSE219349
200219344,GSE219344
200219343,GSE219343
200219342,GSE219342
200219341,GSE219341
200219340,GSE219340
200219339,GSE219339
200219338,GSE219338
200219336,GSE219336
200219334,GSE219334
200219333,GSE219333
200219331,GSE219331
200219329,GSE219329
200219328,GSE219328
200219326,GSE219326
200219325,GSE219325
200219323,GSE219323
200219322,GSE219322
200219319,GSE219319
200219318,GSE219318
200219316,GSE219316
200219314,GSE219314
200219313,GSE219313
200219312,GSE219312
200219311,GSE219311
200219310,GSE219310
200219307,GSE219307
200219306,GSE219306
200219305,GSE219305
200219304,GSE219304
200219303,GSE219303
200219302,GSE219302
200219301,GSE219301
200219300,GSE219300
200219298,GSE219298
200219297,GSE219297
200219295,GSE219295
200219294,GSE219294
200198484,GSE198484
200196776,GSE196776
200196519,GSE196519
200141529,GSE141529
200203215,GSE203215
200219251,GSE219251
200219044,GSE219044
200217305,GSE217305
200213439,GSE213439
200190305,GSE190305
200160742,GSE160742
200218871,GSE218871
200216664,GSE216664
200215900,GSE215900
200213896,GSE213896
200212749,GSE212749
200212681,GSE212681
200211809,GSE211809
200210797,GSE210797
200210693,GSE210693
200210316,GSE210316
200207194,GSE207194
200205913,GSE205913
200205553,GSE205553
200203199,GSE203199
200203120,GSE203120
200202714,GSE202714
200201889,GSE201889
200199094,GSE199094
200197344,GSE197344
200196710,GSE196710
200196035,GSE196035
200195713,GSE195713
200193141,GSE193141
200192734,GSE192734
200191257,GSE191257
200190031,GSE190031
200189966,GSE189966
200188445,GSE188445
200181991,GSE181991
200181976,GSE181976
200161196,GSE161196
200155473,GSE155473
200155472,GSE155472
200146903,GSE146903
200142095,GSE142095
200141291,GSE141291
200135631,GSE135631
200119381,GSE119381
200099875,GSE99875
200218810,GSE218810
200218606,GSE218606
200218494,GSE218494
200216003,GSE216003
200215849,GSE215849
200212889,GSE212889
200188857,GSE188857
200182922,GSE182922
200162452,GSE162452
200141283,GSE141283
200207322,GSE207322
200206466,GSE206466
200199816,GSE199816
200190816,GSE190816
200190352,GSE190352
200190351,GSE190351
200190349,GSE190349
200159072,GSE159072
200218513,GSE218513
200210355,GSE210355
200207589,GSE207589
200200435,GSE200435
200197525,GSE197525
200197523,GSE197523
200210826,GSE210826
200141129,GSE141129
200218693,GSE218693
200218458,GSE218458
200218406,GSE218406
200218021,GSE218021
200215997,GSE215997
200204834,GSE204834
200141398,GSE141398
200217206,GSE217206
200213527,GSE213527
200215990,GSE215990
200215411,GSE215411
200208544,GSE208544
200174159,GSE174159
200145118,GSE145118
200145079,GSE145079
200140966,GSE140966
200218366,GSE218366
200218308,GSE218308
200218079,GSE218079
200217655,GSE217655
200214851,GSE214851
200214608,GSE214608
200213425,GSE213425
200213277,GSE213277
200213064,GSE213064
200212381,GSE212381
200211466,GSE211466
200210110,GSE210110
200210104,GSE210104
200210101,GSE210101
200208678,GSE208678
200206041,GSE206041
200202873,GSE202873
200199154,GSE199154
200196802,GSE196802
200184722,GSE184722
200184721,GSE184721
200171629,GSE171629
200171626,GSE171626
200218399,GSE218399
200218268,GSE218268
200218167,GSE218167
200217921,GSE217921
200214853,GSE214853
200205802,GSE205802
200205646,GSE205646
200217898,GSE217898
200215254,GSE215254
200215184,GSE215184
200211638,GSE211638
200211150,GSE211150
200206141,GSE206141
200196556,GSE196556
200193300,GSE193300
200189982,GSE189982
200186046,GSE186046
200185700,GSE185700
200178163,GSE178163
200171115,GSE171115
200213144,GSE213144
200197299,GSE197299
200079965,GSE79965
200218124,GSE218124
200217991,GSE217991
200217873,GSE217873
200204886,GSE204886
200201000,GSE201000
200213560,GSE213560
200213070,GSE213070
200206108,GSE206108
200197308,GSE197308
200217987,GSE217987
200217848,GSE217848
200217785,GSE217785
200217033,GSE217033
200201255,GSE201255
200199080,GSE199080
200188728,GSE188728
200188727,GSE188727
200188726,GSE188726
200187345,GSE187345
200179585,GSE179585
200217713,GSE217713
200217626,GSE217626
200214872,GSE214872
200213586,GSE213586
200213535,GSE213535
200212521,GSE212521
200211497,GSE211497
200208218,GSE208218
200199825,GSE199825
200198362,GSE198362
200196418,GSE196418
200190636,GSE190636
200189053,GSE189053
200186930,GSE186930
200186709,GSE186709
200185939,GSE185939
200185908,GSE185908
200182854,GSE182854
200160853,GSE160853
200154689,GSE154689
200217726,GSE217726
200217708,GSE217708
200215769,GSE215769
200215768,GSE215768
200214108,GSE214108
200213697,GSE213697
200213454,GSE213454
200210936,GSE210936
200202798,GSE202798
200200454,GSE200454
200200204,GSE200204
200199526,GSE199526
200188212,GSE188212
200185670,GSE185670
200185284,GSE185284
200140809,GSE140809
200140526,GSE140526
200217646,GSE217646
200217423,GSE217423
200217421,GSE217421
200198576,GSE198576
200186208,GSE186208
200217580,GSE217580
200206708,GSE206708
200200674,GSE200674
200191338,GSE191338
200143994,GSE143994
200140509,GSE140509
200217585,GSE217585
200217319,GSE217319
200175803,GSE175803
200217700,GSE217700
200217386,GSE217386
200216529,GSE216529
200215420,GSE215420
200199951,GSE199951
200189895,GSE189895
200167233,GSE167233
200217504,GSE217504
200217452,GSE217452
200217427,GSE217427
200217231,GSE217231
200217211,GSE217211
200207233,GSE207233
200201465,GSE201465
200199631,GSE199631
200192823,GSE192823
200189293,GSE189293
200181519,GSE181519
200161226,GSE161226
200217510,GSE217510
200217260,GSE217260
200217140,GSE217140
200214801,GSE214801
200211167,GSE211167
200204710,GSE204710
200204708,GSE204708
200204707,GSE204707
200202362,GSE202362
200201309,GSE201309
200197906,GSE197906
200193634,GSE193634
200192813,GSE192813
200192724,GSE192724
200192392,GSE192392
200173387,GSE173387
200165429,GSE165429
200165428,GSE165428
200156603,GSE156603
200217359,GSE217359
200217234,GSE217234
200217201,GSE217201
200217191,GSE217191
200216791,GSE216791
200208731,GSE208731
200207376,GSE207376
200207375,GSE207375
200206999,GSE206999
200200902,GSE200902
200199472,GSE199472
200198846,GSE198846
200193019,GSE193019
200185245,GSE185245
200131325,GSE131325
200217320,GSE217320
200217281,GSE217281
200217085,GSE217085
200212746,GSE212746
200197950,GSE197950
200169506,GSE169506
200155854,GSE155854
200217370,GSE217370
200217070,GSE217070
200195842,GSE195842
200216867,GSE216867
200215034,GSE215034
200210640,GSE210640
200205555,GSE205555
200194298,GSE194298
200188208,GSE188208
200171853,GSE171853
200140020,GSE140020
200128418,GSE128418
200217072,GSE217072
200216977,GSE216977
200216902,GSE216902
200216850,GSE216850
200215116,GSE215116
200208300,GSE208300
200207243,GSE207243
200194350,GSE194350
200180702,GSE180702
200180147,GSE180147
200179003,GSE179003
200178306,GSE178306
200160812,GSE160812
200216872,GSE216872
200216845,GSE216845
200216777,GSE216777
200212123,GSE212123
200211708,GSE211708
200210287,GSE210287
200208194,GSE208194
200202073,GSE202073
200201270,GSE201270
200200447,GSE200447
200199630,GSE199630
200199088,GSE199088
200197764,GSE197764
200196890,GSE196890
200195656,GSE195656
200195632,GSE195632
200195624,GSE195624
200194420,GSE194420
200190249,GSE190249
200163361,GSE163361
200161523,GSE161523
200145465,GSE145465
200216738,GSE216738
200216638,GSE216638
200216537,GSE216537
200216269,GSE216269
200214758,GSE214758
200214324,GSE214324
200214158,GSE214158
200213443,GSE213443
200213386,GSE213386
200212748,GSE212748
200212636,GSE212636
200212023,GSE212023
200211811,GSE211811
200211618,GSE211618
200206257,GSE206257
200205867,GSE205867
200203359,GSE203359
200203357,GSE203357
200203356,GSE203356
200202409,GSE202409
200202231,GSE202231
200202086,GSE202086
200202075,GSE202075
200199204,GSE199204
200191148,GSE191148
200189725,GSE189725
200189622,GSE189622
200189378,GSE189378
200188486,GSE188486
200186244,GSE186244
200183187,GSE183187
200166442,GSE166442
200161969,GSE161969
200145592,GSE145592
200140279,GSE140279
200216799,GSE216799
200216780,GSE216780
200216652,GSE216652
200216613,GSE216613
200212312,GSE212312
200212024,GSE212024
200211730,GSE211730
200208280,GSE208280
200206560,GSE206560
200206494,GSE206494
200205556,GSE205556
200204804,GSE204804
200201571,GSE201571
200200273,GSE200273
200199800,GSE199800
200199159,GSE199159
200198542,GSE198542
200198078,GSE198078
200191279,GSE191279
200189643,GSE189643
200186884,GSE186884
200186872,GSE186872
200186775,GSE186775
200182459,GSE182459
200159893,GSE159893
200148435,GSE148435
200216711,GSE216711
200216674,GSE216674
200216512,GSE216512
200214561,GSE214561
200197221,GSE197221
200216418,GSE216418
200201524,GSE201524
200139546,GSE139546
200216519,GSE216519
200216334,GSE216334
200216330,GSE216330
200216281,GSE216281
200212384,GSE212384
200212096,GSE212096
200210092,GSE210092
200205526,GSE205526
200201540,GSE201540
200201538,GSE201538
200200712,GSE200712
200200711,GSE200711
200194017,GSE194017
200193473,GSE193473
200192881,GSE192881
200188372,GSE188372
200173084,GSE173084
200126263,GSE126263
200216490,GSE216490
200208091,GSE208091
200185831,GSE185831
200216455,GSE216455
200216298,GSE216298
200212255,GSE212255
200209801,GSE209801
200201943,GSE201943
200201296,GSE201296
200200421,GSE200421
200200270,GSE200270
200199608,GSE199608
200197346,GSE197346
200181591,GSE181591
200159963,GSE159963
200216367,GSE216367
200216289,GSE216289
200216288,GSE216288
200216181,GSE216181
200216008,GSE216008
200214657,GSE214657
200211784,GSE211784
200209650,GSE209650
200206397,GSE206397
200206246,GSE206246
200200509,GSE200509
200196694,GSE196694
200186606,GSE186606
200182963,GSE182963
200137249,GSE137249
200216275,GSE216275
200215916,GSE215916
200214475,GSE214475
200214292,GSE214292
200208666,GSE208666
200201877,GSE201877
200201558,GSE201558
200199577,GSE199577
200181452,GSE181452
200137570,GSE137570
200216156,GSE216156
200186936,GSE186936
200215876,GSE215876
200196259,GSE196259
200216067,GSE216067
200215973,GSE215973
200215947,GSE215947
200215894,GSE215894
200204962,GSE204962
200201642,GSE201642
200199391,GSE199391
200173986,GSE173986
200216124,GSE216124
200206998,GSE206998
200193855,GSE193855
200150736,GSE150736
200215859,GSE215859
200215365,GSE215365
200213620,GSE213620
200211358,GSE211358
200210093,GSE210093
200208277,GSE208277
200206164,GSE206164
200206023,GSE206023
200202560,GSE202560
200202229,GSE202229
200202227,GSE202227
200202222,GSE202222
200201844,GSE201844
200198722,GSE198722
200191097,GSE191097
200189545,GSE189545
200186644,GSE186644
200186643,GSE186643
200182957,GSE182957
200182956,GSE182956
200182955,GSE182955
200178270,GSE178270
200132699,GSE132699
200215744,GSE215744
200215421,GSE215421
200215407,GSE215407
200215385,GSE215385
200214846,GSE214846
200214212,GSE214212
200212912,GSE212912
200212085,GSE212085
200208543,GSE208543
200206701,GSE206701
200206699,GSE206699
200206698,GSE206698
200205536,GSE205536
200202363,GSE202363
200200530,GSE200530
200189418,GSE189418
200189417,GSE189417
200166617,GSE166617
200121506,GSE121506
200085094,GSE85094
200215838,GSE215838
200215456,GSE215456
200215401,GSE215401
200215308,GSE215308
200213549,GSE213549
200212690,GSE212690
200210652,GSE210652
200204671,GSE204671
200203522,GSE203522
200196252,GSE196252
200188721,GSE188721
200184654,GSE184654
200182873,GSE182873
200182872,GSE182872
200175531,GSE175531
200215413,GSE215413
200205812,GSE205812
200205398,GSE205398
200201792,GSE201792
200215286,GSE215286
200215114,GSE215114
200206743,GSE206743
200206385,GSE206385
200215344,GSE215344
200215275,GSE215275
200207339,GSE207339
200184334,GSE184334
200215227,GSE215227
200215223,GSE215223
200213932,GSE213932
200207398,GSE207398
200169144,GSE169144
200215155,GSE215155
200215095,GSE215095
200215086,GSE215086
200215085,GSE215085
200214998,GSE214998
200214992,GSE214992
200214863,GSE214863
200214854,GSE214854
200212014,GSE212014
200207820,GSE207820
200203206,GSE203206
200201208,GSE201208
200199225,GSE199225
200198011,GSE198011
200189495,GSE189495
200172032,GSE172032
200167546,GSE167546
200160451,GSE160451
200215144,GSE215144
200215084,GSE215084
200214877,GSE214877
200214831,GSE214831
200214814,GSE214814
200214777,GSE214777
200214763,GSE214763
200212641,GSE212641
200206199,GSE206199
200206142,GSE206142
200201426,GSE201426
200197931,GSE197931
200195497,GSE195497
200186201,GSE186201
200186117,GSE186117
200185837,GSE185837
200185630,GSE185630
200164720,GSE164720
200212666,GSE212666
200196217,GSE196217
200196216,GSE196216
200196215,GSE196215
200185542,GSE185542
200145960,GSE145960
200214957,GSE214957
200214894,GSE214894
200214782,GSE214782
200205421,GSE205421
200178714,GSE178714
200214183,GSE214183
200213867,GSE213867
200209868,GSE209868
200209848,GSE209848
200197265,GSE197265
200186239,GSE186239
200186187,GSE186187
200214767,GSE214767
200214766,GSE214766
200214685,GSE214685
200211130,GSE211130
200206655,GSE206655
200206653,GSE206653
200179157,GSE179157
200171444,GSE171444
200214842,GSE214842
200214736,GSE214736
200214715,GSE214715
200214654,GSE214654
200214652,GSE214652
200208041,GSE208041
200203460,GSE203460
200203180,GSE203180
200202717,GSE202717
200192974,GSE192974
200185491,GSE185491
200184734,GSE184734
200214617,GSE214617
200214579,GSE214579
200214409,GSE214409
200214378,GSE214378
200205370,GSE205370
200205247,GSE205247
200198978,GSE198978
200197644,GSE197644
200188982,GSE188982
200186124,GSE186124
200185091,GSE185091
200181551,GSE181551
200180399,GSE180399
200174064,GSE174064
200168148,GSE168148
200099594,GSE99594
200095552,GSE95552
200214625,GSE214625
200214512,GSE214512
200214453,GSE214453
200214334,GSE214334
200212489,GSE212489
200207112,GSE207112
200200907,GSE200907
200190929,GSE190929
200182409,GSE182409
200178071,GSE178071
200147123,GSE147123
200132953,GSE132953
200214505,GSE214505
200214213,GSE214213
200205596,GSE205596
200200026,GSE200026
200199826,GSE199826
200189847,GSE189847
200159406,GSE159406
200214495,GSE214495
200214478,GSE214478
200214476,GSE214476
200214457,GSE214457
200214304,GSE214304
200214137,GSE214137
200189772,GSE189772
200180175,GSE180175
200214573,GSE214573
200214434,GSE214434
200214335,GSE214335
200214331,GSE214331
200214117,GSE214117
200211154,GSE211154
200210870,GSE210870
200208084,GSE208084
200207158,GSE207158
200206084,GSE206084
200203101,GSE203101
200201699,GSE201699
200201100,GSE201100
200199718,GSE199718
200198683,GSE198683
200196688,GSE196688
200193348,GSE193348
200193347,GSE193347
200188305,GSE188305
200186226,GSE186226
200186088,GSE186088
200185713,GSE185713
200185523,GSE185523
200165985,GSE165985
200156761,GSE156761
200139278,GSE139278
200139230,GSE139230
200139017,GSE139017
200138939,GSE138939
200122587,GSE122587
200214325,GSE214325
200212802,GSE212802
200212775,GSE212775
200211308,GSE211308
200207621,GSE207621
200206724,GSE206724
200206008,GSE206008
200205196,GSE205196
200205171,GSE205171
200198804,GSE198804
200193864,GSE193864
200192629,GSE192629
200184889,GSE184889
200184852,GSE184852
200183336,GSE183336
200183335,GSE183335
200173383,GSE173383
200158484,GSE158484
200158320,GSE158320
200142247,GSE142247
200138202,GSE138202
200125035,GSE125035
200125034,GSE125034
200124623,GSE124623
200212731,GSE212731
200212613,GSE212613
200211368,GSE211368
200205252,GSE205252
200184469,GSE184469
200214225,GSE214225
200214170,GSE214170
200214149,GSE214149
200214145,GSE214145
200212232,GSE212232
200205687,GSE205687
200205432,GSE205432
200205108,GSE205108
200200200,GSE200200
200197810,GSE197810
200197426,GSE197426
200197318,GSE197318
200197081,GSE197081
200184958,GSE184958
200175463,GSE175463
200158676,GSE158676
200147633,GSE147633
200214120,GSE214120
200212816,GSE212816
200207087,GSE207087
200205677,GSE205677
200201670,GSE201670
200200446,GSE200446
200200141,GSE200141
200193127,GSE193127
200190319,GSE190319
200185039,GSE185039
200184866,GSE184866
200184501,GSE184501
200183479,GSE183479
200182179,GSE182179
200166898,GSE166898
200214030,GSE214030
200213988,GSE213988
200213976,GSE213976
200213944,GSE213944
200213882,GSE213882
200213653,GSE213653
200210476,GSE210476
200193671,GSE193671
200190542,GSE190542
200157895,GSE157895
200213913,GSE213913
200213761,GSE213761
200211625,GSE211625
200208350,GSE208350
200137977,GSE137977
200213857,GSE213857
200200933,GSE200933
200184685,GSE184685
200213911,GSE213911
200213073,GSE213073
200209919,GSE209919
200199403,GSE199403
200199091,GSE199091
200195505,GSE195505
200180584,GSE180584
200213748,GSE213748
200213715,GSE213715
200213615,GSE213615
200206635,GSE206635
200192442,GSE192442
200184029,GSE184029
200183942,GSE183942
200179250,GSE179250
200174923,GSE174923
200213714,GSE213714
200213681,GSE213681
200211979,GSE211979
200210714,GSE210714
200208132,GSE208132
200207209,GSE207209
200206988,GSE206988
200199476,GSE199476
200196396,GSE196396
200193298,GSE193298
200192917,GSE192917
200189611,GSE189611
200189609,GSE189609
200185519,GSE185519
200184567,GSE184567
200182770,GSE182770
200181726,GSE181726
200181176,GSE181176
200173801,GSE173801
200172512,GSE172512
200213677,GSE213677
200213588,GSE213588
200213579,GSE213579
200213563,GSE213563
200209800,GSE209800
200208182,GSE208182
200206242,GSE206242
200205721,GSE205721
200204825,GSE204825
200201508,GSE201508
200201206,GSE201206
200200069,GSE200069
200199548,GSE199548
200197576,GSE197576
200190998,GSE190998
200185187,GSE185187
200183016,GSE183016
200183014,GSE183014
200161858,GSE161858
200161857,GSE161857
200158833,GSE158833
200155734,GSE155734
200213521,GSE213521
200213324,GSE213324
200213013,GSE213013
200211653,GSE211653
200190727,GSE190727
200190725,GSE190725
200183451,GSE183451
200183450,GSE183450
200183449,GSE183449
200179668,GSE179668
200172001,GSE172001
200137697,GSE137697
200213489,GSE213489
200213465,GSE213465
200210408,GSE210408
200191222,GSE191222
200213292,GSE213292
200213291,GSE213291
200213232,GSE213232
200213231,GSE213231
200213058,GSE213058
200213043,GSE213043
200206258,GSE206258
200202328,GSE202328
200202327,GSE202327
200199087,GSE199087
200196405,GSE196405
200196238,GSE196238
200196029,GSE196029
200193969,GSE193969
200193677,GSE193677
200188822,GSE188822
200186507,GSE186507
200178615,GSE178615
200158550,GSE158550
200150470,GSE150470
200213228,GSE213228
200213145,GSE213145
200213142,GSE213142
200212718,GSE212718
200211984,GSE211984
200206137,GSE206137
200206136,GSE206136
200205503,GSE205503
200202512,GSE202512
200201455,GSE201455
200196860,GSE196860
200194241,GSE194241
200193431,GSE193431
200190242,GSE190242
200190240,GSE190240
200186166,GSE186166
200185985,GSE185985
200181435,GSE181435
200165394,GSE165394
200213218,GSE213218
200213162,GSE213162
200213052,GSE213052
200210516,GSE210516
200207642,GSE207642
200205823,GSE205823
200193809,GSE193809
200165308,GSE165308
200165307,GSE165307
200137467,GSE137467
200212991,GSE212991
200184306,GSE184306
200212914,GSE212914
200212252,GSE212252
200202364,GSE202364
200189504,GSE189504
200184007,GSE184007
200183954,GSE183954
200177052,GSE177052
200172305,GSE172305
200212854,GSE212854
200212848,GSE212848
200165576,GSE165576
200212734,GSE212734
200212728,GSE212728
200207807,GSE207807
200207806,GSE207806
200207729,GSE207729
200207728,GSE207728
200207727,GSE207727
200168344,GSE168344
200163909,GSE163909
200137074,GSE137074
200212741,GSE212741
200210034,GSE210034
200205891,GSE205891
200197993,GSE197993
200197992,GSE197992
200188793,GSE188793
200186445,GSE186445
200183094,GSE183094
200178621,GSE178621
200178620,GSE178620
200172432,GSE172432
200168738,GSE168738
200150595,GSE150595
200150584,GSE150584
200212669,GSE212669
200212662,GSE212662
200212660,GSE212660
200212598,GSE212598
200212430,GSE212430
200211856,GSE211856
200211781,GSE211781
200211721,GSE211721
200205647,GSE205647
200205584,GSE205584
200203401,GSE203401
200197165,GSE197165
200188638,GSE188638
200186131,GSE186131
200183688,GSE183688
200182376,GSE182376
200212599,GSE212599
200212594,GSE212594
200212377,GSE212377
200212337,GSE212337
200210945,GSE210945
200210020,GSE210020
200208042,GSE208042
200207923,GSE207923
200206117,GSE206117
200202672,GSE202672
200201224,GSE201224
200200196,GSE200196
200198755,GSE198755
200196006,GSE196006
200191135,GSE191135
200190556,GSE190556
200190555,GSE190555
200189625,GSE189625
200186354,GSE186354
200186352,GSE186352
200175776,GSE175776
200175685,GSE175685
200174279,GSE174279
200212640,GSE212640
200212604,GSE212604
200212254,GSE212254
200208261,GSE208261
200207892,GSE207892
200205050,GSE205050
200194309,GSE194309
200193476,GSE193476
200146641,GSE146641
200212512,GSE212512
200212499,GSE212499
200207681,GSE207681
200203408,GSE203408
200160724,GSE160724
200212610,GSE212610
200212333,GSE212333
200212324,GSE212324
200212305,GSE212305
200212301,GSE212301
200204868,GSE204868
200199549,GSE199549
200195664,GSE195664
200192950,GSE192950
200185280,GSE185280
200174850,GSE174850
200144416,GSE144416
200212072,GSE212072
200212054,GSE212054
200211554,GSE211554
200207598,GSE207598
200207248,GSE207248
200206648,GSE206648
200205338,GSE205338
200205086,GSE205086
200202477,GSE202477
200199427,GSE199427
200198557,GSE198557
200197637,GSE197637
200196384,GSE196384
200192710,GSE192710
200190022,GSE190022
200189875,GSE189875
200186674,GSE186674
200185826,GSE185826
200184931,GSE184931
200184639,GSE184639
200184638,GSE184638
200183607,GSE183607
200183113,GSE183113
200182452,GSE182452
200182295,GSE182295
200181906,GSE181906
200181181,GSE181181
200179238,GSE179238
200168834,GSE168834
200168689,GSE168689
200158421,GSE158421
200157959,GSE157959
200145011,GSE145011
200137779,GSE137779
200125219,GSE125219
200212290,GSE212290
200212200,GSE212200
200212139,GSE212139
200206517,GSE206517
200206516,GSE206516
200206088,GSE206088
200205787,GSE205787
200205496,GSE205496
200203261,GSE203261
200202634,GSE202634
200202626,GSE202626
200202537,GSE202537
200199242,GSE199242
200198382,GSE198382
200197143,GSE197143
200196666,GSE196666
200193507,GSE193507
200192648,GSE192648
200191028,GSE191028
200189171,GSE189171
200188637,GSE188637
200188345,GSE188345
200186902,GSE186902
200185011,GSE185011
200184324,GSE184324
200184282,GSE184282
200183850,GSE183850
200183507,GSE183507
200183228,GSE183228
200182960,GSE182960
200181457,GSE181457
200169309,GSE169309
200152360,GSE152360
200145171,GSE145171
200144785,GSE144785
200137824,GSE137824
200136617,GSE136617
200212369,GSE212369
200212207,GSE212207
200212173,GSE212173
200212053,GSE212053
200212044,GSE212044
200205625,GSE205625
200199720,GSE199720
200197706,GSE197706
200195671,GSE195671
200190316,GSE190316
200183913,GSE183913
200182482,GSE182482
200178518,GSE178518
200152638,GSE152638
200145482,GSE145482
200212143,GSE212143
200212074,GSE212074
200211804,GSE211804
200211801,GSE211801
200207949,GSE207949
200205981,GSE205981
200205674,GSE205674
200205105,GSE205105
200201779,GSE201779
200195571,GSE195571
200193767,GSE193767
200188622,GSE188622
200188562,GSE188562
200184295,GSE184295
200178537,GSE178537
200176046,GSE176046
200159481,GSE159481
200212057,GSE212057
200212016,GSE212016
200211726,GSE211726
200211698,GSE211698
200198396,GSE198396
200169675,GSE169675
200212071,GSE212071
200211922,GSE211922
200211883,GSE211883
200211854,GSE211854
200211850,GSE211850
200211666,GSE211666
200205784,GSE205784
200200339,GSE200339
200199787,GSE199787
200149204,GSE149204
200211876,GSE211876
200211802,GSE211802
200211792,GSE211792
200208547,GSE208547
200202821,GSE202821
200198914,GSE198914
200175483,GSE175483
200157182,GSE157182
200211723,GSE211723
200211549,GSE211549
200211513,GSE211513
200204985,GSE204985
200204983,GSE204983
200204833,GSE204833
200203055,GSE203055
200200388,GSE200388
200198675,GSE198675
200198296,GSE198296
200197560,GSE197560
200195855,GSE195855
200194220,GSE194220
200193623,GSE193623
200191255,GSE191255
200184383,GSE184383
200183516,GSE183516
200180986,GSE180986
200173892,GSE173892
200211878,GSE211878
200211529,GSE211529
200210364,GSE210364
200193122,GSE193122
200191238,GSE191238
200190871,GSE190871
200188692,GSE188692
200188691,GSE188691
200188690,GSE188690
200163622,GSE163622
200211679,GSE211679
200211647,GSE211647
200211626,GSE211626
200211611,GSE211611
200211514,GSE211514
200211512,GSE211512
200211478,GSE211478
200211311,GSE211311
200208347,GSE208347
200206927,GSE206927
200203043,GSE203043
200199355,GSE199355
200198217,GSE198217
200189764,GSE189764
200183777,GSE183777
200179845,GSE179845
200178846,GSE178846
200176541,GSE176541
200175455,GSE175455
200152359,GSE152359
200152358,GSE152358
200136223,GSE136223
200211566,GSE211566
200211556,GSE211556
200211374,GSE211374
200211373,GSE211373
200192400,GSE192400
200211599,GSE211599
200211439,GSE211439
200211244,GSE211244
200210351,GSE210351
200205883,GSE205883
200182570,GSE182570
200211662,GSE211662
200211402,GSE211402
200211352,GSE211352
200211351,GSE211351
200211349,GSE211349
200211161,GSE211161
200211151,GSE211151
200211144,GSE211144
200209693,GSE209693
200208858,GSE208858
200205547,GSE205547
200204973,GSE204973
200202826,GSE202826
200199307,GSE199307
200195535,GSE195535
200211442,GSE211442
200211218,GSE211218
200211210,GSE211210
200211183,GSE211183
200211072,GSE211072
200193191,GSE193191
200190735,GSE190735
200161783,GSE161783
200211190,GSE211190
200210969,GSE210969
200207611,GSE207611
200206527,GSE206527
200205266,GSE205266
200203453,GSE203453
200201363,GSE201363
200200030,GSE200030
200195870,GSE195870
200194362,GSE194362
200194360,GSE194360
200194118,GSE194118
200193946,GSE193946
200192403,GSE192403
200190360,GSE190360
200188938,GSE188938
200188403,GSE188403
200186947,GSE186947
200183633,GSE183633
200182386,GSE182386
200182257,GSE182257
200180538,GSE180538
200179617,GSE179617
200179462,GSE179462
200179057,GSE179057
200173466,GSE173466
200167385,GSE167385
200158875,GSE158875
200205605,GSE205605
200192638,GSE192638
200186761,GSE186761
200186262,GSE186262
200186261,GSE186261
200211053,GSE211053
200211052,GSE211052
200210916,GSE210916
200210765,GSE210765
200210302,GSE210302
200209851,GSE209851
200201069,GSE201069
200198002,GSE198002
200193775,GSE193775
200193133,GSE193133
200185130,GSE185130
200180713,GSE180713
200211078,GSE211078
200211012,GSE211012
200211010,GSE211010
200210997,GSE210997
200210989,GSE210989
200210988,GSE210988
200193885,GSE193885
200189695,GSE189695
200210984,GSE210984
200210927,GSE210927
200192861,GSE192861
200190763,GSE190763
200135783,GSE135783
200211076,GSE211076
200210920,GSE210920
200209825,GSE209825
200196923,GSE196923
200182625,GSE182625
200210959,GSE210959
200210783,GSE210783
200210718,GSE210718
200210717,GSE210717
200210079,GSE210079
200191040,GSE191040
200210778,GSE210778
200210488,GSE210488
200210446,GSE210446
200210439,GSE210439
200209924,GSE209924
200207456,GSE207456
200201926,GSE201926
200200062,GSE200062
200198600,GSE198600
200198391,GSE198391
200196495,GSE196495
200193726,GSE193726
200186276,GSE186276
200185976,GSE185976
200183865,GSE183865
200182703,GSE182703
200167476,GSE167476
200158621,GSE158621
200157702,GSE157702
200210678,GSE210678
200210662,GSE210662
200202189,GSE202189
200202187,GSE202187
200147745,GSE147745
200210579,GSE210579
200197903,GSE197903
200190705,GSE190705
200190634,GSE190634
200189493,GSE189493
200182323,GSE182323
200181978,GSE181978
200166523,GSE166523
200210475,GSE210475
200210434,GSE210434
200210411,GSE210411
200210185,GSE210185
200210129,GSE210129
200198478,GSE198478
200169702,GSE169702
200072144,GSE72144
200210376,GSE210376
200210331,GSE210331
200206401,GSE206401
200203338,GSE203338
200202576,GSE202576
200201850,GSE201850
200183635,GSE183635
200182572,GSE182572
200152148,GSE152148
200144857,GSE144857
200210205,GSE210205
200210168,GSE210168
200204930,GSE204930
200187308,GSE187308
200183205,GSE183205
200168716,GSE168716
200161480,GSE161480
200161479,GSE161479
200129911,GSE129911
200210318,GSE210318
200210223,GSE210223
200210203,GSE210203
200210086,GSE210086
200210017,GSE210017
200209928,GSE209928
200207057,GSE207057
200205775,GSE205775
200202145,GSE202145
200200641,GSE200641
200199407,GSE199407
200195538,GSE195538
200194396,GSE194396
200193468,GSE193468
200193438,GSE193438
200191021,GSE191021
200190950,GSE190950
200190936,GSE190936
200188986,GSE188986
200179345,GSE179345
200173876,GSE173876
200172006,GSE172006
200169659,GSE169659
200168147,GSE168147
200168145,GSE168145
200166254,GSE166254
200162202,GSE162202
200161900,GSE161900
200161899,GSE161899
200158230,GSE158230
200210178,GSE210178
200210123,GSE210123
200210094,GSE210094
200209620,GSE209620
200207009,GSE207009
200205757,GSE205757
200205385,GSE205385
200202700,GSE202700
200196372,GSE196372
200193979,GSE193979
200188393,GSE188393
200182466,GSE182466
200182465,GSE182465
200180461,GSE180461
200179112,GSE179112
200176326,GSE176326
200168468,GSE168468
200161083,GSE161083
200150062,GSE150062
200148733,GSE148733
200140210,GSE140210
200135297,GSE135297
200135279,GSE135279
200112372,GSE112372
200210253,GSE210253
200210145,GSE210145
200210029,GSE210029
200208245,GSE208245
200207282,GSE207282
200206925,GSE206925
200206529,GSE206529
200203203,GSE203203
200202485,GSE202485
200202165,GSE202165
200200029,GSE200029
200199930,GSE199930
200199517,GSE199517
200199478,GSE199478
200196982,GSE196982
200196163,GSE196163
200193962,GSE193962
200193898,GSE193898
200193249,GSE193249
200190384,GSE190384
200190173,GSE190173
200189851,GSE189851
200188498,GSE188498
200184302,GSE184302
200171059,GSE171059
200168644,GSE168644
200134859,GSE134859
200134128,GSE134128
200209991,GSE209991
200209938,GSE209938
200203029,GSE203029
200199235,GSE199235
200198593,GSE198593
200197323,GSE197323
200180956,GSE180956
200180854,GSE180854
200173359,GSE173359
200154470,GSE154470
200209934,GSE209934
200209855,GSE209855
200197483,GSE197483
200209782,GSE209782
200209775,GSE209775
200209755,GSE209755
200209591,GSE209591
200187403,GSE187403
200184784,GSE184784
200181403,GSE181403
200169631,GSE169631
200209824,GSE209824
200209753,GSE209753
200209746,GSE209746
200209661,GSE209661
200209652,GSE209652
200209633,GSE209633
200206213,GSE206213
200202136,GSE202136
200201179,GSE201179
200199978,GSE199978
200196835,GSE196835
200193115,GSE193115
200153938,GSE153938
200209812,GSE209812
200206221,GSE206221
200206085,GSE206085
200205763,GSE205763
200203651,GSE203651
200199194,GSE199194
200198977,GSE198977
200190632,GSE190632
200190484,GSE190484
200188703,GSE188703
200188702,GSE188702
200186717,GSE186717
200186075,GSE186075
200182842,GSE182842
200182200,GSE182200
200182199,GSE182199
200181043,GSE181043
200181042,GSE181042
200180789,GSE180789
200180098,GSE180098
200208773,GSE208773
200208739,GSE208739
200208734,GSE208734
200208729,GSE208729
200208575,GSE208575
200205350,GSE205350
200202985,GSE202985
200196463,GSE196463
200191328,GSE191328
200189458,GSE189458
200185932,GSE185932
200180816,GSE180816
200174100,GSE174100
200135370,GSE135370
200209582,GSE209582
200209545,GSE209545
200209538,GSE209538
200203529,GSE203529
200197471,GSE197471
200196525,GSE196525
200182545,GSE182545
200181237,GSE181237
200115911,GSE115911
200208783,GSE208783
200208781,GSE208781
200200037,GSE200037
200184610,GSE184610
200208381,GSE208381
200208358,GSE208358
200192679,GSE192679
200208550,GSE208550
200208382,GSE208382
200208379,GSE208379
200202265,GSE202265
200196975,GSE196975
200180622,GSE180622
200176216,GSE176216
200155067,GSE155067
200208405,GSE208405
200208390,GSE208390
200208351,GSE208351
200206934,GSE206934
200205096,GSE205096
200202720,GSE202720
200199281,GSE199281
200196312,GSE196312
200191090,GSE191090
200189641,GSE189641
200179513,GSE179513
200152017,GSE152017
200206567,GSE206567
200205621,GSE205621
200201725,GSE201725
200201517,GSE201517
200200766,GSE200766
200193219,GSE193219
200193169,GSE193169
200190775,GSE190775
200189657,GSE189657
200189642,GSE189642
200188891,GSE188891
200186627,GSE186627
200186625,GSE186625
200186622,GSE186622
200181119,GSE181119
200173520,GSE173520
200173519,GSE173519
200171226,GSE171226
200160671,GSE160671
200208278,GSE208278
200208118,GSE208118
200208117,GSE208117
200208005,GSE208005
200201639,GSE201639
200198418,GSE198418
200198417,GSE198417
200197457,GSE197457
200194347,GSE194347
200194345,GSE194345
200186440,GSE186440
200175770,GSE175770
200155903,GSE155903
200153270,GSE153270
200145088,GSE145088
200134597,GSE134597
200120566,GSE120566
200208320,GSE208320
200208315,GSE208315
200208310,GSE208310
200208250,GSE208250
200208190,GSE208190
200204961,GSE204961
200191081,GSE191081
200191050,GSE191050
200182372,GSE182372
200182371,GSE182371
200171130,GSE171130
200134471,GSE134471
200208171,GSE208171
200208031,GSE208031
200194153,GSE194153
200180313,GSE180313
200208260,GSE208260
200208107,GSE208107
200191230,GSE191230
200173690,GSE173690
200208060,GSE208060
200208023,GSE208023
200207984,GSE207984
200202225,GSE202225
200195796,GSE195796
200192365,GSE192365
200184422,GSE184422
200147012,GSE147012
200207919,GSE207919
200207658,GSE207658
200186047,GSE186047
200184459,GSE184459
200183760,GSE183760
200146875,GSE146875
200134289,GSE134289
200207909,GSE207909
200207898,GSE207898
200207872,GSE207872
200207869,GSE207869
200205668,GSE205668
200205275,GSE205275
200199862,GSE199862
200197653,GSE197653
200197320,GSE197320
200193455,GSE193455
200182670,GSE182670
200182169,GSE182169
200181028,GSE181028
200178862,GSE178862
200173735,GSE173735
200162691,GSE162691
200154388,GSE154388
200207795,GSE207795
200207696,GSE207696
200203256,GSE203256
200201324,GSE201324
200180123,GSE180123
200179443,GSE179443
200174302,GSE174302
200156619,GSE156619
200134682,GSE134682
200207787,GSE207787
200207751,GSE207751
200207750,GSE207750
200207713,GSE207713
200207435,GSE207435
200202565,GSE202565
200198411,GSE198411
200196105,GSE196105
200190975,GSE190975
200190937,GSE190937
200185865,GSE185865
200184733,GSE184733
200183041,GSE183041
200174821,GSE174821
200171825,GSE171825
200207657,GSE207657
200207511,GSE207511
200199367,GSE199367
200192575,GSE192575
200185811,GSE185811
200185810,GSE185810
200185809,GSE185809
200207594,GSE207594
200207574,GSE207574
200207528,GSE207528
200207500,GSE207500
200207454,GSE207454
200207450,GSE207450
200207382,GSE207382
200207373,GSE207373
200206784,GSE206784
200195764,GSE195764
200188352,GSE188352
200183141,GSE183141
200133938,GSE133938
200202434,GSE202434
200202118,GSE202118
200200097,GSE200097
200198321,GSE198321
200196190,GSE196190
200189552,GSE189552
200180214,GSE180214
200180207,GSE180207
200178284,GSE178284
200175845,GSE175845
200166743,GSE166743
200161537,GSE161537
200159141,GSE159141
200159067,GSE159067
200135244,GSE135244
200207291,GSE207291
200206267,GSE206267
200203160,GSE203160
200202295,GSE202295
200201007,GSE201007
200198258,GSE198258
200194125,GSE194125
200193942,GSE193942
200188251,GSE188251
200186054,GSE186054
200185933,GSE185933
200182806,GSE182806
200180820,GSE180820
200178868,GSE178868
200177485,GSE177485
200175901,GSE175901
200158793,GSE158793
200158791,GSE158791
200207466,GSE207466
200207227,GSE207227
200207217,GSE207217
200205100,GSE205100
200199634,GSE199634
200189440,GSE189440
200179509,GSE179509
200173644,GSE173644
200169465,GSE169465
200166849,GSE166849
200207338,GSE207338
200207323,GSE207323
200207028,GSE207028
200205902,GSE205902
200201173,GSE201173
200198618,GSE198618
200165960,GSE165960
200165891,GSE165891
200160540,GSE160540
200207314,GSE207314
200207312,GSE207312
200207262,GSE207262
200207129,GSE207129
200207122,GSE207122
200202017,GSE202017
200202016,GSE202016
200181037,GSE181037
200207179,GSE207179
200207172,GSE207172
200207388,GSE207388
200207077,GSE207077
200206225,GSE206225
200203505,GSE203505
200200605,GSE200605
200199439,GSE199439
200198290,GSE198290
200197850,GSE197850
200197499,GSE197499
200194304,GSE194304
200193080,GSE193080
200193066,GSE193066
200192959,GSE192959
200190682,GSE190682
200190600,GSE190600
200184217,GSE184217
200181144,GSE181144
200180779,GSE180779
200180462,GSE180462
200179810,GSE179810
200179689,GSE179689
200179620,GSE179620
200179505,GSE179505
200169656,GSE169656
200168721,GSE168721
200166915,GSE166915
200154357,GSE154357
200149432,GSE149432
200134150,GSE134150
200133782,GSE133782
200133615,GSE133615
200207049,GSE207049
200207003,GSE207003
200206984,GSE206984
200206978,GSE206978
200203358,GSE203358
200203074,GSE203074
200201542,GSE201542
200201198,GSE201198
200200816,GSE200816
200198304,GSE198304
200198246,GSE198246
200196117,GSE196117
200195756,GSE195756
200194150,GSE194150
200192754,GSE192754
200192374,GSE192374
200192372,GSE192372
200189462,GSE189462
200186243,GSE186243
200185543,GSE185543
200183858,GSE183858
200183359,GSE183359
200179235,GSE179235
200178398,GSE178398
200163886,GSE163886
200163090,GSE163090
200162753,GSE162753
200162516,GSE162516
200162485,GSE162485
200154336,GSE154336
200153315,GSE153315
200153143,GSE153143
200153141,GSE153141
200152807,GSE152807
200144339,GSE144339
200207002,GSE207002
200205378,GSE205378
200203609,GSE203609
200202625,GSE202625
200201759,GSE201759
200200679,GSE200679
200200678,GSE200678
200200335,GSE200335
200198742,GSE198742
200192928,GSE192928
200186651,GSE186651
200168782,GSE168782
200165501,GSE165501
200161709,GSE161709
200157302,GSE157302
200143677,GSE143677
200206803,GSE206803
200202436,GSE202436
200201753,GSE201753
200190114,GSE190114
200189827,GSE189827
200189261,GSE189261
200168246,GSE168246
200164834,GSE164834
200154529,GSE154529
200154528,GSE154528
200148494,GSE148494
200142383,GSE142383
200206867,GSE206867
200206862,GSE206862
200206847,GSE206847
200203174,GSE203174
200201180,GSE201180
200198288,GSE198288
200196693,GSE196693
200196277,GSE196277
200182888,GSE182888
200161188,GSE161188
200160503,GSE160503
200159041,GSE159041
200206745,GSE206745
200206612,GSE206612
200165748,GSE165748
200206742,GSE206742
200206649,GSE206649
200206720,GSE206720
200206599,GSE206599
200206594,GSE206594
200206448,GSE206448
200193715,GSE193715
200192566,GSE192566
200191334,GSE191334
200190866,GSE190866
200190865,GSE190865
200190864,GSE190864
200190211,GSE190211
200189962,GSE189962
200188779,GSE188779
200188760,GSE188760
200188759,GSE188759
200182959,GSE182959
200155996,GSE155996
200206509,GSE206509
200206482,GSE206482
200206364,GSE206364
200195717,GSE195717
200192685,GSE192685
200190187,GSE190187
200190185,GSE190185
200184790,GSE184790
200184512,GSE184512
200184488,GSE184488
200181625,GSE181625
200172205,GSE172205
200158909,GSE158909
200157718,GSE157718
200138662,GSE138662
200135491,GSE135491
200206684,GSE206684
200206680,GSE206680
200206505,GSE206505
200206172,GSE206172
200206170,GSE206170
200203438,GSE203438
200203367,GSE203367
200201427,GSE201427
200200597,GSE200597
200198624,GSE198624
200197462,GSE197462
200197210,GSE197210
200197209,GSE197209
200195719,GSE195719
200193637,GSE193637
200189514,GSE189514
200182152,GSE182152
200180706,GSE180706
200179850,GSE179850
200169186,GSE169186
200157729,GSE157729
200143709,GSE143709
200125924,GSE125924
200206250,GSE206250
200206212,GSE206212
200206201,GSE206201
200199273,GSE199273
200194052,GSE194052
200190653,GSE190653
200185216,GSE185216
200183755,GSE183755
200182510,GSE182510
200179885,GSE179885
200175977,GSE175977
200174621,GSE174621
200139630,GSE139630
200134845,GSE134845
200206474,GSE206474
200206329,GSE206329
200205678,GSE205678
200203525,GSE203525
200194238,GSE194238
200192587,GSE192587
200188249,GSE188249
200183214,GSE183214
200165664,GSE165664
200206241,GSE206241
200206128,GSE206128
200205932,GSE205932
200202782,GSE202782
200193399,GSE193399
200184274,GSE184274
200133001,GSE133001
200206224,GSE206224
200206223,GSE206223
200206198,GSE206198
200206185,GSE206185
200206000,GSE206000
200182412,GSE182412
200133012,GSE133012
200206327,GSE206327
200206308,GSE206308
200205878,GSE205878
200205869,GSE205869
200205830,GSE205830
200201908,GSE201908
200180229,GSE180229
200176020,GSE176020
200172372,GSE172372
200143390,GSE143390
200206112,GSE206112
200205990,GSE205990
200201595,GSE201595
200194239,GSE194239
200175468,GSE175468
200174360,GSE174360
200159360,GSE159360
200205937,GSE205937
200205494,GSE205494
200202661,GSE202661
200201279,GSE201279
200201278,GSE201278
200201154,GSE201154
200200172,GSE200172
200198740,GSE198740
200195675,GSE195675
200195563,GSE195563
200195562,GSE195562
200193048,GSE193048
200190609,GSE190609
200189927,GSE189927
200189238,GSE189238
200184156,GSE184156
200181990,GSE181990
200179854,GSE179854
200179399,GSE179399
200174258,GSE174258
200174256,GSE174256
200155290,GSE155290
200206130,GSE206130
200205885,GSE205885
200205739,GSE205739
200205492,GSE205492
200202752,GSE202752
200200676,GSE200676
200200675,GSE200675
200199437,GSE199437
200197132,GSE197132
200181258,GSE181258
200168907,GSE168907
200168549,GSE168549
200164884,GSE164884
200205880,GSE205880
200205851,GSE205851
200205793,GSE205793
200205670,GSE205670
200205542,GSE205542
200205538,GSE205538
200199919,GSE199919
200163945,GSE163945
200173241,GSE173241
200205716,GSE205716
200205559,GSE205559
200205522,GSE205522
200201530,GSE201530
200193477,GSE193477
200205630,GSE205630
200204778,GSE204778
200199196,GSE199196
200196907,GSE196907
200205422,GSE205422
200203052,GSE203052
200202705,GSE202705
200194080,GSE194080
200194079,GSE194079
200193776,GSE193776
200192707,GSE192707
200189499,GSE189499
200185374,GSE185374
200184433,GSE184433
200180849,GSE180849
200180847,GSE180847
200167762,GSE167762
200144932,GSE144932
200205566,GSE205566
200196292,GSE196292
200189553,GSE189553
200188574,GSE188574
200186043,GSE186043
200185561,GSE185561
200184929,GSE184929
200183902,GSE183902
200181250,GSE181250
200180897,GSE180897
200168271,GSE168271
200162043,GSE162043
200150695,GSE150695
200132435,GSE132435
200205389,GSE205389
200200427,GSE200427
200180837,GSE180837
200167525,GSE167525
200148511,GSE148511
200205430,GSE205430
200205084,GSE205084
200199324,GSE199324
200198520,GSE198520
200196635,GSE196635
200185728,GSE185728
200132327,GSE132327
200205363,GSE205363
200205204,GSE205204
200204663,GSE204663
200199107,GSE199107
200182893,GSE182893
200205300,GSE205300
200199240,GSE199240
200163334,GSE163334
200163333,GSE163333
200205332,GSE205332
200205276,GSE205276
200205235,GSE205235
200205149,GSE205149
200205147,GSE205147
200203012,GSE203012
200199286,GSE199286
200192599,GSE192599
200190135,GSE190135
200188203,GSE188203
200182431,GSE182431
200176305,GSE176305
200172544,GSE172544
200172436,GSE172436
200172435,GSE172435
200205146,GSE205146
200202350,GSE202350
200191196,GSE191196
200186543,GSE186543
200151686,GSE151686
200202167,GSE202167
200201219,GSE201219
200200926,GSE200926
200199947,GSE199947
200199940,GSE199940
200199349,GSE199349
200199119,GSE199119
200197514,GSE197514
200197273,GSE197273
200196532,GSE196532
200196263,GSE196263
200195919,GSE195919
200193783,GSE193783
200193471,GSE193471
200190904,GSE190904
200190752,GSE190752
200189816,GSE189816
200189578,GSE189578
200187454,GSE187454
200185814,GSE185814
200185129,GSE185129
200184779,GSE184779
200183744,GSE183744
200183202,GSE183202
200182921,GSE182921
200182391,GSE182391
200180343,GSE180343
200179487,GSE179487
200179248,GSE179248
200179087,GSE179087
200178940,GSE178940
200178892,GSE178892
200178787,GSE178787
200176549,GSE176549
200176145,GSE176145
200175596,GSE175596
200174317,GSE174317
200172116,GSE172116
200171792,GSE171792
200168696,GSE168696
200166914,GSE166914
200165621,GSE165621
200165187,GSE165187
200162845,GSE162845
200161875,GSE161875
200159487,GSE159487
200155836,GSE155836
200153096,GSE153096
200152673,GSE152673
200132165,GSE132165
200115475,GSE115475
200205036,GSE205036
200204749,GSE204749
200204748,GSE204748
200204725,GSE204725
200203346,GSE203346
200202479,GSE202479
200201110,GSE201110
200200370,GSE200370
200199949,GSE199949
200199502,GSE199502
200199152,GSE199152
200199046,GSE199046
200198156,GSE198156
200198121,GSE198121
200192750,GSE192750
200192359,GSE192359
200192352,GSE192352
200191165,GSE191165
200184777,GSE184777
200183768,GSE183768
200183533,GSE183533
200180403,GSE180403
200173874,GSE173874
200146498,GSE146498
200204967,GSE204967
200204835,GSE204835
200199911,GSE199911
200153714,GSE153714
200204909,GSE204909
200204882,GSE204882
200204879,GSE204879
200204862,GSE204862
200203551,GSE203551
200193987,GSE193987
200131879,GSE131879
200204776,GSE204776
200204666,GSE204666
200203547,GSE203547
200203480,GSE203480
200203440,GSE203440
200201093,GSE201093
200197635,GSE197635
200194382,GSE194382
200174604,GSE174604
200203506,GSE203506
200200805,GSE200805
200182460,GSE182460
200175686,GSE175686
200173586,GSE173586
200159831,GSE159831
200203549,GSE203549
200203545,GSE203545
200203429,GSE203429
200203334,GSE203334
200201020,GSE201020
200201012,GSE201012
200200430,GSE200430
200198856,GSE198856
200197697,GSE197697
200197047,GSE197047
200197046,GSE197046
200196810,GSE196810
200195916,GSE195916
200186796,GSE186796
200185969,GSE185969
200185853,GSE185853
200184690,GSE184690
200183664,GSE183664
200180067,GSE180067
200179603,GSE179603
200179354,GSE179354
200164821,GSE164821
200203495,GSE203495
200203485,GSE203485
200203395,GSE203395
200202650,GSE202650
200202333,GSE202333
200201060,GSE201060
200199658,GSE199658
200193578,GSE193578
200193129,GSE193129
200185200,GSE185200
200183510,GSE183510
200181216,GSE181216
200171147,GSE171147
200203382,GSE203382
200203381,GSE203381
200203100,GSE203100
200197450,GSE197450
200183145,GSE183145
200168852,GSE168852
200168648,GSE168648
200151323,GSE151323
200151128,GSE151128
200140741,GSE140741
200132439,GSE132439
200131709,GSE131709
200131701,GSE131701
200203345,GSE203345
200190967,GSE190967
200142015,GSE142015
200203284,GSE203284
200203247,GSE203247
200202909,GSE202909
200131567,GSE131567
200203451,GSE203451
200203257,GSE203257
200203155,GSE203155
200201341,GSE201341
200200649,GSE200649
200200648,GSE200648
200192983,GSE192983
200186486,GSE186486
200181327,GSE181327
200175434,GSE175434
200131488,GSE131488
200203128,GSE203128
200203110,GSE203110
200203019,GSE203019
200202621,GSE202621
200193386,GSE193386
200185953,GSE185953
200183013,GSE183013
200165958,GSE165958
200131513,GSE131513
200203060,GSE203060
200203058,GSE203058
200202853,GSE202853
200198549,GSE198549
200198545,GSE198545
200196141,GSE196141
200193965,GSE193965
200192922,GSE192922
200192376,GSE192376
200191113,GSE191113
200184173,GSE184173
200184087,GSE184087
200183931,GSE183931
200183658,GSE183658
200183070,GSE183070
200180980,GSE180980
200173779,GSE173779
200165728,GSE165728
200158413,GSE158413
200143940,GSE143940
200138869,GSE138869
200130688,GSE130688
200203044,GSE203044
200202855,GSE202855
200202851,GSE202851
200200661,GSE200661
200173918,GSE173918
200165609,GSE165609
200146347,GSE146347
200132279,GSE132279
200203017,GSE203017
200202947,GSE202947
200202900,GSE202900
200202881,GSE202881
200197091,GSE197091
200189510,GSE189510
200188717,GSE188717
200188716,GSE188716
200182789,GSE182789
200176218,GSE176218
200176079,GSE176079
200163310,GSE163310
200162230,GSE162230
200161702,GSE161702
200157126,GSE157126
200131415,GSE131415
200203020,GSE203020
200202840,GSE202840
200195729,GSE195729
200175547,GSE175547
200163183,GSE163183
200202744,GSE202744
200202712,GSE202712
200202440,GSE202440
200198607,GSE198607
200191100,GSE191100
200186396,GSE186396
200202745,GSE202745
200202687,GSE202687
200202682,GSE202682
200202649,GSE202649
200202522,GSE202522
200196297,GSE196297
200193491,GSE193491
200181889,GSE181889
200165303,GSE165303
200155196,GSE155196
200150609,GSE150609
200131231,GSE131231
200202897,GSE202897
200202885,GSE202885
200202755,GSE202755
200202513,GSE202513
200201703,GSE201703
200201424,GSE201424
200200424,GSE200424
200177045,GSE177045
200202458,GSE202458
200198818,GSE198818
200198100,GSE198100
200197532,GSE197532
200197138,GSE197138
200193026,GSE193026
200192541,GSE192541
200191022,GSE191022
200185795,GSE185795
200184138,GSE184138
200178358,GSE178358
200201594,GSE201594
200199820,GSE199820
200199060,GSE199060
200193862,GSE193862
200193662,GSE193662
200174657,GSE174657
200174122,GSE174122
200150299,GSE150299
200202515,GSE202515
200202424,GSE202424
200202370,GSE202370
200202299,GSE202299
200178488,GSE178488
200165949,GSE165949
200165948,GSE165948
200164372,GSE164372
200151321,GSE151321
200202293,GSE202293
200202286,GSE202286
200201365,GSE201365
200131598,GSE131598
200202194,GSE202194
200202119,GSE202119
200201958,GSE201958
200173624,GSE173624
200202180,GSE202180
200202135,GSE202135
200202114,GSE202114
200202112,GSE202112
200202095,GSE202095
200199206,GSE199206
200178601,GSE178601
200175861,GSE175861
200175718,GSE175718
200167152,GSE167152
200157558,GSE157558
200157557,GSE157557
200130983,GSE130983
200202151,GSE202151
200202054,GSE202054
200202028,GSE202028
200200153,GSE200153
200199471,GSE199471
200193964,GSE193964
200182278,GSE182278
200174589,GSE174589
200166160,GSE166160
200154951,GSE154951
200150779,GSE150779
200202025,GSE202025
200202005,GSE202005
200201979,GSE201979
200201959,GSE201959
200201955,GSE201955
200195585,GSE195585
200193172,GSE193172
200192782,GSE192782
200189376,GSE189376
200185957,GSE185957
200181646,GSE181646
200179599,GSE179599
200173598,GSE173598
200173200,GSE173200
200167990,GSE167990
200163329,GSE163329
200163328,GSE163328
200159857,GSE159857
200202045,GSE202045
200201970,GSE201970
200199596,GSE199596
200183534,GSE183534
200201876,GSE201876
200201875,GSE201875
200201868,GSE201868
200200779,GSE200779
200200354,GSE200354
200200274,GSE200274
200200225,GSE200225
200186489,GSE186489
200175759,GSE175759
200174185,GSE174185
200172153,GSE172153
200163456,GSE163456
200150043,GSE150043
200147541,GSE147541
200199903,GSE199903
200199849,GSE199849
200199777,GSE199777
200198908,GSE198908
200198792,GSE198792
200197623,GSE197623
200195985,GSE195985
200189372,GSE189372
200185069,GSE185069
200183186,GSE183186
200176205,GSE176205
200174462,GSE174462
200174380,GSE174380
200174183,GSE174183
200174087,GSE174087
200173666,GSE173666
200173577,GSE173577
200169705,GSE169705
200169660,GSE169660
200144453,GSE144453
200113890,GSE113890
200201742,GSE201742
200201719,GSE201719
200201718,GSE201718
200201702,GSE201702
200201680,GSE201680
200201676,GSE201676
200201464,GSE201464
200201457,GSE201457
200201451,GSE201451
200201354,GSE201354
200201344,GSE201344
200199089,GSE199089
200192771,GSE192771
200189932,GSE189932
200189884,GSE189884
200185937,GSE185937
200184143,GSE184143
200183127,GSE183127
200182168,GSE182168
200162960,GSE162960
200148717,GSE148717
200180521,GSE180521
200174771,GSE174771
200134860,GSE134860
200134858,GSE134858
200134857,GSE134857
200134856,GSE134856
200201695,GSE201695
200201506,GSE201506
200201502,GSE201502
200201482,GSE201482
200201481,GSE201481
200201466,GSE201466
200201439,GSE201439
200201437,GSE201437
200201421,GSE201421
200201412,GSE201412
200197110,GSE197110
200189065,GSE189065
200183732,GSE183732
200182677,GSE182677
200201548,GSE201548
200201407,GSE201407
200201382,GSE201382
200201150,GSE201150
200200982,GSE200982
200197728,GSE197728
200195772,GSE195772
200192493,GSE192493
200186020,GSE186020
200184234,GSE184234
200183436,GSE183436
200179879,GSE179879
200178889,GSE178889
200178869,GSE178869
200175878,GSE175878
200142735,GSE142735
200201237,GSE201237
200201204,GSE201204
200201085,GSE201085
200201081,GSE201081
200200099,GSE200099
200199842,GSE199842
200195557,GSE195557
200184237,GSE184237
200180515,GSE180515
200180514,GSE180514
200180512,GSE180512
200178744,GSE178744
200173288,GSE173288
200164144,GSE164144
200201358,GSE201358
200201346,GSE201346
200201315,GSE201315
200201293,GSE201293
200201223,GSE201223
200182824,GSE182824
200181194,GSE181194
200179423,GSE179423
200201221,GSE201221
200201076,GSE201076
200173285,GSE173285
200201113,GSE201113
200201107,GSE201107
200201096,GSE201096
200201095,GSE201095
200200998,GSE200998
200188570,GSE188570
200179843,GSE179843
200081526,GSE81526
200201057,GSE201057
200201041,GSE201041
200200897,GSE200897
200185314,GSE185314
200181467,GSE181467
200149626,GSE149626
200130179,GSE130179
200119426,GSE119426
200200983,GSE200983
200185112,GSE185112
200180323,GSE180323
200177034,GSE177034
200176328,GSE176328
200176327,GSE176327
200172505,GSE172505
200149621,GSE149621
200200977,GSE200977
200200872,GSE200872
200198042,GSE198042
200195492,GSE195492
200193729,GSE193729
200193452,GSE193452
200188392,GSE188392
200186211,GSE186211
200186159,GSE186159
200169740,GSE169740
200150830,GSE150830
200149529,GSE149529
200149528,GSE149528
200127894,GSE127894
200200477,GSE200477
200197389,GSE197389
200196265,GSE196265
200183269,GSE183269
200182133,GSE182133
200180908,GSE180908
200180615,GSE180615
200165177,GSE165177
200165176,GSE165176
200162649,GSE162649
200149021,GSE149021
200149020,GSE149020
200107963,GSE107963
200200845,GSE200845
200200574,GSE200574
200196399,GSE196399
200165382,GSE165382
200199794,GSE199794
200200618,GSE200618
200152929,GSE152929
200200762,GSE200762
200200680,GSE200680
200200662,GSE200662
200200657,GSE200657
200199030,GSE199030
200197295,GSE197295
200193635,GSE193635
200179576,GSE179576
200178922,GSE178922
200174498,GSE174498
200174308,GSE174308
200147991,GSE147991
200199627,GSE199627
200181308,GSE181308
200200479,GSE200479
200193838,GSE193838
200193309,GSE193309
200193088,GSE193088
200191185,GSE191185
200191054,GSE191054
200187398,GSE187398
200181517,GSE181517
200181059,GSE181059
200173132,GSE173132
200172040,GSE172040
200165998,GSE165998
200153412,GSE153412
200146658,GSE146658
200146486,GSE146486
200196434,GSE196434
200185318,GSE185318
200178584,GSE178584
200174809,GSE174809
200167580,GSE167580
200154272,GSE154272
200154114,GSE154114
200200340,GSE200340
200200162,GSE200162
200199915,GSE199915
200193479,GSE193479
200191005,GSE191005
200181238,GSE181238
200172329,GSE172329
200200422,GSE200422
200200385,GSE200385
200200252,GSE200252
200200209,GSE200209
200193725,GSE193725
200200319,GSE200319
200200312,GSE200312
200200280,GSE200280
200185602,GSE185602
200182018,GSE182018
200197966,GSE197966
200196807,GSE196807
200196002,GSE196002
200192656,GSE192656
200182349,GSE182349
200178331,GSE178331
200173855,GSE173855
200200285,GSE200285
200200154,GSE200154
200193049,GSE193049
200189709,GSE189709
200189703,GSE189703
200184726,GSE184726
200167024,GSE167024
200162699,GSE162699
200200064,GSE200064
200197907,GSE197907
200196656,GSE196656
200196421,GSE196421
200193258,GSE193258
200190761,GSE190761
200190507,GSE190507
200188174,GSE188174
200185611,GSE185611
200181880,GSE181880
200175764,GSE175764
200152070,GSE152070
200200086,GSE200086
200200031,GSE200031
200200004,GSE200004
200199743,GSE199743
200199688,GSE199688
200196038,GSE196038
200193856,GSE193856
200192810,GSE192810
200192808,GSE192808
200185379,GSE185379
200179076,GSE179076
200178570,GSE178570
200176055,GSE176055
200174478,GSE174478
200172384,GSE172384
200168987,GSE168987
200167305,GSE167305
200164961,GSE164961
200161932,GSE161932
200147811,GSE147811
200139563,GSE139563
200199778,GSE199778
200196116,GSE196116
200194108,GSE194108
200188827,GSE188827
200180901,GSE180901
200180338,GSE180338
200140754,GSE140754
200199910,GSE199910
200199888,GSE199888
200199859,GSE199859
200199847,GSE199847
200199729,GSE199729
200199724,GSE199724
200199715,GSE199715
200199709,GSE199709
200199784,GSE199784
200199779,GSE199779
200185357,GSE185357
200184694,GSE184694
200199901,GSE199901
200198256,GSE198256
200197758,GSE197758
200196505,GSE196505
200195794,GSE195794
200195477,GSE195477
200189848,GSE189848
200189291,GSE189291
200189266,GSE189266
200186908,GSE186908
200186430,GSE186430
200186335,GSE186335
200185485,GSE185485
200184951,GSE184951
200184200,GSE184200
200181106,GSE181106
200180389,GSE180389
200179306,GSE179306
200173286,GSE173286
200172444,GSE172444
200172443,GSE172443
200172442,GSE172442
200169356,GSE169356
200169334,GSE169334
200153585,GSE153585
200113617,GSE113617
200199677,GSE199677
200199674,GSE199674
200198899,GSE198899
200198462,GSE198462
200197302,GSE197302
200196877,GSE196877
200196876,GSE196876
200196703,GSE196703
200193159,GSE193159
200189415,GSE189415
200189186,GSE189186
200186471,GSE186471
200186334,GSE186334
200184276,GSE184276
200184151,GSE184151
200183221,GSE183221
200182138,GSE182138
200179778,GSE179778
200176144,GSE176144
200168312,GSE168312
200166576,GSE166576
200160916,GSE160916
200145235,GSE145235
200140022,GSE140022
200199552,GSE199552
200199551,GSE199551
200199550,GSE199550
200199538,GSE199538
200199509,GSE199509
200199483,GSE199483
200199435,GSE199435
200199413,GSE199413
200198380,GSE198380
200197240,GSE197240
200196284,GSE196284
200195695,GSE195695
200195587,GSE195587
200195495,GSE195495
200195494,GSE195494
200195493,GSE195493
200193739,GSE193739
200191322,GSE191322
200190258,GSE190258
200188763,GSE188763
200184830,GSE184830
200183199,GSE183199
200180883,GSE180883
200180532,GSE180532
200171826,GSE171826
200169146,GSE169146
200167529,GSE167529
200158650,GSE158650
200158033,GSE158033
200199692,GSE199692
200199278,GSE199278
200199258,GSE199258
200195917,GSE195917
200193467,GSE193467
200191240,GSE191240
200168233,GSE168233
200165524,GSE165524
200164277,GSE164277
200199468,GSE199468
200186808,GSE186808
200185027,GSE185027
200184653,GSE184653
200184436,GSE184436
200178665,GSE178665
200129094,GSE129094
200191142,GSE191142
200186935,GSE186935
200179464,GSE179464
200150709,GSE150709
200199252,GSE199252
200199097,GSE199097
200198248,GSE198248
200169649,GSE169649
200128848,GSE128848
200198449,GSE198449
200196138,GSE196138
200185362,GSE185362
200185051,GSE185051
200171167,GSE171167
200164786,GSE164786
200199347,GSE199347
200198956,GSE198956
200198887,GSE198887
200193336,GSE193336
200188278,GSE188278
200180209,GSE180209
200173495,GSE173495
200171839,GSE171839
200156783,GSE156783
200132356,GSE132356
200199077,GSE199077
200199026,GSE199026
200199021,GSE199021
200199020,GSE199020
200199019,GSE199019
200199018,GSE199018
200198983,GSE198983
200198794,GSE198794
200193844,GSE193844
200193193,GSE193193
200193043,GSE193043
200190942,GSE190942
200190446,GSE190446
200190002,GSE190002
200186191,GSE186191
200184327,GSE184327
200182185,GSE182185
200180869,GSE180869
200176172,GSE176172
200175615,GSE175615
200171974,GSE171974
200169484,GSE169484
200169203,GSE169203
200153022,GSE153022
200121713,GSE121713
200198455,GSE198455
200198454,GSE198454
200193660,GSE193660
200192526,GSE192526
200188847,GSE188847
200184868,GSE184868
200181362,GSE181362
200174312,GSE174312
200164742,GSE164742
200155978,GSE155978
200103608,GSE103608
200198950,GSE198950
200198930,GSE198930
200198776,GSE198776
200196269,GSE196269
200192913,GSE192913
200190518,GSE190518
200185066,GSE185066
200184558,GSE184558
200169494,GSE169494
200198890,GSE198890
200198547,GSE198547
200178491,GSE178491
200128663,GSE128663
200198992,GSE198992
200198578,GSE198578
200181673,GSE181673
200198661,GSE198661
200198660,GSE198660
200198650,GSE198650
200198647,GSE198647
200198646,GSE198646
200198445,GSE198445
200193381,GSE193381
200189789,GSE189789
200184040,GSE184040
200178807,GSE178807
200168800,GSE168800
200160531,GSE160531
200094744,GSE94744
200198569,GSE198569
200195620,GSE195620
200193952,GSE193952
200185919,GSE185919
200184062,GSE184062
200140474,GSE140474
200198723,GSE198723
200198620,GSE198620
200198619,GSE198619
200193966,GSE193966
200193700,GSE193700
200182541,GSE182541
200181313,GSE181313
200173771,GSE173771
200171803,GSE171803
200148018,GSE148018
200128438,GSE128438
200128437,GSE128437
200198514,GSE198514
200197738,GSE197738
200194098,GSE194098
200193453,GSE193453
200188923,GSE188923
200182756,GSE182756
200180857,GSE180857
200180836,GSE180836
200178303,GSE178303
200176475,GSE176475
200176103,GSE176103
200175374,GSE175374
200174501,GSE174501
200169029,GSE169029
200161042,GSE161042
200149845,GSE149845
200147341,GSE147341
200198609,GSE198609
200198393,GSE198393
200198351,GSE198351
200198192,GSE198192
200198093,GSE198093
200195503,GSE195503
200177056,GSE177056
200173484,GSE173484
200168192,GSE168192
200160631,GSE160631
200158765,GSE158765
200138068,GSE138068
200118529,GSE118529
200198441,GSE198441
200191036,GSE191036
200190827,GSE190827
200190650,GSE190650
200183976,GSE183976
200198143,GSE198143
200198136,GSE198136
200198133,GSE198133
200196455,GSE196455
200196442,GSE196442
200181639,GSE181639
200179251,GSE179251
200163000,GSE163000
200162948,GSE162948
200157809,GSE157809
200198178,GSE198178
200198177,GSE198177
200185394,GSE185394
200182807,GSE182807
200168505,GSE168505
200168462,GSE168462
200165090,GSE165090
200164869,GSE164869
200164868,GSE164868
200164863,GSE164863
200198050,GSE198050
200198000,GSE198000
200197985,GSE197985
200197984,GSE197984
200197946,GSE197946
200197921,GSE197921
200197763,GSE197763
200196144,GSE196144
200195689,GSE195689
200195685,GSE195685
200193812,GSE193812
200190747,GSE190747
200189779,GSE189779
200189124,GSE189124
200186287,GSE186287
200183600,GSE183600
200180923,GSE180923
200176513,GSE176513
200173507,GSE173507
200171611,GSE171611
200169280,GSE169280
200151470,GSE151470
200149559,GSE149559
200139393,GSE139393
200197705,GSE197705
200196496,GSE196496
200184246,GSE184246
200180693,GSE180693
200179612,GSE179612
200179609,GSE179609
200174252,GSE174252
200171560,GSE171560
200171543,GSE171543
200168527,GSE168527
200168255,GSE168255
200156740,GSE156740
200156737,GSE156737
200197952,GSE197952
200190193,GSE190193
200187571,GSE187571
200186896,GSE186896
200182538,GSE182538
200168116,GSE168116
200165910,GSE165910
200157468,GSE157468
200128035,GSE128035
200197895,GSE197895
200197894,GSE197894
200197845,GSE197845
200197835,GSE197835
200197823,GSE197823
200192832,GSE192832
200182823,GSE182823
200174661,GSE174661
200127978,GSE127978
200127973,GSE127973
200197811,GSE197811
200197735,GSE197735
200197624,GSE197624
200197621,GSE197621
200197557,GSE197557
200193665,GSE193665
200180705,GSE180705
200197865,GSE197865
200197727,GSE197727
200197725,GSE197725
200197671,GSE197671
200193161,GSE193161
200190160,GSE190160
200189919,GSE189919
200186370,GSE186370
200182468,GSE182468
200166397,GSE166397
200162711,GSE162711
200162162,GSE162162
200155528,GSE155528
200154754,GSE154754
200154753,GSE154753
200154752,GSE154752
200131460,GSE131460
200197603,GSE197603
200197602,GSE197602
200197601,GSE197601
200197600,GSE197600
200197575,GSE197575
200196728,GSE196728
200192755,GSE192755
200191066,GSE191066
200189208,GSE189208
200189205,GSE189205
200177040,GSE177040
200173766,GSE173766
200173574,GSE173574
200173571,GSE173571
200173207,GSE173207
200168250,GSE168250
200164040,GSE164040
200155498,GSE155498
200197630,GSE197630
200197540,GSE197540
200197535,GSE197535
200197534,GSE197534
200197531,GSE197531
200191049,GSE191049
200190234,GSE190234
200189121,GSE189121
200188919,GSE188919
200188568,GSE188568
200182710,GSE182710
200182287,GSE182287
200174825,GSE174825
200171857,GSE171857
200169500,GSE169500
200159859,GSE159859
200159392,GSE159392
200197685,GSE197685
200197521,GSE197521
200196323,GSE196323
200194331,GSE194331
200193541,GSE193541
200193164,GSE193164
200191274,GSE191274
200190310,GSE190310
200188557,GSE188557
200186961,GSE186961
200186919,GSE186919
200186477,GSE186477
200185701,GSE185701
200185333,GSE185333
200180793,GSE180793
200179307,GSE179307
200179016,GSE179016
200168188,GSE168188
200162676,GSE162676
200151066,GSE151066
200147725,GSE147725
200147634,GSE147634
200146888,GSE146888
200146168,GSE146168
200144821,GSE144821
200141200,GSE141200
200141198,GSE141198
200128431,GSE128431
200128428,GSE128428
200128099,GSE128099
200115591,GSE115591
200197468,GSE197468
200197443,GSE197443
200197417,GSE197417
200197355,GSE197355
200197258,GSE197258
200197204,GSE197204
200197179,GSE197179
200195708,GSE195708
200194297,GSE194297
200190845,GSE190845
200189751,GSE189751
200189645,GSE189645
200189635,GSE189635
200189624,GSE189624
200189463,GSE189463
200189448,GSE189448
200189430,GSE189430
200189390,GSE189390
200189149,GSE189149
200187420,GSE187420
200184065,GSE184065
200179433,GSE179433
200179200,GSE179200
200176454,GSE176454
200172363,GSE172363
200167869,GSE167869
200166869,GSE166869
200148381,GSE148381
200197422,GSE197422
200197365,GSE197365
200197213,GSE197213
200184539,GSE184539
200197321,GSE197321
200174531,GSE174531
200197247,GSE197247
200197155,GSE197155
200197148,GSE197148
200196564,GSE196564
200194179,GSE194179
200194066,GSE194066
200191034,GSE191034
200190928,GSE190928
200197373,GSE197373
200197135,GSE197135
200186280,GSE186280
200183938,GSE183938
200180921,GSE180921
200154040,GSE154040
200197079,GSE197079
200197078,GSE197078
200197069,GSE197069
200197068,GSE197068
200196905,GSE196905
200196879,GSE196879
200196875,GSE196875
200194169,GSE194169
200193113,GSE193113
200191106,GSE191106
200190850,GSE190850
200190680,GSE190680
200189263,GSE189263
200184719,GSE184719
200178883,GSE178883
200173857,GSE173857
200171566,GSE171566
200171370,GSE171370
200197158,GSE197158
200197000,GSE197000
200196822,GSE196822
200193417,GSE193417
200189274,GSE189274
200174244,GSE174244
200169714,GSE169714
200169711,GSE169711
200167308,GSE167308
200196888,GSE196888
200173867,GSE173867
200173841,GSE173841
200161865,GSE161865
200161864,GSE161864
200159543,GSE159543
200145678,GSE145678
200196813,GSE196813
200196809,GSE196809
200194088,GSE194088
200168763,GSE168763
200165351,GSE165351
200156770,GSE156770
200126890,GSE126890
200126803,GSE126803
200126799,GSE126799
200196900,GSE196900
200196848,GSE196848
200196833,GSE196833
200190515,GSE190515
200126765,GSE126765
200196757,GSE196757
200196755,GSE196755
200196748,GSE196748
200196741,GSE196741
200193436,GSE193436
200179618,GSE179618
200176439,GSE176439
200169724,GSE169724
200165450,GSE165450
200129504,GSE129504
200196726,GSE196726
200196714,GSE196714
200196702,GSE196702
200196691,GSE196691
200196672,GSE196672
200196538,GSE196538
200179866,GSE179866
200179865,GSE179865
200153173,GSE153173
200196839,GSE196839
200196743,GSE196743
200196634,GSE196634
200196576,GSE196576
200194293,GSE194293
200193656,GSE193656
200186715,GSE186715
200180872,GSE180872
200179630,GSE179630
200176081,GSE176081
200169590,GSE169590
200168752,GSE168752
200168678,GSE168678
200168386,GSE168386
200165966,GSE165966
200165963,GSE165963
200165819,GSE165819
200179864,GSE179864
200172609,GSE172609
200171453,GSE171453
200141083,GSE141083
200134215,GSE134215
200126751,GSE126751
200123613,GSE123613
200196608,GSE196608
200196575,GSE196575
200181636,GSE181636
200181635,GSE181635
200181157,GSE181157
200179687,GSE179687
200173554,GSE173554
200139843,GSE139843
200139838,GSE139838
200196462,GSE196462
200186763,GSE186763
200183623,GSE183623
200180491,GSE180491
200196274,GSE196274
200196262,GSE196262
200155022,GSE155022
200126512,GSE126512
200196026,GSE196026
200171248,GSE171248
200196464,GSE196464
200196385,GSE196385
200196343,GSE196343
200193667,GSE193667
200186731,GSE186731
200186662,GSE186662
200174552,GSE174552
200149001,GSE149001
200196276,GSE196276
200196258,GSE196258
200196009,GSE196009
200193487,GSE193487
200189518,GSE189518
200186652,GSE186652
200183332,GSE183332
200182181,GSE182181
200176462,GSE176462
200176381,GSE176381
200175397,GSE175397
200171655,GSE171655
200171040,GSE171040
200195766,GSE195766
200190093,GSE190093
200188353,GSE188353
200185668,GSE185668
200183062,GSE183062
200182220,GSE182220
200180329,GSE180329
200178521,GSE178521
200171091,GSE171091
200167199,GSE167199
200162387,GSE162387
200158113,GSE158113
200196231,GSE196231
200196129,GSE196129
200196070,GSE196070
200189818,GSE189818
200173940,GSE173940
200173150,GSE173150
200166640,GSE166640
200166605,GSE166605
200150309,GSE150309
200150308,GSE150308
200196057,GSE196057
200196032,GSE196032
200166984,GSE166984
200150175,GSE150175
200126304,GSE126304
200195994,GSE195994
200195981,GSE195981
200195781,GSE195781
200195712,GSE195712
200195703,GSE195703
200195701,GSE195701
200159539,GSE159539
200196126,GSE196126
200195992,GSE195992
200195877,GSE195877
200193123,GSE193123
200176464,GSE176464
200150691,GSE150691
200148261,GSE148261
200148260,GSE148260
200148258,GSE148258
200146970,GSE146970
200195850,GSE195850
200195663,GSE195663
200183781,GSE183781
200178111,GSE178111
200162305,GSE162305
200152390,GSE152390
200195984,GSE195984
200195739,GSE195739
200195727,GSE195727
200195637,GSE195637
200190869,GSE190869
200190388,GSE190388
200186089,GSE186089
200185520,GSE185520
200183862,GSE183862
200181861,GSE181861
200181047,GSE181047
200179625,GSE179625
200174490,GSE174490
200169617,GSE169617
200169341,GSE169341
200168998,GSE168998
200168526,GSE168526
200166268,GSE166268
200166084,GSE166084
200158696,GSE158696
200153290,GSE153290
200153276,GSE153276
200145048,GSE145048
200194416,GSE194416
200193422,GSE193422
200190233,GSE190233
200187413,GSE187413
200181228,GSE181228
200181005,GSE181005
200179190,GSE179190
200175998,GSE175998
200173282,GSE173282
200171908,GSE171908
200166877,GSE166877
200166721,GSE166721
200166720,GSE166720
200166559,GSE166559
200165930,GSE165930
200144510,GSE144510
200144190,GSE144190
200126999,GSE126999
200195679,GSE195679
200195642,GSE195642
200195639,GSE195639
200195617,GSE195617
200195542,GSE195542
200195541,GSE195541
200194306,GSE194306
200192586,GSE192586
200184990,GSE184990
200184083,GSE184083
200183952,GSE183952
200173112,GSE173112
200172213,GSE172213
200171180,GSE171180
200171179,GSE171179
200171178,GSE171178
200171177,GSE171177
200171176,GSE171176
200171175,GSE171175
200171174,GSE171174
200171173,GSE171173
200148057,GSE148057
200144001,GSE144001
200195599,GSE195599
200195539,GSE195539
200195519,GSE195519
200192848,GSE192848
200171356,GSE171356
200137591,GSE137591
200109635,GSE109635
200195514,GSE195514
200195501,GSE195501
200195469,GSE195469
200195436,GSE195436
200194434,GSE194434
200194277,GSE194277
200179071,GSE179071
200195659,GSE195659
200194425,GSE194425
200194374,GSE194374
200194368,GSE194368
200165771,GSE165771
200164038,GSE164038
200163544,GSE163544
200163543,GSE163543
200161108,GSE161108
200160088,GSE160088
200125744,GSE125744
200194299,GSE194299
200183587,GSE183587
200178152,GSE178152
200172446,GSE172446
200168445,GSE168445
200138813,GSE138813
200116619,GSE116619
200095673,GSE95673
200194379,GSE194379
200193722,GSE193722
200192982,GSE192982
200190688,GSE190688
200190568,GSE190568
200188877,GSE188877
200188875,GSE188875
200184452,GSE184452
200183204,GSE183204
200176230,GSE176230
200175677,GSE175677
200175676,GSE175676
200175675,GSE175675
200169128,GSE169128
200168967,GSE168967
200166184,GSE166184
200142771,GSE142771
200194234,GSE194234
200194202,GSE194202
200191037,GSE191037
200189039,GSE189039
200180804,GSE180804
200166822,GSE166822
200165568,GSE165568
200164681,GSE164681
200194123,GSE194123
200194121,GSE194121
200190134,GSE190134
200189729,GSE189729
200189562,GSE189562
200180568,GSE180568
200180567,GSE180567
200171763,GSE171763
200165367,GSE165367
200165366,GSE165366
200165365,GSE165365
200165364,GSE165364
200159653,GSE159653
200159652,GSE159652
200126005,GSE126005
200194116,GSE194116
200194100,GSE194100
200194060,GSE194060
200186245,GSE186245
200184071,GSE184071
200194007,GSE194007
200193963,GSE193963
200189984,GSE189984
200179836,GSE179836
200125632,GSE125632
200125477,GSE125477
200194095,GSE194095
200193897,GSE193897
200193887,GSE193887
200193865,GSE193865
200193861,GSE193861
200193737,GSE193737
200189472,GSE189472
200183999,GSE183999
200182259,GSE182259
200172148,GSE172148
200168625,GSE168625
200144122,GSE144122
200193817,GSE193817
200182196,GSE182196
200180455,GSE180455
200179106,GSE179106
200178197,GSE178197
200168797,GSE168797
200162340,GSE162340
200162225,GSE162225
200149450,GSE149450
200193977,GSE193977
200189424,GSE189424
200186456,GSE186456
200186297,GSE186297
200185402,GSE185402
200184896,GSE184896
200182161,GSE182161
200178670,GSE178670
200178573,GSE178573
200176555,GSE176555
200163864,GSE163864
200163227,GSE163227
200161701,GSE161701
200158656,GSE158656
200153880,GSE153880
200146229,GSE146229
200139885,GSE139885
200181884,GSE181884
200176066,GSE176066
200173789,GSE173789
200159425,GSE159425
200193747,GSE193747
200193732,GSE193732
200193659,GSE193659
200185418,GSE185418
200183967,GSE183967
200167409,GSE167409
200165713,GSE165713
200164777,GSE164777
200178205,GSE178205
200165060,GSE165060
200193514,GSE193514
200193510,GSE193510
200193496,GSE193496
200193402,GSE193402
200193398,GSE193398
200190381,GSE190381
200189781,GSE189781
200152861,GSE152861
200125933,GSE125933
200193443,GSE193443
200193318,GSE193318
200176403,GSE176403
200166817,GSE166817
200149650,GSE149650
200125202,GSE125202
200193351,GSE193351
200193260,GSE193260
200181406,GSE181406
200162429,GSE162429
200152816,GSE152816
200193369,GSE193369
200193331,GSE193331
200190826,GSE190826
200190587,GSE190587
200184541,GSE184541
200184540,GSE184540
200181909,GSE181909
200180051,GSE180051
200179895,GSE179895
200179321,GSE179321
200179000,GSE179000
200169644,GSE169644
200168639,GSE168639
200165032,GSE165032
200161695,GSE161695
200144639,GSE144639
200143767,GSE143767
200115058,GSE115058
200193295,GSE193295
200188238,GSE188238
200186616,GSE186616
200181535,GSE181535
200174361,GSE174361
200174148,GSE174148
200174116,GSE174116
200167558,GSE167558
200163568,GSE163568
200159456,GSE159456
200157538,GSE157538
200155848,GSE155848
200125618,GSE125618
200193205,GSE193205
200193192,GSE193192
200193108,GSE193108
200193097,GSE193097
200192712,GSE192712
200188740,GSE188740
200186803,GSE186803
200186141,GSE186141
200185863,GSE185863
200185586,GSE185586
200185293,GSE185293
200185292,GSE185292
200185263,GSE185263
200183685,GSE183685
200183653,GSE183653
200183112,GSE183112
200182288,GSE182288
200181378,GSE181378
200173292,GSE173292
200169090,GSE169090
200164474,GSE164474
200162769,GSE162769
200162768,GSE162768
200161095,GSE161095
200161094,GSE161094
200160765,GSE160765
200157678,GSE157678
200124909,GSE124909
200193186,GSE193186
200193143,GSE193143
200190053,GSE190053
200175448,GSE175448
200160353,GSE160353
200193094,GSE193094
200193086,GSE193086
200193064,GSE193064
200163421,GSE163421
200158420,GSE158420
200193157,GSE193157
200182031,GSE182031
200178259,GSE178259
200176445,GSE176445
200171454,GSE171454
200146025,GSE146025
200192931,GSE192931
200192920,GSE192920
200192919,GSE192919
200192907,GSE192907
200192903,GSE192903
200192886,GSE192886
200189697,GSE189697
200182432,GSE182432
200179751,GSE179751
200179750,GSE179750
200179749,GSE179749
200179748,GSE179748
200178408,GSE178408
200168375,GSE168375
200192951,GSE192951
200192877,GSE192877
200186111,GSE186111
200181125,GSE181125
200163152,GSE163152
200192753,GSE192753
200192743,GSE192743
200192739,GSE192739
200189503,GSE189503
200186133,GSE186133
200185392,GSE185392
200182592,GSE182592
200171910,GSE171910
200165611,GSE165611
200143550,GSE143550
200124692,GSE124692
200192801,GSE192801
200192790,GSE192790
200192786,GSE192786
200192612,GSE192612
200149326,GSE149326
200192725,GSE192725
200190369,GSE190369
200190238,GSE190238
200188873,GSE188873
200188407,GSE188407
200186154,GSE186154
200186121,GSE186121
200185429,GSE185429
200184834,GSE184834
200184316,GSE184316
200183753,GSE183753
200183454,GSE183454
200183380,GSE183380
200183215,GSE183215
200182851,GSE182851
200182461,GSE182461
200182303,GSE182303
200182086,GSE182086
200182068,GSE182068
200181003,GSE181003
200180265,GSE180265
200177862,GSE177862
200175436,GSE175436
200174843,GSE174843
200174138,GSE174138
200171378,GSE171378
200168902,GSE168902
200164871,GSE164871
200164648,GSE164648
200160672,GSE160672
200160343,GSE160343
200157978,GSE157978
200155657,GSE155657
200150042,GSE150042
200147561,GSE147561
200143827,GSE143827
200142994,GSE142994
200140530,GSE140530
200137418,GSE137418
200125731,GSE125731
200125142,GSE125142
200125141,GSE125141
200125140,GSE125140
200192829,GSE192829
200192818,GSE192818
200189362,GSE189362
200188958,GSE188958
200187450,GSE187450
200186196,GSE186196
200184932,GSE184932
200184859,GSE184859
200184676,GSE184676
200183977,GSE183977
200183375,GSE183375
200182684,GSE182684
200182578,GSE182578
200182350,GSE182350
200182334,GSE182334
200181521,GSE181521
200181329,GSE181329
200180248,GSE180248
200179979,GSE179979
200178486,GSE178486
200178340,GSE178340
200178237,GSE178237
200178162,GSE178162
200176562,GSE176562
200176517,GSE176517
200174242,GSE174242
200173902,GSE173902
200172458,GSE172458
200172266,GSE172266
200171532,GSE171532
200171208,GSE171208
200168759,GSE168759
200164331,GSE164331
200164289,GSE164289
200164285,GSE164285
200164264,GSE164264
200163705,GSE163705
200163690,GSE163690
200163682,GSE163682
200163346,GSE163346
200162897,GSE162897
200162643,GSE162643
200161913,GSE161913
200160349,GSE160349
200156302,GSE156302
200156103,GSE156103
200154414,GSE154414
200154413,GSE154413
200151843,GSE151843
200150227,GSE150227
200149930,GSE149930
200149237,GSE149237
200147995,GSE147995
200147993,GSE147993
200146657,GSE146657
200146475,GSE146475
200146213,GSE146213
200145921,GSE145921
200142540,GSE142540
200141950,GSE141950
200140592,GSE140592
200138768,GSE138768
200133414,GSE133414
200131016,GSE131016
200124118,GSE124118
200118730,GSE118730
200113199,GSE113199
200112280,GSE112280
200112005,GSE112005
200192536,GSE192536
200183153,GSE183153
200167977,GSE167977
200162389,GSE162389
200160446,GSE160446
200133424,GSE133424
200082340,GSE82340
200192631,GSE192631
200192618,GSE192618
200192476,GSE192476
200184398,GSE184398
200181143,GSE181143
200180447,GSE180447
200175648,GSE175648
200173127,GSE173127
200171881,GSE171881
200163954,GSE163954
200153854,GSE153854
200150823,GSE150823
200148952,GSE148952
200134145,GSE134145
200192617,GSE192617
200192410,GSE192410
200173693,GSE173693
200163819,GSE163819
200192468,GSE192468
200191319,GSE191319
200189899,GSE189899
200184421,GSE184421
200151195,GSE151195
200139688,GSE139688
200192548,GSE192548
200191225,GSE191225
200192446,GSE192446
200191206,GSE191206
200190071,GSE190071
200168508,GSE168508
200135408,GSE135408
200192420,GSE192420
200192364,GSE192364
200192362,GSE192362
200167021,GSE167021
200191329,GSE191329
200191314,GSE191314
200191306,GSE191306
200191270,GSE191270
200186255,GSE186255
200180321,GSE180321
200179079,GSE179079
200178827,GSE178827
200176053,GSE176053
200174325,GSE174325
200173955,GSE173955
200191265,GSE191265
200191262,GSE191262
200191247,GSE191247
200191231,GSE191231
200159504,GSE159504
200157937,GSE157937
200156562,GSE156562
200155665,GSE155665
200191253,GSE191253
200191234,GSE191234
200191227,GSE191227
200191209,GSE191209
200191191,GSE191191
200190902,GSE190902
200190899,GSE190899
200184356,GSE184356
200183912,GSE183912
200180846,GSE180846
200179395,GSE179395
200176286,GSE176286
200176008,GSE176008
200163556,GSE163556
200158901,GSE158901
200140803,GSE140803
200043417,GSE43417
200191248,GSE191248
200191180,GSE191180
200191140,GSE191140
200191139,GSE191139
200191136,GSE191136
200191010,GSE191010
200161835,GSE161835
200159808,GSE159808
200191158,GSE191158
200191111,GSE191111
200179085,GSE179085
200191101,GSE191101
200191056,GSE191056
200186004,GSE186004
200191084,GSE191084
200190971,GSE190971
200190951,GSE190951
200190924,GSE190924
200190693,GSE190693
200190686,GSE190686
200180088,GSE180088
200178788,GSE178788
200171009,GSE171009
200142447,GSE142447
200140702,GSE140702
200190786,GSE190786
200189281,GSE189281
200180251,GSE180251
200178934,GSE178934
200190792,GSE190792
200190740,GSE190740
200190711,GSE190711
200190502,GSE190502
200190344,GSE190344
200189690,GSE189690
200186724,GSE186724
200184831,GSE184831
200180127,GSE180127
200179265,GSE179265
200176221,GSE176221
200176220,GSE176220
200166767,GSE166767
200162384,GSE162384
200158890,GSE158890
200128318,GSE128318
200190787,GSE190787
200189336,GSE189336
200186682,GSE186682
200186679,GSE186679
200183229,GSE183229
200182347,GSE182347
200179341,GSE179341
200165325,GSE165325
200162403,GSE162403
200190694,GSE190694
200190648,GSE190648
200190606,GSE190606
200190255,GSE190255
200190078,GSE190078
200184463,GSE184463
200184456,GSE184456
200174167,GSE174167
200190572,GSE190572
200177059,GSE177059
200171073,GSE171073
200190541,GSE190541
200190511,GSE190511
200188469,GSE188469
200188373,GSE188373
200174669,GSE174669
200165168,GSE165168
200123719,GSE123719
200190492,GSE190492
200190428,GSE190428
200190405,GSE190405
200190376,GSE190376
200190368,GSE190368
200190141,GSE190141
200190139,GSE190139
200185009,GSE185009
200164567,GSE164567
200164555,GSE164555
200163103,GSE163103
200160572,GSE160572
200190504,GSE190504
200190350,GSE190350
200190174,GSE190174
200189997,GSE189997
200165636,GSE165636
200157198,GSE157198
200190277,GSE190277
200190265,GSE190265
200190222,GSE190222
200189651,GSE189651
200185029,GSE185029
200180387,GSE180387
200179049,GSE179049
200178176,GSE178176
200173891,GSE173891
200169278,GSE169278
200167812,GSE167812
200167173,GSE167173
200164862,GSE164862
200162915,GSE162915
200152419,GSE152419
200152111,GSE152111
200132849,GSE132849
200130145,GSE130145
200190198,GSE190198
200190197,GSE190197
200190181,GSE190181
200188286,GSE188286
200188234,GSE188234
200184380,GSE184380
200183606,GSE183606
200181118,GSE181118
200179404,GSE179404
200172285,GSE172285
200165317,GSE165317
200163884,GSE163884
200162424,GSE162424
200159813,GSE159813
200190176,GSE190176
200190167,GSE190167
200190144,GSE190144
200190070,GSE190070
200188915,GSE188915
200179666,GSE179666
200190096,GSE190096
200190085,GSE190085
200190076,GSE190076
200190058,GSE190058
200189723,GSE189723
200186528,GSE186528
200162796,GSE162796
200123395,GSE123395
200190024,GSE190024
200189969,GSE189969
200185015,GSE185015
200182976,GSE182976
200180485,GSE180485
200150997,GSE150997
200189758,GSE189758
200189019,GSE189019
200185430,GSE185430
200181328,GSE181328
200172052,GSE172052
200188739,GSE188739
200185922,GSE185922
200183730,GSE183730
200165599,GSE165599
200163249,GSE163249
200155017,GSE155017
200141318,GSE141318
200189830,GSE189830
200189801,GSE189801
200186332,GSE186332
200186108,GSE186108
200184904,GSE184904
200184850,GSE184850
200182974,GSE182974
200181330,GSE181330
200179713,GSE179713
200179667,GSE179667
200178933,GSE178933
200178924,GSE178924
200178599,GSE178599
200178266,GSE178266
200175729,GSE175729
200174720,GSE174720
200174033,GSE174033
200174031,GSE174031
200172201,GSE172201
200172193,GSE172193
200169757,GSE169757
200169521,GSE169521
200167051,GSE167051
200166535,GSE166535
200165825,GSE165825
200164953,GSE164953
200164559,GSE164559
200164425,GSE164425
200163595,GSE163595
200163594,GSE163594
200160240,GSE160240
200159955,GSE159955
200159819,GSE159819
200159382,GSE159382
200158364,GSE158364
200157544,GSE157544
200156602,GSE156602
200155651,GSE155651
200147283,GSE147283
200144852,GSE144852
200144249,GSE144249
200142567,GSE142567
200141957,GSE141957
200141836,GSE141836
200139918,GSE139918
200138564,GSE138564
200138563,GSE138563
200131250,GSE131250
200123428,GSE123428
200189746,GSE189746
200189712,GSE189712
200189672,GSE189672
200189146,GSE189146
200189136,GSE189136
200188657,GSE188657
200185861,GSE185861
200185558,GSE185558
200183915,GSE183915
200179990,GSE179990
200176382,GSE176382
200175906,GSE175906
200162745,GSE162745
200162303,GSE162303
200161715,GSE161715
200161015,GSE161015
200161013,GSE161013
200155417,GSE155417
200189608,GSE189608
200189546,GSE189546
200184768,GSE184768
200184336,GSE184336
200179252,GSE179252
200163951,GSE163951
200163900,GSE163900
200163898,GSE163898
200150503,GSE150503
200189525,GSE189525
200185751,GSE185751
200174692,GSE174692
200189538,GSE189538
200188706,GSE188706
200179225,GSE179225
200166078,GSE166078
200154889,GSE154889
200184805,GSE184805
200179911,GSE179911
200165512,GSE165512
200163142,GSE163142
200189394,GSE189394
200189384,GSE189384
200189096,GSE189096
200184616,GSE184616
200171223,GSE171223
200189379,GSE189379
200189347,GSE189347
200180669,GSE180669
200180488,GSE180488
200174640,GSE174640
200171879,GSE171879
200171640,GSE171640
200171380,GSE171380
200171379,GSE171379
200165328,GSE165328
200164505,GSE164505
200162757,GSE162757
200152112,GSE152112
200151895,GSE151895
200189461,GSE189461
200189389,GSE189389
200189288,GSE189288
200189269,GSE189269
200189199,GSE189199
200188952,GSE188952
200187381,GSE187381
200186509,GSE186509
200185719,GSE185719
200174036,GSE174036
200173243,GSE173243
200166256,GSE166256
200159660,GSE159660
200159249,GSE159249
200189237,GSE189237
200189235,GSE189235
200189212,GSE189212
200188885,GSE188885
200188631,GSE188631
200186518,GSE186518
200184679,GSE184679
200184017,GSE184017
200189194,GSE189194
200188774,GSE188774
200182917,GSE182917
200189152,GSE189152
200162316,GSE162316
200188941,GSE188941
200188937,GSE188937
200186933,GSE186933
200181925,GSE181925
200178998,GSE178998
200172122,GSE172122
200172121,GSE172121
200171170,GSE171170
200161989,GSE161989
200161803,GSE161803
200136107,GSE136107
200189020,GSE189020
200188918,GSE188918
200188914,GSE188914
200188872,GSE188872
200188799,GSE188799
200186010,GSE186010
200181229,GSE181229
200179221,GSE179221
200168842,GSE168842
200137683,GSE137683
200188806,GSE188806
200188582,GSE188582
200188566,GSE188566
200188563,GSE188563
200186581,GSE186581
200185055,GSE185055
200184648,GSE184648
200184520,GSE184520
200180373,GSE180373
200179367,GSE179367
200179133,GSE179133
200178532,GSE178532
200178286,GSE178286
200178285,GSE178285
200174626,GSE174626
200171973,GSE171973
200165718,GSE165718
200161854,GSE161854
200188812,GSE188812
200188767,GSE188767
200181431,GSE181431
200171806,GSE171806
200169679,GSE169679
200169423,GSE169423
200133110,GSE133110
200188705,GSE188705
200174338,GSE174338
200173594,GSE173594
200172232,GSE172232
200171401,GSE171401
200167474,GSE167474
200164956,GSE164956
200162837,GSE162837
200146540,GSE146540
200122615,GSE122615
200188358,GSE188358
200188624,GSE188624
200188603,GSE188603
200188384,GSE188384
200122482,GSE122482
200188554,GSE188554
200180152,GSE180152
200180146,GSE180146
200179848,GSE179848
200122481,GSE122481
200188578,GSE188578
200188576,GSE188576
200188480,GSE188480
200188463,GSE188463
200185557,GSE185557
200184399,GSE184399
200180540,GSE180540
200174764,GSE174764
200188404,GSE188404
200188382,GSE188382
200188316,GSE188316
200187619,GSE187619
200184752,GSE184752
200181364,GSE181364
200181265,GSE181265
200179581,GSE179581
200177522,GSE177522
200173206,GSE173206
200169680,GSE169680
200166246,GSE166246
200162108,GSE162108
200161531,GSE161531
200154570,GSE154570
200153642,GSE153642
200146429,GSE146429
200145762,GSE145762
200138780,GSE138780
200122435,GSE122435
200186998,GSE186998
200182217,GSE182217
200174615,GSE174615
200164850,GSE164850
200159616,GSE159616
200159615,GSE159615
200150382,GSE150382
200148269,GSE148269
200188262,GSE188262
200182638,GSE182638
200182622,GSE182622
200179727,GSE179727
200161032,GSE161032
200159684,GSE159684
200157581,GSE157581
200148904,GSE148904
200145239,GSE145239
200188258,GSE188258
200185587,GSE185587
200187356,GSE187356
200184103,GSE184103
200180881,GSE180881
200162042,GSE162042
200122202,GSE122202
200187436,GSE187436
200187429,GSE187429
200187006,GSE187006
200186950,GSE186950
200181722,GSE181722
200126614,GSE126614
200188200,GSE188200
200188191,GSE188191
200188190,GSE188190
200188189,GSE188189
200188182,GSE188182
200188153,GSE188153
200188152,GSE188152
200188148,GSE188148
200188121,GSE188121
200188097,GSE188097
200188096,GSE188096
200188085,GSE188085
200188084,GSE188084
200188082,GSE188082
200188049,GSE188049
200188044,GSE188044
200188043,GSE188043
200188042,GSE188042
200188028,GSE188028
200188022,GSE188022
200188015,GSE188015
200188008,GSE188008
200188001,GSE188001
200187983,GSE187983
200187981,GSE187981
200187975,GSE187975
200187974,GSE187974
200187972,GSE187972
200187954,GSE187954
200187953,GSE187953
200187930,GSE187930
200187917,GSE187917
200187913,GSE187913
200187908,GSE187908
200187906,GSE187906
200187897,GSE187897
200187894,GSE187894
200187888,GSE187888
200187887,GSE187887
200187883,GSE187883
200187880,GSE187880
200187869,GSE187869
200187868,GSE187868
200187863,GSE187863
200187845,GSE187845
200187837,GSE187837
200187832,GSE187832
200187825,GSE187825
200187817,GSE187817
200187816,GSE187816
200187811,GSE187811
200187807,GSE187807
200187783,GSE187783
200187782,GSE187782
200187778,GSE187778
200187762,GSE187762
200187757,GSE187757
200187751,GSE187751
200187719,GSE187719
200187718,GSE187718
200187702,GSE187702
200187694,GSE187694
200187689,GSE187689
200187682,GSE187682
200187676,GSE187676
200187675,GSE187675
200187654,GSE187654
200187642,GSE187642
200187617,GSE187617
200187614,GSE187614
200187607,GSE187607
200187601,GSE187601
200187589,GSE187589
200187586,GSE187586
200187582,GSE187582
200187561,GSE187561
200187560,GSE187560
200187552,GSE187552
200187551,GSE187551
200187546,GSE187546
200187544,GSE187544
200187539,GSE187539
200187510,GSE187510
200187509,GSE187509
200187502,GSE187502
200187477,GSE187477
200187474,GSE187474
200187467,GSE187467
200187459,GSE187459
200187457,GSE187457
200187443,GSE187443
200187434,GSE187434
200187393,GSE187393
200187389,GSE187389
200187387,GSE187387
200187375,GSE187375
200187373,GSE187373
200187360,GSE187360
200187354,GSE187354
200187340,GSE187340
200187328,GSE187328
200187326,GSE187326
200187303,GSE187303
200187296,GSE187296
200187295,GSE187295
200187270,GSE187270
200187231,GSE187231
200187228,GSE187228
200187227,GSE187227
200187221,GSE187221
200187218,GSE187218
200187203,GSE187203
200187198,GSE187198
200187169,GSE187169
200187164,GSE187164
200187162,GSE187162
200187160,GSE187160
200187157,GSE187157
200187156,GSE187156
200187147,GSE187147
200187137,GSE187137
200187126,GSE187126
200187125,GSE187125
200187124,GSE187124
200187121,GSE187121
200187119,GSE187119
200187114,GSE187114
200187111,GSE187111
200187098,GSE187098
200187081,GSE187081
200187080,GSE187080
200187061,GSE187061
200187041,GSE187041
200187038,GSE187038
200187019,GSE187019
200186940,GSE186940
200186928,GSE186928
200186922,GSE186922
200186294,GSE186294
200185064,GSE185064
200179899,GSE179899
200179898,GSE179898
200178583,GSE178583
200171652,GSE171652
200168598,GSE168598
200144506,GSE144506
200186954,GSE186954
200186951,GSE186951
200185783,GSE185783
200184876,GSE184876
200184875,GSE184875
200181922,GSE181922
200181225,GSE181225
200180014,GSE180014
200171456,GSE171456
200163759,GSE163759
200162015,GSE162015
200161779,GSE161779
200150337,GSE150337
200140132,GSE140132
200122502,GSE122502
200122158,GSE122158
200186895,GSE186895
200186881,GSE186881
200185494,GSE185494
200184264,GSE184264
200168835,GSE168835
200167947,GSE167947
200186862,GSE186862
200186861,GSE186861
200186772,GSE186772
200186524,GSE186524
200183870,GSE183870
200183869,GSE183869
200183058,GSE183058
200183022,GSE183022
200182755,GSE182755
200182754,GSE182754
200182753,GSE182753
200181550,GSE181550
200181332,GSE181332
200174288,GSE174288
200173897,GSE173897
200164194,GSE164194
200164193,GSE164193
200161073,GSE161073
200160987,GSE160987
200158936,GSE158936
200158935,GSE158935
200149319,GSE149319
200148992,GSE148992
200140148,GSE140148
200131048,GSE131048
200186805,GSE186805
200186767,GSE186767
200186618,GSE186618
200184125,GSE184125
200182260,GSE182260
200160685,GSE160685
200160182,GSE160182
200150261,GSE150261
200122042,GSE122042
200186779,GSE186779
200186759,GSE186759
200186739,GSE186739
200186460,GSE186460
200185046,GSE185046
200182437,GSE182437
200182426,GSE182426
200182424,GSE182424
200172199,GSE172199
200160279,GSE160279
200186650,GSE186650
200186393,GSE186393
200166276,GSE166276
200157104,GSE157104
200156785,GSE156785
200149537,GSE149537
200118605,GSE118605
200118583,GSE118583
200186768,GSE186768
200186610,GSE186610
200186609,GSE186609
200186598,GSE186598
200186555,GSE186555
200186505,GSE186505
200186359,GSE186359
200186341,GSE186341
200182620,GSE182620
200182607,GSE182607
200176026,GSE176026
200173506,GSE173506
200171523,GSE171523
200171123,GSE171123
200160332,GSE160332
200159380,GSE159380
200159349,GSE159349
200156797,GSE156797
200156796,GSE156796
200156795,GSE156795
200186593,GSE186593
200186519,GSE186519
200186503,GSE186503
200185917,GSE185917
200182532,GSE182532
200180790,GSE180790
200178703,GSE178703
200174305,GSE174305
200172019,GSE172019
200171047,GSE171047
200167602,GSE167602
200166933,GSE166933
200165661,GSE165661
200164082,GSE164082
200163538,GSE163538
200160194,GSE160194
200154684,GSE154684
200150527,GSE150527
200147809,GSE147809
200145903,GSE145903
200140459,GSE140459
200135416,GSE135416
200134228,GSE134228
200186470,GSE186470
200186466,GSE186466
200186233,GSE186233
200186177,GSE186177
200183410,GSE183410
200178687,GSE178687
200172114,GSE172114
200158775,GSE158775
200145685,GSE145685
200121905,GSE121905
200186444,GSE186444
200184426,GSE184426
200162032,GSE162032
200160133,GSE160133
200159024,GSE159024
200155680,GSE155680
200155000,GSE155000
200148168,GSE148168
200186371,GSE186371
200158674,GSE158674
200180361,GSE180361
200176447,GSE176447
200121788,GSE121788
200100897,GSE100897
200095144,GSE95144
200186205,GSE186205
200186192,GSE186192
200185986,GSE185986
200184368,GSE184368
200183435,GSE183435
200161670,GSE161670
200161668,GSE161668
200161667,GSE161667
200186295,GSE186295
200186147,GSE186147
200186112,GSE186112
200186091,GSE186091
200165729,GSE165729
200164929,GSE164929
200164928,GSE164928
200159991,GSE159991
200186206,GSE186206
200186045,GSE186045
200182890,GSE182890
200182614,GSE182614
200180616,GSE180616
200180470,GSE180470
200176223,GSE176223
200174745,GSE174745
200166696,GSE166696
200163396,GSE163396
200159774,GSE159774
200159217,GSE159217
200156948,GSE156948
200156947,GSE156947
200183535,GSE183535
200182998,GSE182998
200180519,GSE180519
200178907,GSE178907
200173549,GSE173549
200171869,GSE171869
200166233,GSE166233
200159802,GSE159802
200156470,GSE156470
200154741,GSE154741
200118693,GSE118693
200117818,GSE117818
200117817,GSE117817
200117816,GSE117816
200117815,GSE117815
200117814,GSE117814
200117813,GSE117813
200117812,GSE117812
200117811,GSE117811
200117810,GSE117810
200117808,GSE117808
200186013,GSE186013
200185946,GSE185946
200185901,GSE185901
200185897,GSE185897
200181109,GSE181109
200171032,GSE171032
200156260,GSE156260
200148368,GSE148368
200185955,GSE185955
200121538,GSE121538
200185799,GSE185799
200185598,GSE185598
200184891,GSE184891
200154346,GSE154346
200154345,GSE154345
200185982,GSE185982
200185874,GSE185874
200185745,GSE185745
200185744,GSE185744
200185698,GSE185698
200185569,GSE185569
200185627,GSE185627
200183631,GSE183631
200180526,GSE180526
200180525,GSE180525
200179981,GSE179981
200179185,GSE179185
200178600,GSE178600
200172094,GSE172094
200161061,GSE161061
200185855,GSE185855
200185819,GSE185819
200185655,GSE185655
200185652,GSE185652
200185614,GSE185614
200183194,GSE183194
200182649,GSE182649
200182440,GSE182440
200182223,GSE182223
200182173,GSE182173
200181981,GSE181981
200181813,GSE181813
200181804,GSE181804
200181741,GSE181741
200181274,GSE181274
200181049,GSE181049
200180629,GSE180629
200179969,GSE179969
200179828,GSE179828
200176364,GSE176364
200174477,GSE174477
200173976,GSE173976
200172144,GSE172144
200145195,GSE145195
200130348,GSE130348
200185310,GSE185310
200183881,GSE183881
200183818,GSE183818
200176393,GSE176393
200172053,GSE172053
200163525,GSE163525
200160416,GSE160416
200155151,GSE155151
200138503,GSE138503
200185512,GSE185512
200182226,GSE182226
200180797,GSE180797
200141913,GSE141913
200181607,GSE181607
200171538,GSE171538
200171138,GSE171138
200171137,GSE171137
200185492,GSE185492
200185417,GSE185417
200175477,GSE175477
200185467,GSE185467
200185428,GSE185428
200185322,GSE185322
200185311,GSE185311
200185306,GSE185306
200185261,GSE185261
200183654,GSE183654
200156680,GSE156680
200185320,GSE185320
200185071,GSE185071
200183538,GSE183538
200182394,GSE182394
200179051,GSE179051
200178679,GSE178679
200164851,GSE164851
200157240,GSE157240
200185309,GSE185309
200185259,GSE185259
200185247,GSE185247
200185242,GSE185242
200185226,GSE185226
200185040,GSE185040
200182329,GSE182329
200180282,GSE180282
200178973,GSE178973
200172381,GSE172381
200167930,GSE167930
200164918,GSE164918
200159358,GSE159358
200159357,GSE159357
200158508,GSE158508
200155776,GSE155776
200137359,GSE137359
200185331,GSE185331
200185223,GSE185223
200184942,GSE184942
200182021,GSE182021
200181493,GSE181493
200167286,GSE167286
200167285,GSE167285
200160549,GSE160549
200185193,GSE185193
200185141,GSE185141
200185024,GSE185024
200182157,GSE182157
200178376,GSE178376
200171666,GSE171666
200171296,GSE171296
200166538,GSE166538
200164012,GSE164012
200163102,GSE163102
200162542,GSE162542
200156301,GSE156301
200141478,GSE141478
200141388,GSE141388
200185138,GSE185138
200182761,GSE182761
200166238,GSE166238
200165981,GSE165981
200163156,GSE163156
200155213,GSE155213
200183670,GSE183670
200183223,GSE183223
200183222,GSE183222
200182923,GSE182923
200182635,GSE182635
200181462,GSE181462
200180788,GSE180788
200180504,GSE180504
200179353,GSE179353
200178967,GSE178967
200174083,GSE174083
200171845,GSE171845
200167023,GSE167023
200166947,GSE166947
200161553,GSE161553
200161551,GSE161551
200161544,GSE161544
200161291,GSE161291
200159924,GSE159924
200159426,GSE159426
200159339,GSE159339
200158974,GSE158974
200157764,GSE157764
200156906,GSE156906
200154097,GSE154097
200152097,GSE152097
200148824,GSE148824
200140235,GSE140235
200139947,GSE139947
200121108,GSE121108
200184941,GSE184941
200184930,GSE184930
200184740,GSE184740
200184660,GSE184660
200184656,GSE184656
200180280,GSE180280
200179928,GSE179928
200179901,GSE179901
200179730,GSE179730
200179474,GSE179474
200169758,GSE169758
200166044,GSE166044
200164641,GSE164641
200158721,GSE158721
200156621,GSE156621
200152887,GSE152887
200131092,GSE131092
200184956,GSE184956
200184833,GSE184833
200184822,GSE184822
200183506,GSE183506
200181158,GSE181158
200176271,GSE176271
200176246,GSE176246
200173860,GSE173860
200173692,GSE173692
200173531,GSE173531
200172312,GSE172312
200167402,GSE167402
200165571,GSE165571
200164592,GSE164592
200150554,GSE150554
200184842,GSE184842
200184795,GSE184795
200184791,GSE184791
200182678,GSE182678
200182612,GSE182612
200182610,GSE182610
200182487,GSE182487
200181851,GSE181851
200180652,GSE180652
200178649,GSE178649
200171126,GSE171126
200160323,GSE160323
200128902,GSE128902
200120685,GSE120685
200184715,GSE184715
200184474,GSE184474
200184354,GSE184354
200175726,GSE175726
200174426,GSE174426
200173317,GSE173317
200184729,GSE184729
200179951,GSE179951
200138612,GSE138612
200184697,GSE184697
200183406,GSE183406
200162698,GSE162698
200162669,GSE162669
200135306,GSE135306
200131649,GSE131649
200120481,GSE120481
200164799,GSE164799
200184620,GSE184620
200184119,GSE184119
200183555,GSE183555
200181932,GSE181932
200181859,GSE181859
200181348,GSE181348
200168178,GSE168178
200167067,GSE167067
200156911,GSE156911
200184566,GSE184566
200184168,GSE184168
200183822,GSE183822
200183322,GSE183322
200182407,GSE182407
200181586,GSE181586
200180663,GSE180663
200172182,GSE172182
200171446,GSE171446
200169654,GSE169654
200169514,GSE169514
200167242,GSE167242
200166190,GSE166190
200165859,GSE165859
200163297,GSE163297
200162633,GSE162633
200161939,GSE161939
200159751,GSE159751
200158589,GSE158589
200156388,GSE156388
200174482,GSE174482
200163857,GSE163857
200162546,GSE162546
200162152,GSE162152
200151479,GSE151479
200148806,GSE148806
200184277,GSE184277
200184244,GSE184244
200159462,GSE159462
200149874,GSE149874
200135545,GSE135545
200123141,GSE123141
200120639,GSE120639
200120209,GSE120209
200184243,GSE184243
200184199,GSE184199
200184148,GSE184148
200184085,GSE184085
200184039,GSE184039
200183519,GSE183519
200181820,GSE181820
200155281,GSE155281
200154958,GSE154958
200184194,GSE184194
200184050,GSE184050
200184020,GSE184020
200184003,GSE184003
200183984,GSE183984
200183820,GSE183820
200183779,GSE183779
200172506,GSE172506
200184127,GSE184127
200184016,GSE184016
200183947,GSE183947
200183398,GSE183398
200179862,GSE179862
200179267,GSE179267
200179040,GSE179040
200176466,GSE176466
200174618,GSE174618
200173184,GSE173184
200173183,GSE173183
200166657,GSE166657
200165875,GSE165875
200165715,GSE165715
200165282,GSE165282
200162462,GSE162462
200161077,GSE161077
200159333,GSE159333
200158854,GSE158854
200158498,GSE158498
200158497,GSE158497
200154065,GSE154065
200153953,GSE153953
200121677,GSE121677
200087410,GSE87410
200183966,GSE183966
200183948,GSE183948
200183592,GSE183592
200181840,GSE181840
200174002,GSE174002
200142862,GSE142862
200183935,GSE183935
200183856,GSE183856
200180874,GSE180874
200171487,GSE171487
200171049,GSE171049
200160619,GSE160619
200148111,GSE148111
200146210,GSE146210
200145997,GSE145997
200183924,GSE183924
200183884,GSE183884
200183879,GSE183879
200183859,GSE183859
200183751,GSE183751
200163150,GSE163150
200152256,GSE152256
200183824,GSE183824
200183741,GSE183741
200183701,GSE183701
200183817,GSE183817
200183669,GSE183669
200183668,GSE183668
200182586,GSE182586
200180773,GSE180773
200179975,GSE179975
200171474,GSE171474
200168870,GSE168870
200159273,GSE159273
200158738,GSE158738
200158182,GSE158182
200157840,GSE157840
200153989,GSE153989
200183628,GSE183628
200183551,GSE183551
200181471,GSE181471
200179868,GSE179868
200176480,GSE176480
200176479,GSE176479
200168023,GSE168023
200161943,GSE161943
200154616,GSE154616
200146283,GSE146283
200143176,GSE143176
200133552,GSE133552
200133551,GSE133551
200127264,GSE127264
200126527,GSE126527
200125592,GSE125592
200122739,GSE122739
200183499,GSE183499
200183474,GSE183474
200183428,GSE183428
200176142,GSE176142
200134109,GSE134109
200183598,GSE183598
200183148,GSE183148
200183101,GSE183101
200167307,GSE167307
200162712,GSE162712
200158017,GSE158017
200183252,GSE183252
200172478,GSE172478
200171012,GSE171012
200161530,GSE161530
200157634,GSE157634
200157633,GSE157633
200157632,GSE157632
200157514,GSE157514
200142520,GSE142520
200162280,GSE162280
200149366,GSE149366
200072991,GSE72991
200157657,GSE157657
200183154,GSE183154
200183132,GSE183132
200183073,GSE183073
200165708,GSE165708
200140126,GSE140126
200183156,GSE183156
200183111,GSE183111
200160913,GSE160913
200157461,GSE157461
200157364,GSE157364
200154790,GSE154790
200145842,GSE145842
200183123,GSE183123
200183036,GSE183036
200183008,GSE183008
200182132,GSE182132
200179302,GSE179302
200178965,GSE178965
200178566,GSE178566
200175424,GSE175424
200174619,GSE174619
200173364,GSE173364
200172125,GSE172125
200171150,GSE171150
200169213,GSE169213
200168534,GSE168534
200168519,GSE168519
200167758,GSE167758
200165316,GSE165316
200163356,GSE163356
200161566,GSE161566
200158563,GSE158563
200158561,GSE158561
200157601,GSE157601
200157086,GSE157086
200156172,GSE156172
200155671,GSE155671
200151233,GSE151233
200150735,GSE150735
200143393,GSE143393
200137975,GSE137975
200137940,GSE137940
200120619,GSE120619
200120231,GSE120231
200182821,GSE182821
200182631,GSE182631
200181815,GSE181815
200180981,GSE180981
200179260,GSE179260
200178606,GSE178606
200175799,GSE175799
200168827,GSE168827
200168794,GSE168794
200166872,GSE166872
200166043,GSE166043
200164541,GSE164541
200164345,GSE164345
200159028,GSE159028
200158296,GSE158296
200155663,GSE155663
200151492,GSE151492
200132727,GSE132727
200128729,GSE128729
200118979,GSE118979
200181405,GSE181405
200178901,GSE178901
200172356,GSE172356
200168296,GSE168296
200166761,GSE166761
200156824,GSE156824
200182827,GSE182827
200182813,GSE182813
200175831,GSE175831
200129346,GSE129346
200100391,GSE100391
200182877,GSE182877
200182875,GSE182875
200175913,GSE175913
200175772,GSE175772
200165970,GSE165970
200157163,GSE157163
200142716,GSE142716
200182520,GSE182520
200182515,GSE182515
200175727,GSE175727
200171468,GSE171468
200166438,GSE166438
200166437,GSE166437
200157663,GSE157663
200130048,GSE130048
200182644,GSE182644
200181649,GSE181649
200174620,GSE174620
200164784,GSE164784
200163810,GSE163810
200156451,GSE156451
200147145,GSE147145
200146985,GSE146985
200182659,GSE182659
200182658,GSE182658
200182643,GSE182643
200182569,GSE182569
200182382,GSE182382
200168642,GSE168642
200160312,GSE160312
200141504,GSE141504
200182286,GSE182286
200180407,GSE180407
200179075,GSE179075
200176074,GSE176074
200176073,GSE176073
200175821,GSE175821
200164224,GSE164224
200163833,GSE163833
200151890,GSE151890
200182574,GSE182574
200182522,GSE182522
200181242,GSE181242
200180467,GSE180467
200180166,GSE180166
200179322,GSE179322
200174741,GSE174741
200162783,GSE162783
200158141,GSE158141
200182222,GSE182222
200182142,GSE182142
200178640,GSE178640
200168397,GSE168397
200158619,GSE158619
200158556,GSE158556
200168005,GSE168005
200182328,GSE182328
200182321,GSE182321
200182297,GSE182297
200182064,GSE182064
200181771,GSE181771
200178683,GSE178683
200174765,GSE174765
200173482,GSE173482
200182392,GSE182392
200182338,GSE182338
200182285,GSE182285
200182007,GSE182007
200181994,GSE181994
200181492,GSE181492
200181029,GSE181029
200176603,GSE176603
200165333,GSE165333
200159657,GSE159657
200158305,GSE158305
200156452,GSE156452
200136044,GSE136044
200118820,GSE118820
200182261,GSE182261
200182190,GSE182190
200182180,GSE182180
200178781,GSE178781
200176551,GSE176551
200174415,GSE174415
200172189,GSE172189
200171163,GSE171163
200168561,GSE168561
200163987,GSE163987
200158623,GSE158623
200151028,GSE151028
200131268,GSE131268
200182266,GSE182266
200182122,GSE182122
200182119,GSE182119
200182118,GSE182118
200182117,GSE182117
200182116,GSE182116
200182063,GSE182063
200182053,GSE182053
200181533,GSE181533
200169687,GSE169687
200153110,GSE153110
200179408,GSE179408
200178935,GSE178935
200176199,GSE176199
200173579,GSE173579
200156833,GSE156833
200135695,GSE135695
200181973,GSE181973
200180919,GSE180919
200168409,GSE168409
200168204,GSE168204
200182088,GSE182088
200181961,GSE181961
200181843,GSE181843
200173115,GSE173115
200165612,GSE165612
200159690,GSE159690
200156173,GSE156173
200145924,GSE145924
200132972,GSE132972
200181881,GSE181881
200181827,GSE181827
200181795,GSE181795
200181769,GSE181769
200181750,GSE181750
200181718,GSE181718
200172027,GSE172027
200160399,GSE160399
200156289,GSE156289
200156218,GSE156218
200156072,GSE156072
200151832,GSE151832
200132782,GSE132782
200101216,GSE101216
200181739,GSE181739
200181556,GSE181556
200178810,GSE178810
200173323,GSE173323
200171873,GSE171873
200171117,GSE171117
200168473,GSE168473
200168380,GSE168380
200161534,GSE161534
200159716,GSE159716
200157116,GSE157116
200156257,GSE156257
200155154,GSE155154
200153711,GSE153711
200147885,GSE147885
200147884,GSE147884
200144414,GSE144414
200139259,GSE139259
200139235,GSE139235
200133603,GSE133603
200181615,GSE181615
200180468,GSE180468
200177061,GSE177061
200177054,GSE177054
200175829,GSE175829
200166837,GSE166837
200156003,GSE156003
200144806,GSE144806
200120480,GSE120480
200181674,GSE181674
200178976,GSE178976
200178975,GSE178975
200177024,GSE177024
200171800,GSE171800
200171277,GSE171277
200169091,GSE169091
200169079,GSE169079
200168353,GSE168353
200165808,GSE165808
200163908,GSE163908
200157403,GSE157403
200154035,GSE154035
200181632,GSE181632
200181600,GSE181600
200181575,GSE181575
200181540,GSE181540
200158788,GSE158788
200143441,GSE143441
200118319,GSE118319
200181525,GSE181525
200181466,GSE181466
200161319,GSE161319
200181461,GSE181461
200181446,GSE181446
200181369,GSE181369
200181195,GSE181195
200175956,GSE175956
200169190,GSE169190
200163015,GSE163015
200148520,GSE148520
200123291,GSE123291
200181481,GSE181481
200181458,GSE181458
200181398,GSE181398
200181127,GSE181127
200176127,GSE176127
200162165,GSE162165
200160329,GSE160329
200155750,GSE155750
200148163,GSE148163
200181417,GSE181417
200181415,GSE181415
200181376,GSE181376
200181374,GSE181374
200181180,GSE181180
200181117,GSE181117
200180574,GSE180574
200179572,GSE179572
200179261,GSE179261
200166219,GSE166219
200161897,GSE161897
200161029,GSE161029
200157249,GSE157249
200155712,GSE155712
200181273,GSE181273
200176191,GSE176191
200174397,GSE174397
200173895,GSE173895
200171294,GSE171294
200164247,GSE164247
200159422,GSE159422
200155643,GSE155643
200136011,GSE136011
200181277,GSE181277
200176106,GSE176106
200174398,GSE174398
200148248,GSE148248
200179934,GSE179934
200178795,GSE178795
200176559,GSE176559
200173276,GSE173276
200168646,GSE168646
200166530,GSE166530
200163073,GSE163073
200162625,GSE162625
200158625,GSE158625
200157467,GSE157467
200155559,GSE155559
200138050,GSE138050
200181078,GSE181078
200180440,GSE180440
200166292,GSE166292
200165731,GSE165731
200162700,GSE162700
200161825,GSE161825
200151420,GSE151420
200139299,GSE139299
200181153,GSE181153
200180982,GSE180982
200180891,GSE180891
200180890,GSE180890
200180698,GSE180698
200179455,GSE179455
200179397,GSE179397
200165532,GSE165532
200153864,GSE153864
200143773,GSE143773
200143772,GSE143772
200180958,GSE180958
200180887,GSE180887
200180876,GSE180876
200180640,GSE180640
200155800,GSE155800
200150239,GSE150239
200180965,GSE180965
200180870,GSE180870
200174389,GSE174389
200174023,GSE174023
200173331,GSE173331
200171643,GSE171643
200168905,GSE168905
200165610,GSE165610
200164885,GSE164885
200160363,GSE160363
200152580,GSE152580
200147761,GSE147761
200144293,GSE144293
200136940,GSE136940
200180765,GSE180765
200180712,GSE180712
200180628,GSE180628
200180513,GSE180513
200179627,GSE179627
200174689,GSE174689
200173251,GSE173251
200172009,GSE172009
200158458,GSE158458
200156223,GSE156223
200153280,GSE153280
200149858,GSE149858
200148312,GSE148312
200142134,GSE142134
200134947,GSE134947
200180805,GSE180805
200180764,GSE180764
200180707,GSE180707
200173635,GSE173635
200171343,GSE171343
200146458,GSE146458
200180314,GSE180314
200155929,GSE155929
200155225,GSE155225
200167688,GSE167688
200167573,GSE167573
200157465,GSE157465
200155001,GSE155001
200180581,GSE180581
200180452,GSE180452
200179184,GSE179184
200178870,GSE178870
200173307,GSE173307
200159160,GSE159160
200158577,GSE158577
200157684,GSE157684
200155099,GSE155099
200180181,GSE180181
200180180,GSE180180
200169476,GSE169476
200165914,GSE165914
200157905,GSE157905
200156394,GSE156394
200155773,GSE155773
200152917,GSE152917
200180603,GSE180603
200180475,GSE180475
200180379,GSE180379
200180350,GSE180350
200180328,GSE180328
200180273,GSE180273
200179921,GSE179921
200174006,GSE174006
200171360,GSE171360
200162826,GSE162826
200148907,GSE148907
200121414,GSE121414
200119732,GSE119732
200117887,GSE117887
200180415,GSE180415
200180331,GSE180331
200171506,GSE171506
200163773,GSE163773
200163575,GSE163575
200160388,GSE160388
200154311,GSE154311
200144133,GSE144133
200134922,GSE134922
200133592,GSE133592
200102038,GSE102038
200180253,GSE180253
200178668,GSE178668
200173500,GSE173500
200153185,GSE153185
200139900,GSE139900
200180243,GSE180243
200165656,GSE165656
200180239,GSE180239
200180052,GSE180052
200180044,GSE180044
200180042,GSE180042
200179987,GSE179987
200179982,GSE179982
200176012,GSE176012
200175988,GSE175988
200166414,GSE166414
200166214,GSE166214
200135187,GSE135187
200179961,GSE179961
200179933,GSE179933
200179388,GSE179388
200177075,GSE177075
200175815,GSE175815
200172062,GSE172062
200171983,GSE171983
200166453,GSE166453
200166320,GSE166320
200162441,GSE162441
200160454,GSE160454
200156407,GSE156407
200156376,GSE156376
200150398,GSE150398
200149420,GSE149420
200140860,GSE140860
200138460,GSE138460
200180018,GSE180018
200179882,GSE179882
200179693,GSE179693
200179661,GSE179661
200176133,GSE176133
200171715,GSE171715
200169322,GSE169322
200169082,GSE169082
200169080,GSE169080
200168658,GSE168658
200167933,GSE167933
200165585,GSE165585
200161418,GSE161418
200158593,GSE158593
200154337,GSE154337
200147825,GSE147825
200145814,GSE145814
200136404,GSE136404
200130482,GSE130482
200179896,GSE179896
200179747,GSE179747
200168281,GSE168281
200164086,GSE164086
200154538,GSE154538
200179832,GSE179832
200179792,GSE179792
200164890,GSE164890
200159448,GSE159448
200157490,GSE157490
200134195,GSE134195
200179813,GSE179813
200179429,GSE179429
200154197,GSE154197
200179786,GSE179786
200133936,GSE133936
200179787,GSE179787
200179741,GSE179741
200179508,GSE179508
200179503,GSE179503
200179347,GSE179347
200176304,GSE176304
200173576,GSE173576
200165814,GSE165814
200163896,GSE163896
200163079,GSE163079
200142530,GSE142530
200116787,GSE116787
200115646,GSE115646
200179621,GSE179621
200179440,GSE179440
200179439,GSE179439
200179282,GSE179282
200165620,GSE165620
200162012,GSE162012
200159261,GSE159261
200157785,GSE157785
200179494,GSE179494
200179448,GSE179448
200179425,GSE179425
200169394,GSE169394
200166544,GSE166544
200165678,GSE165678
200163416,GSE163416
200163244,GSE163244
200160178,GSE160178
200151429,GSE151429
200146500,GSE146500
200107054,GSE107054
200179351,GSE179351
200179320,GSE179320
200179146,GSE179146
200179144,GSE179144
200174800,GSE174800
200172315,GSE172315
200164643,GSE164643
200159496,GSE159496
200157158,GSE157158
200138698,GSE138698
200124979,GSE124979
200179280,GSE179280
200179263,GSE179263
200174237,GSE174237
200133858,GSE133858
200126776,GSE126776
200177025,GSE177025
200168400,GSE168400
200161225,GSE161225
200139184,GSE139184
200118875,GSE118875
200174460,GSE174460
200173121,GSE173121
200172016,GSE172016
200169761,GSE169761
200152830,GSE152830
200179143,GSE179143
200178352,GSE178352
200175795,GSE175795
200174860,GSE174860
200174329,GSE174329
200173697,GSE173697
200173171,GSE173171
200171957,GSE171957
200168165,GSE168165
200166927,GSE166927
200166925,GSE166925
200166924,GSE166924
200166136,GSE166136
200164933,GSE164933
200164267,GSE164267
200162813,GSE162813
200162812,GSE162812
200162734,GSE162734
200159606,GSE159606
200158958,GSE158958
200156912,GSE156912
200156243,GSE156243
200154588,GSE154588
200154263,GSE154263
200153616,GSE153616
200152088,GSE152088
200150922,GSE150922
200134477,GSE134477
200127887,GSE127887
200119009,GSE119009
200118085,GSE118085
200117846,GSE117846
200117479,GSE117479
200086783,GSE86783
200178363,GSE178363
200178260,GSE178260
200176121,GSE176121
200171744,GSE171744
200171291,GSE171291
200169755,GSE169755
200169451,GSE169451
200167866,GSE167866
200166189,GSE166189
200165898,GSE165898
200165528,GSE165528
200164665,GSE164665
200164637,GSE164637
200164287,GSE164287
200164230,GSE164230
200163230,GSE163230
200163176,GSE163176
200162818,GSE162818
200161953,GSE161953
200160661,GSE160661
200158164,GSE158164
200157190,GSE157190
200156923,GSE156923
200153557,GSE153557
200153325,GSE153325
200152381,GSE152381
200151805,GSE151805
200150244,GSE150244
200147702,GSE147702
200147701,GSE147701
200147699,GSE147699
200144106,GSE144106
200143918,GSE143918
200142203,GSE142203
200138312,GSE138312
200135378,GSE135378
200133661,GSE133661
200133294,GSE133294
200084157,GSE84157
200179042,GSE179042
200179020,GSE179020
200179019,GSE179019
200179017,GSE179017
200179012,GSE179012
200179005,GSE179005
200178759,GSE178759
200158569,GSE158569
200157721,GSE157721
200153380,GSE153380
200141870,GSE141870
200099810,GSE99810
200168544,GSE168544
200162561,GSE162561
200159120,GSE159120
200159112,GSE159112
200141438,GSE141438
200141437,GSE141437
200136807,GSE136807
200124210,GSE124210
200162739,GSE162739
200178942,GSE178942
200178913,GSE178913
200178905,GSE178905
200178888,GSE178888
200174492,GSE174492
200166445,GSE166445
200116392,GSE116392
200178859,GSE178859
200178839,GSE178839
200178831,GSE178831
200178824,GSE178824
200178804,GSE178804
200175733,GSE175733
200169159,GSE169159
200165468,GSE165468
200165466,GSE165466
200164071,GSE164071
200164060,GSE164060
200164045,GSE164045
200164043,GSE164043
200153302,GSE153302
200130242,GSE130242
200178798,GSE178798
200178764,GSE178764
200178755,GSE178755
200178745,GSE178745
200178721,GSE178721
200175593,GSE175593
200173983,GSE173983
200162149,GSE162149
200154148,GSE154148
200145158,GSE145158
200178698,GSE178698
200178697,GSE178697
200178669,GSE178669
200178660,GSE178660
200178646,GSE178646
200176290,GSE176290
200168887,GSE168887
200164634,GSE164634
200163061,GSE163061
200162264,GSE162264
200156061,GSE156061
200146047,GSE146047
200140679,GSE140679
200139070,GSE139070
200116213,GSE116213
200093766,GSE93766
200178630,GSE178630
200178563,GSE178563
200178562,GSE178562
200178535,GSE178535
200174304,GSE174304
200159091,GSE159091
200157982,GSE157982
200157004,GSE157004
200149066,GSE149066
200147876,GSE147876
200178514,GSE178514
200178508,GSE178508
200159633,GSE159633
200158893,GSE158893
200151594,GSE151594
200144972,GSE144972
200114918,GSE114918
200162161,GSE162161
200152669,GSE152669
200116968,GSE116968
200116158,GSE116158
200178391,GSE178391
200178388,GSE178388
200178374,GSE178374
200176285,GSE176285
200173667,GSE173667
200171118,GSE171118
200163101,GSE163101
200162648,GSE162648
200152809,GSE152809
200147382,GSE147382
200178300,GSE178300
200178292,GSE178292
200178280,GSE178280
200171109,GSE171109
200171108,GSE171108
200162163,GSE162163
200162160,GSE162160
200161367,GSE161367
200153016,GSE153016
200147521,GSE147521
200144569,GSE144569
200139861,GSE139861
200129293,GSE129293
200178309,GSE178309
200178240,GSE178240
200178222,GSE178222
200166851,GSE166851
200164167,GSE164167
200163854,GSE163854
200162371,GSE162371
200159435,GSE159435
200154926,GSE154926
200154084,GSE154084
200152633,GSE152633
200148543,GSE148543
200144905,GSE144905
200120792,GSE120792
200178095,GSE178095
200178068,GSE178068
200178067,GSE178067
200178066,GSE178066
200178063,GSE178063
200178061,GSE178061
200178059,GSE178059
200178057,GSE178057
200178055,GSE178055
200178054,GSE178054
200178052,GSE178052
200178051,GSE178051
200178049,GSE178049
200178048,GSE178048
200178044,GSE178044
200178041,GSE178041
200178039,GSE178039
200178034,GSE178034
200178031,GSE178031
200178026,GSE178026
200178024,GSE178024
200178021,GSE178021
200178020,GSE178020
200178013,GSE178013
200178008,GSE178008
200178006,GSE178006
200178005,GSE178005
200178004,GSE178004
200178003,GSE178003
200178002,GSE178002
200178001,GSE178001
200177993,GSE177993
200177990,GSE177990
200177989,GSE177989
200177987,GSE177987
200177985,GSE177985
200177982,GSE177982
200177979,GSE177979
200177977,GSE177977
200177976,GSE177976
200177974,GSE177974
200177969,GSE177969
200177968,GSE177968
200177966,GSE177966
200177961,GSE177961
200177958,GSE177958
200177957,GSE177957
200177956,GSE177956
200177955,GSE177955
200177954,GSE177954
200177952,GSE177952
200177951,GSE177951
200177950,GSE177950
200177948,GSE177948
200177945,GSE177945
200177933,GSE177933
200177932,GSE177932
200177931,GSE177931
200177930,GSE177930
200177928,GSE177928
200177927,GSE177927
200177924,GSE177924
200177923,GSE177923
200177918,GSE177918
200177916,GSE177916
200177912,GSE177912
200177910,GSE177910
200177908,GSE177908
200177903,GSE177903
200177899,GSE177899
200177897,GSE177897
200177896,GSE177896
200177894,GSE177894
200177891,GSE177891
200177887,GSE177887
200177886,GSE177886
200177885,GSE177885
200177883,GSE177883
200177876,GSE177876
200177873,GSE177873
200177868,GSE177868
200177867,GSE177867
200177865,GSE177865
200177864,GSE177864
200177860,GSE177860
200177857,GSE177857
200177856,GSE177856
200177849,GSE177849
200177848,GSE177848
200177844,GSE177844
200177843,GSE177843
200177838,GSE177838
200177837,GSE177837
200177836,GSE177836
200177831,GSE177831
200177830,GSE177830
200177826,GSE177826
200177824,GSE177824
200177823,GSE177823
200177820,GSE177820
200177819,GSE177819
200177817,GSE177817
200177807,GSE177807
200177805,GSE177805
200177801,GSE177801
200177800,GSE177800
200177796,GSE177796
200177794,GSE177794
200177790,GSE177790
200177789,GSE177789
200177787,GSE177787
200177786,GSE177786
200177780,GSE177780
200177776,GSE177776
200177775,GSE177775
200177770,GSE177770
200177769,GSE177769
200177766,GSE177766
200177763,GSE177763
200177760,GSE177760
200177758,GSE177758
200177757,GSE177757
200177756,GSE177756
200177754,GSE177754
200177751,GSE177751
200177747,GSE177747
200177746,GSE177746
200177745,GSE177745
200177743,GSE177743
200177736,GSE177736
200177732,GSE177732
200177728,GSE177728
200177723,GSE177723
200177722,GSE177722
200177720,GSE177720
200177719,GSE177719
200177717,GSE177717
200177713,GSE177713
200177712,GSE177712
200177705,GSE177705
200177704,GSE177704
200177699,GSE177699
200177697,GSE177697
200177696,GSE177696
200177694,GSE177694
200177693,GSE177693
200177687,GSE177687
200177683,GSE177683
200177681,GSE177681
200177677,GSE177677
200177676,GSE177676
200177675,GSE177675
200177673,GSE177673
200177671,GSE177671
200177665,GSE177665
200177663,GSE177663
200177661,GSE177661
200177656,GSE177656
200177653,GSE177653
200177644,GSE177644
200177643,GSE177643
200177642,GSE177642
200177636,GSE177636
200177633,GSE177633
200177632,GSE177632
200177631,GSE177631
200177630,GSE177630
200177628,GSE177628
200177622,GSE177622
200177620,GSE177620
200177618,GSE177618
200177617,GSE177617
200177615,GSE177615
200177610,GSE177610
200177607,GSE177607
200177606,GSE177606
200177605,GSE177605
200177600,GSE177600
200177593,GSE177593
200177590,GSE177590
200177586,GSE177586
200177585,GSE177585
200177583,GSE177583
200177580,GSE177580
200177576,GSE177576
200177571,GSE177571
200177570,GSE177570
200177565,GSE177565
200177562,GSE177562
200177561,GSE177561
200177560,GSE177560
200177556,GSE177556
200177552,GSE177552
200177551,GSE177551
200177542,GSE177542
200177540,GSE177540
200177536,GSE177536
200177535,GSE177535
200177534,GSE177534
200177532,GSE177532
200177531,GSE177531
200177530,GSE177530
200177529,GSE177529
200177528,GSE177528
200177527,GSE177527
200177525,GSE177525
200177524,GSE177524
200177523,GSE177523
200177519,GSE177519
200177516,GSE177516
200177512,GSE177512
200177511,GSE177511
200177507,GSE177507
200177505,GSE177505
200177498,GSE177498
200177497,GSE177497
200177495,GSE177495
200177493,GSE177493
200177492,GSE177492
200177491,GSE177491
200177490,GSE177490
200177486,GSE177486
200177475,GSE177475
200177474,GSE177474
200177473,GSE177473
200177465,GSE177465
200177463,GSE177463
200177456,GSE177456
200177454,GSE177454
200177452,GSE177452
200177451,GSE177451
200177450,GSE177450
200177441,GSE177441
200177440,GSE177440
200177436,GSE177436
200177435,GSE177435
200177432,GSE177432
200177428,GSE177428
200177423,GSE177423
200177422,GSE177422
200177421,GSE177421
200177420,GSE177420
200177414,GSE177414
200177409,GSE177409
200177407,GSE177407
200177403,GSE177403
200177400,GSE177400
200177399,GSE177399
200177398,GSE177398
200177397,GSE177397
200177394,GSE177394
200177391,GSE177391
200177388,GSE177388
200177383,GSE177383
200177377,GSE177377
200177373,GSE177373
200177368,GSE177368
200177367,GSE177367
200177366,GSE177366
200177365,GSE177365
200177364,GSE177364
200177359,GSE177359
200177357,GSE177357
200177351,GSE177351
200177349,GSE177349
200177346,GSE177346
200177345,GSE177345
200177341,GSE177341
200177339,GSE177339
200177334,GSE177334
200177330,GSE177330
200177328,GSE177328
200177321,GSE177321
200177313,GSE177313
200177310,GSE177310
200177305,GSE177305
200177304,GSE177304
200177303,GSE177303
200177301,GSE177301
200177296,GSE177296
200177295,GSE177295
200177294,GSE177294
200177292,GSE177292
200177291,GSE177291
200177290,GSE177290
200177288,GSE177288
200177287,GSE177287
200177286,GSE177286
200177285,GSE177285
200177280,GSE177280
200177279,GSE177279
200177273,GSE177273
200177268,GSE177268
200177267,GSE177267
200177266,GSE177266
200177265,GSE177265
200177264,GSE177264
200177262,GSE177262
200177261,GSE177261
200177254,GSE177254
200177251,GSE177251
200177247,GSE177247
200177245,GSE177245
200177242,GSE177242
200177241,GSE177241
200177237,GSE177237
200177235,GSE177235
200177234,GSE177234
200177233,GSE177233
200177231,GSE177231
200177224,GSE177224
200177219,GSE177219
200177218,GSE177218
200177214,GSE177214
200177213,GSE177213
200177212,GSE177212
200177211,GSE177211
200177209,GSE177209
200177202,GSE177202
200177201,GSE177201
200177198,GSE177198
200177196,GSE177196
200177190,GSE177190
200177188,GSE177188
200177187,GSE177187
200177182,GSE177182
200177181,GSE177181
200177179,GSE177179
200177178,GSE177178
200177175,GSE177175
200177173,GSE177173
200177172,GSE177172
200177171,GSE177171
200177170,GSE177170
200177167,GSE177167
200177166,GSE177166
200177156,GSE177156
200177150,GSE177150
200177148,GSE177148
200177144,GSE177144
200177142,GSE177142
200177141,GSE177141
200177140,GSE177140
200177139,GSE177139
200177138,GSE177138
200177134,GSE177134
200177133,GSE177133
200177132,GSE177132
200177131,GSE177131
200177119,GSE177119
200177117,GSE177117
200177115,GSE177115
200177113,GSE177113
200177111,GSE177111
200177110,GSE177110
200177107,GSE177107
200177106,GSE177106
200177105,GSE177105
200177102,GSE177102
200177091,GSE177091
200177085,GSE177085
200177082,GSE177082
200177080,GSE177080
200177074,GSE177074
200177072,GSE177072
200177071,GSE177071
200177070,GSE177070
200177067,GSE177067
200177065,GSE177065
200177022,GSE177022
200177021,GSE177021
200177020,GSE177020
200177018,GSE177018
200177017,GSE177017
200177012,GSE177012
200177010,GSE177010
200177008,GSE177008
200177006,GSE177006
200177004,GSE177004
200177003,GSE177003
200177002,GSE177002
200177000,GSE177000
200176997,GSE176997
200176996,GSE176996
200176993,GSE176993
200176986,GSE176986
200176985,GSE176985
200176984,GSE176984
200176983,GSE176983
200176979,GSE176979
200176978,GSE176978
200176976,GSE176976
200176970,GSE176970
200176968,GSE176968
200176967,GSE176967
200176964,GSE176964
200176960,GSE176960
200176953,GSE176953
200176947,GSE176947
200176941,GSE176941
200176940,GSE176940
200176937,GSE176937
200176935,GSE176935
200176934,GSE176934
200176929,GSE176929
200176927,GSE176927
200176924,GSE176924
200176922,GSE176922
200176920,GSE176920
200176919,GSE176919
200176917,GSE176917
200176902,GSE176902
200176898,GSE176898
200176897,GSE176897
200176894,GSE176894
200176893,GSE176893
200176892,GSE176892
200176890,GSE176890
200176888,GSE176888
200176887,GSE176887
200176883,GSE176883
200176879,GSE176879
200176878,GSE176878
200176874,GSE176874
200176866,GSE176866
200176863,GSE176863
200176861,GSE176861
200176856,GSE176856
200176855,GSE176855
200176854,GSE176854
200176851,GSE176851
200176846,GSE176846
200176842,GSE176842
200176840,GSE176840
200176838,GSE176838
200176831,GSE176831
200176829,GSE176829
200176826,GSE176826
200176823,GSE176823
200176820,GSE176820
200176819,GSE176819
200176818,GSE176818
200176812,GSE176812
200176811,GSE176811
200176809,GSE176809
200176802,GSE176802
200176801,GSE176801
200176799,GSE176799
200176793,GSE176793
200176792,GSE176792
200176791,GSE176791
200176790,GSE176790
200176788,GSE176788
200176783,GSE176783
200176782,GSE176782
200176779,GSE176779
200176778,GSE176778
200176777,GSE176777
200176774,GSE176774
200176773,GSE176773
200176771,GSE176771
200176767,GSE176767
200176759,GSE176759
200176757,GSE176757
200176756,GSE176756
200176753,GSE176753
200176751,GSE176751
200176750,GSE176750
200176747,GSE176747
200176746,GSE176746
200176739,GSE176739
200176737,GSE176737
200176736,GSE176736
200176730,GSE176730
200176724,GSE176724
200176719,GSE176719
200176716,GSE176716
200176715,GSE176715
200176714,GSE176714
200176713,GSE176713
200176709,GSE176709
200176708,GSE176708
200176702,GSE176702
200176701,GSE176701
200176700,GSE176700
200176695,GSE176695
200176692,GSE176692
200176691,GSE176691
200176690,GSE176690
200176686,GSE176686
200176677,GSE176677
200176676,GSE176676
200176673,GSE176673
200176657,GSE176657
200176655,GSE176655
200176653,GSE176653
200176652,GSE176652
200176650,GSE176650
200176649,GSE176649
200176643,GSE176643
200176640,GSE176640
200176637,GSE176637
200176628,GSE176628
200176624,GSE176624
200176622,GSE176622
200176620,GSE176620
200176619,GSE176619
200176618,GSE176618
200176616,GSE176616
200176611,GSE176611
200176608,GSE176608
200176604,GSE176604
200176600,GSE176600
200176597,GSE176597
200176593,GSE176593
200176592,GSE176592
200176590,GSE176590
200176586,GSE176586
200176585,GSE176585
200173414,GSE173414
200173376,GSE173376
200171340,GSE171340
200166620,GSE166620
200165321,GSE165321
200164768,GSE164768
200163344,GSE163344
200161637,GSE161637
200160897,GSE160897
200158244,GSE158244
200153212,GSE153212
200153071,GSE153071
200122281,GSE122281
200166284,GSE166284
200157981,GSE157981
200153781,GSE153781
200141861,GSE141861
200177494,GSE177494
200174078,GSE174078
200156959,GSE156959
200152161,GSE152161
200177049,GSE177049
200177029,GSE177029
200174409,GSE174409
200166863,GSE166863
200166861,GSE166861
200153886,GSE153886
200152351,GSE152351
200176546,GSE176546
200176537,GSE176537
200176520,GSE176520
200168672,GSE168672
200162694,GSE162694
200176496,GSE176496
200176481,GSE176481
200176471,GSE176471
200176441,GSE176441
200176428,GSE176428
200174537,GSE174537
200171542,GSE171542
200169526,GSE169526
200149408,GSE149408
200176365,GSE176365
200169211,GSE169211
200165405,GSE165405
200163017,GSE163017
200160945,GSE160945
200159733,GSE159733
200159732,GSE159732
200159237,GSE159237
200158552,GSE158552
200155672,GSE155672
200140708,GSE140708
200136453,GSE136453
200135361,GSE135361
200126750,GSE126750
200176345,GSE176345
200176324,GSE176324
200176279,GSE176279
200176270,GSE176270
200176261,GSE176261
200176260,GSE176260
200173719,GSE173719
200167861,GSE167861
200162816,GSE162816
200139350,GSE139350
200133003,GSE133003
200133002,GSE133002
200176234,GSE176234
200175787,GSE175787
200173568,GSE173568
200173201,GSE173201
200166080,GSE166080
200161303,GSE161303
200161302,GSE161302
200161301,GSE161301
200156020,GSE156020
200145767,GSE145767
200143908,GSE143908
200100493,GSE100493
200176222,GSE176222
200176209,GSE176209
200160442,GSE160442
200158607,GSE158607
200176178,GSE176178
200176156,GSE176156
200176153,GSE176153
200176149,GSE176149
200176141,GSE176141
200176137,GSE176137
200164088,GSE164088
200163492,GSE163492
200163491,GSE163491
200153005,GSE153005
200151361,GSE151361
200176123,GSE176123
200176101,GSE176101
200174117,GSE174117
200161472,GSE161472
200158884,GSE158884
200151793,GSE151793
200115328,GSE115328
200176045,GSE176045
200175981,GSE175981
200164877,GSE164877
200162976,GSE162976
200162834,GSE162834
200157830,GSE157830
200153518,GSE153518
200151774,GSE151774
200151085,GSE151085
200150810,GSE150810
200136016,GSE136016
200135428,GSE135428
200175891,GSE175891
200175863,GSE175863
200173669,GSE173669
200171952,GSE171952
200171939,GSE171939
200171896,GSE171896
200165927,GSE165927
200164151,GSE164151
200158239,GSE158239
200157626,GSE157626
200153871,GSE153871
200151612,GSE151612
200148202,GSE148202
200175885,GSE175885
200175839,GSE175839
200175827,GSE175827
200175825,GSE175825
200172367,GSE172367
200171149,GSE171149
200169584,GSE169584
200169583,GSE169583
200169477,GSE169477
200166297,GSE166297
200164397,GSE164397
200164032,GSE164032
200163877,GSE163877
200163801,GSE163801
200163434,GSE163434
200160277,GSE160277
200158693,GSE158693
200156187,GSE156187
200154267,GSE154267
200152642,GSE152642
200152377,GSE152377
200151997,GSE151997
200151996,GSE151996
200151743,GSE151743
200145386,GSE145386
200140941,GSE140941
200135400,GSE135400
200127059,GSE127059
200115573,GSE115573
200115446,GSE115446
200114492,GSE114492
200081871,GSE81871
200171373,GSE171373
200171080,GSE171080
200167523,GSE167523
200166591,GSE166591
200165631,GSE165631
200163251,GSE163251
200159546,GSE159546
200157692,GSE157692
200155909,GSE155909
200151499,GSE151499
200150377,GSE150377
200148503,GSE148503
200130829,GSE130829
200130828,GSE130828
200130827,GSE130827
200130676,GSE130676
200173283,GSE173283
200169017,GSE169017
200169016,GSE169016
200132407,GSE132407
200115114,GSE115114
200175779,GSE175779
200175462,GSE175462
200171382,GSE171382
200175714,GSE175714
200175713,GSE175713
200175701,GSE175701
200175681,GSE175681
200175627,GSE175627
200175624,GSE175624
200155382,GSE155382
200152899,GSE152899
200152898,GSE152898
200152897,GSE152897
200152895,GSE152895
200175573,GSE175573
200175550,GSE175550
200172219,GSE172219
200171425,GSE171425
200171110,GSE171110
200166936,GSE166936
200164859,GSE164859
200175495,GSE175495
200169160,GSE169160
200165843,GSE165843
200165019,GSE165019
200161313,GSE161313
200160303,GSE160303
200156082,GSE156082
200152080,GSE152080
200143551,GSE143551
200175454,GSE175454
200175414,GSE175414
200175405,GSE175405
200175404,GSE175404
200175396,GSE175396
200175393,GSE175393
200172450,GSE172450
200171397,GSE171397
200166725,GSE166725
200166560,GSE166560
200165254,GSE165254
200163025,GSE163025
200161239,GSE161239
200161238,GSE161238
200160759,GSE160759
200160200,GSE160200
200158242,GSE158242
200157893,GSE157893
200151801,GSE151801
200150832,GSE150832
200141138,GSE141138
200125463,GSE125463
200171718,GSE171718
200168568,GSE168568
200168565,GSE168565
200166923,GSE166923
200175353,GSE175353
200175351,GSE175351
200175350,GSE175350
200175349,GSE175349
200175348,GSE175348
200175347,GSE175347
200175340,GSE175340
200175336,GSE175336
200175326,GSE175326
200175322,GSE175322
200175316,GSE175316
200175306,GSE175306
200175305,GSE175305
200175303,GSE175303
200175298,GSE175298
200175297,GSE175297
200175295,GSE175295
200175291,GSE175291
200175283,GSE175283
200175281,GSE175281
200175280,GSE175280
200175276,GSE175276
200175265,GSE175265
200175260,GSE175260
200175258,GSE175258
200175254,GSE175254
200175252,GSE175252
200175251,GSE175251
200175250,GSE175250
200175249,GSE175249
200175246,GSE175246
200175245,GSE175245
200175238,GSE175238
200175236,GSE175236
200175234,GSE175234
200175228,GSE175228
200175224,GSE175224
200175221,GSE175221
200175218,GSE175218
200175217,GSE175217
200175215,GSE175215
200175213,GSE175213
200175208,GSE175208
200175205,GSE175205
200175204,GSE175204
200175201,GSE175201
200175197,GSE175197
200175190,GSE175190
200175184,GSE175184
200175179,GSE175179
200175177,GSE175177
200175169,GSE175169
200175168,GSE175168
200175163,GSE175163
200175160,GSE175160
200175153,GSE175153
200175151,GSE175151
200175149,GSE175149
200175143,GSE175143
200175141,GSE175141
200175139,GSE175139
200175132,GSE175132
200175130,GSE175130
200175126,GSE175126
200175124,GSE175124
200175119,GSE175119
200175115,GSE175115
200175114,GSE175114
200175113,GSE175113
200175102,GSE175102
200175092,GSE175092
200175086,GSE175086
200175085,GSE175085
200175079,GSE175079
200175071,GSE175071
200175070,GSE175070
200175067,GSE175067
200175066,GSE175066
200175064,GSE175064
200175058,GSE175058
200175056,GSE175056
200175049,GSE175049
200175048,GSE175048
200175041,GSE175041
200175039,GSE175039
200175038,GSE175038
200175034,GSE175034
200175033,GSE175033
200175021,GSE175021
200175018,GSE175018
200175015,GSE175015
200175012,GSE175012
200175011,GSE175011
200175010,GSE175010
200175008,GSE175008
200175005,GSE175005
200175003,GSE175003
200175000,GSE175000
200174999,GSE174999
200174998,GSE174998
200174989,GSE174989
200174980,GSE174980
200174977,GSE174977
200174976,GSE174976
200174964,GSE174964
200174961,GSE174961
200174954,GSE174954
200174949,GSE174949
200174943,GSE174943
200174939,GSE174939
200174929,GSE174929
200174927,GSE174927
200174924,GSE174924
200174915,GSE174915
200174913,GSE174913
200174909,GSE174909
200174907,GSE174907
200174890,GSE174890
200174883,GSE174883
200174879,GSE174879
200174875,GSE174875
200174871,GSE174871
200174865,GSE174865
200174864,GSE174864
200174863,GSE174863
200163803,GSE163803
200163802,GSE163802
200151385,GSE151385
200146164,GSE146164
200117888,GSE117888
200174848,GSE174848
200171076,GSE171076
200152820,GSE152820
200136630,GSE136630
200114770,GSE114770
200174799,GSE174799
200174794,GSE174794
200174786,GSE174786
200174779,GSE174779
200174773,GSE174773
200174759,GSE174759
200174740,GSE174740
200171848,GSE171848
200162214,GSE162214
200151003,GSE151003
200149234,GSE149234
200121052,GSE121052
200118277,GSE118277
200174717,GSE174717
200174704,GSE174704
200174701,GSE174701
200174695,GSE174695
200174694,GSE174694
200174693,GSE174693
200174681,GSE174681
200174617,GSE174617
200173707,GSE173707
200168407,GSE168407
200167060,GSE167060
200164902,GSE164902
200151513,GSE151513
200150961,GSE150961
200150895,GSE150895
200148025,GSE148025
200114776,GSE114776
200174601,GSE174601
200174598,GSE174598
200174420,GSE174420
200173670,GSE173670
200173432,GSE173432
200168583,GSE168583
200166663,GSE166663
200166421,GSE166421
200161090,GSE161090
200154872,GSE154872
200153694,GSE153694
200152415,GSE152415
200131492,GSE131492
200121444,GSE121444
200174566,GSE174566
200174545,GSE174545
200174520,GSE174520
200174519,GSE174519
200171663,GSE171663
200169539,GSE169539
200167884,GSE167884
200166209,GSE166209
200164413,GSE164413
200163241,GSE163241
200161800,GSE161800
200154919,GSE154919
200114937,GSE114937
200174502,GSE174502
200173300,GSE173300
200171729,GSE171729
200166976,GSE166976
200157096,GSE157096
200155945,GSE155945
200165373,GSE165373
200125907,GSE125907
200174465,GSE174465
200174443,GSE174443
200173530,GSE173530
200153867,GSE153867
200150686,GSE150686
200174435,GSE174435
200164178,GSE164178
200155010,GSE155010
200154427,GSE154427
200148542,GSE148542
200144058,GSE144058
200137752,GSE137752
200116492,GSE116492
200174372,GSE174372
200174344,GSE174344
200174330,GSE174330
200171364,GSE171364
200168125,GSE168125
200157846,GSE157846
200155547,GSE155547
200155546,GSE155546
200116970,GSE116970
200174295,GSE174295
200174276,GSE174276
200174169,GSE174169
200174152,GSE174152
200162051,GSE162051
200160027,GSE160027
200158438,GSE158438
200155272,GSE155272
200150658,GSE150658
200149640,GSE149640
200144033,GSE144033
200141932,GSE141932
200130385,GSE130385
200128983,GSE128983
200174267,GSE174267
200174266,GSE174266
200174144,GSE174144
200174140,GSE174140
200173783,GSE173783
200172274,GSE172274
200171849,GSE171849
200167211,GSE167211
200162725,GSE162725
200161829,GSE161829
200152958,GSE152958
200150325,GSE150325
200150324,GSE150324
200150288,GSE150288
200131590,GSE131590
200174128,GSE174128
200174126,GSE174126
200161021,GSE161021
200154982,GSE154982
200154631,GSE154631
200152755,GSE152755
200114245,GSE114245
200174056,GSE174056
200174043,GSE174043
200171513,GSE171513
200114187,GSE114187
200173992,GSE173992
200173973,GSE173973
200173662,GSE173662
200169205,GSE169205
200160871,GSE160871
200150038,GSE150038
200119394,GSE119394
200119393,GSE119393
200173953,GSE173953
200173939,GSE173939
200173929,GSE173929
200173900,GSE173900
200165201,GSE165201
200159159,GSE159159
200155688,GSE155688
200155141,GSE155141
200152378,GSE152378
200150067,GSE150067
200173858,GSE173858
200173849,GSE173849
200173829,GSE173829
200173828,GSE173828
200173826,GSE173826
200173808,GSE173808
200173807,GSE173807
200172475,GSE172475
200168611,GSE168611
200165152,GSE165152
200162714,GSE162714
200155919,GSE155919
200155490,GSE155490
200155375,GSE155375
200153100,GSE153100
200151129,GSE151129
200145645,GSE145645
200140441,GSE140441
200134886,GSE134886
200131967,GSE131967
200124064,GSE124064
200173825,GSE173825
200173784,GSE173784
200173762,GSE173762
200172557,GSE172557
200169087,GSE169087
200168171,GSE168171
200168043,GSE168043
200155231,GSE155231
200151833,GSE151833
200151282,GSE151282
200145397,GSE145397
200173709,GSE173709
200169244,GSE169244
200167564,GSE167564
200164939,GSE164939
200163815,GSE163815
200163814,GSE163814
200163813,GSE163813
200155897,GSE155897
200132295,GSE132295
200149555,GSE149555
200081455,GSE81455
200173659,GSE173659
200171148,GSE171148
200169139,GSE169139
200168236,GSE168236
200165286,GSE165286
200164926,GSE164926
200164876,GSE164876
200163969,GSE163969
200162706,GSE162706
200162562,GSE162562
200159352,GSE159352
200159351,GSE159351
200157988,GSE157988
200151141,GSE151141
200151140,GSE151140
200151000,GSE151000
200149901,GSE149901
200106608,GSE106608
200173621,GSE173621
200173616,GSE173616
200173611,GSE173611
200173610,GSE173610
200173609,GSE173609
200173575,GSE173575
200173553,GSE173553
200173221,GSE173221
200168174,GSE168174
200166513,GSE166513
200165289,GSE165289
200165288,GSE165288
200164200,GSE164200
200162187,GSE162187
200156453,GSE156453
200148924,GSE148924
200148919,GSE148919
200148656,GSE148656
200148532,GSE148532
200148531,GSE148531
200147240,GSE147240
200144964,GSE144964
200173509,GSE173509
200173475,GSE173475
200173474,GSE173474
200171948,GSE171948
200156653,GSE156653
200144620,GSE144620
200143570,GSE143570
200143566,GSE143566
200140035,GSE140035
200132966,GSE132966
200173404,GSE173404
200173389,GSE173389
200173388,GSE173388
200173274,GSE173274
200173273,GSE173273
200167918,GSE167918
200155408,GSE155408
200142731,GSE142731
200142258,GSE142258
200173377,GSE173377
200173334,GSE173334
200173302,GSE173302
200167075,GSE167075
200167005,GSE167005
200164479,GSE164479
200162177,GSE162177
200161466,GSE161466
200161401,GSE161401
200151818,GSE151818
200150893,GSE150893
200133381,GSE133381
200173342,GSE173342
200171677,GSE171677
200163640,GSE163640
200161549,GSE161549
200160383,GSE160383
200157371,GSE157371
200156791,GSE156791
200154190,GSE154190
200149541,GSE149541
200145537,GSE145537
200141335,GSE141335
200141333,GSE141333
200173232,GSE173232
200173220,GSE173220
200173194,GSE173194
200173169,GSE173169
200166424,GSE166424
200164921,GSE164921
200155454,GSE155454
200173131,GSE173131
200173129,GSE173129
200173120,GSE173120
200173116,GSE173116
200173106,GSE173106
200173078,GSE173078
200173072,GSE173072
200163498,GSE163498
200161961,GSE161961
200161664,GSE161664
200160149,GSE160149
200155398,GSE155398
200172494,GSE172494
200172485,GSE172485
200172317,GSE172317
200153853,GSE153853
200145802,GSE145802
200128570,GSE128570
200125529,GSE125529
200106516,GSE106516
200172430,GSE172430
200167922,GSE167922
200165255,GSE165255
200164452,GSE164452
200163977,GSE163977
200163959,GSE163959
200161420,GSE161420
200160946,GSE160946
200160197,GSE160197
200158097,GSE158097
200150216,GSE150216
200147870,GSE147870
200147305,GSE147305
200141214,GSE141214
200113737,GSE113737
200172370,GSE172370
200172359,GSE172359
200172318,GSE172318
200172291,GSE172291
200171398,GSE171398
200164405,GSE164405
200163533,GSE163533
200163433,GSE163433
200163354,GSE163354
200161761,GSE161761
200161760,GSE161760
200160683,GSE160683
200158739,GSE158739
200157401,GSE157401
200157365,GSE157365
200151290,GSE151290
200149760,GSE149760
200172281,GSE172281
200172275,GSE172275
200156171,GSE156171
200154155,GSE154155
200153410,GSE153410
200151995,GSE151995
200150443,GSE150443
200144642,GSE144642
200143392,GSE143392
200135319,GSE135319
200113363,GSE113363
200172002,GSE172002
200166990,GSE166990
200149092,GSE149092
200172216,GSE172216
200172210,GSE172210
200168101,GSE168101
200168099,GSE168099
200172165,GSE172165
200172164,GSE172164
200169241,GSE169241
200169158,GSE169158
200165773,GSE165773
200164185,GSE164185
200157894,GSE157894
200146278,GSE146278
200137270,GSE137270
200137245,GSE137245
200172118,GSE172118
200172100,GSE172100
200172058,GSE172058
200172055,GSE172055
200172050,GSE172050
200172030,GSE172030
200172029,GSE172029
200163022,GSE163022
200161518,GSE161518
200158387,GSE158387
200155811,GSE155811
200152409,GSE152409
200148790,GSE148790
200148661,GSE148661
200141669,GSE141669
200138734,GSE138734
200172057,GSE172057
200171995,GSE171995
200171992,GSE171992
200171936,GSE171936
200171440,GSE171440
200169009,GSE169009
200166996,GSE166996
200166920,GSE166920
200165732,GSE165732
200164478,GSE164478
200160253,GSE160253
200158669,GSE158669
200158022,GSE158022
200152258,GSE152258
200148623,GSE148623
200141799,GSE141799
200172011,GSE172011
200171999,GSE171999
200171966,GSE171966
200171945,GSE171945
200171937,GSE171937
200169682,GSE169682
200168363,GSE168363
200164416,GSE164416
200157917,GSE157917
200152468,GSE152468
200146722,GSE146722
200144376,GSE144376
200115335,GSE115335
200113538,GSE113538
200113268,GSE113268
200171837,GSE171837
200168810,GSE168810
200168670,GSE168670
200168665,GSE168665
200168663,GSE168663
200168012,GSE168012
200164804,GSE164804
200149426,GSE149426
200147362,GSE147362
200146339,GSE146339
200171780,GSE171780
200171779,GSE171779
200171770,GSE171770
200171455,GSE171455
200171319,GSE171319
200171225,GSE171225
200171745,GSE171745
200171719,GSE171719
200171711,GSE171711
200171692,GSE171692
200171676,GSE171676
200147531,GSE147531
200145496,GSE145496
200123816,GSE123816
200171664,GSE171664
200171650,GSE171650
200171244,GSE171244
200164726,GSE164726
200163984,GSE163984
200160703,GSE160703
200159143,GSE159143
200148479,GSE148479
200129469,GSE129469
200124769,GSE124769
200171552,GSE171552
200171545,GSE171545
200166972,GSE166972
200165195,GSE165195
200165194,GSE165194
200164419,GSE164419
200160633,GSE160633
200160245,GSE160245
200158258,GSE158258
200149886,GSE149886
200149206,GSE149206
200144994,GSE144994
200144372,GSE144372
200141432,GSE141432
200171486,GSE171486
200171485,GSE171485
200171473,GSE171473
200165181,GSE165181
200159824,GSE159824
200158972,GSE158972
200148716,GSE148716
200148402,GSE148402
200134454,GSE134454
200123490,GSE123490
200166409,GSE166409
200156846,GSE156846
200138417,GSE138417
200136432,GSE136432
200112628,GSE112628
200171358,GSE171358
200171342,GSE171342
200171313,GSE171313
200171311,GSE171311
200165011,GSE165011
200154968,GSE154968
200147932,GSE147932
200147931,GSE147931
200142662,GSE142662
200171260,GSE171260
200171255,GSE171255
200171250,GSE171250
200171228,GSE171228
200171214,GSE171214
200166786,GSE166786
200165560,GSE165560
200164894,GSE164894
200163067,GSE163067
200162510,GSE162510
200162323,GSE162323
200162052,GSE162052
200161144,GSE161144
200160826,GSE160826
200160747,GSE160747
200160393,GSE160393
200160227,GSE160227
200159164,GSE159164
200159153,GSE159153
200158918,GSE158918
200157153,GSE157153
200153735,GSE153735
200152397,GSE152397
200152334,GSE152334
200149035,GSE149035
200148274,GSE148274
200148219,GSE148219
200148033,GSE148033
200145505,GSE145505
200142514,GSE142514
200136587,GSE136587
200133979,GSE133979
200130225,GSE130225
200171197,GSE171197
200171129,GSE171129
200166989,GSE166989
200165870,GSE165870
200165767,GSE165767
200162475,GSE162475
200159094,GSE159094
200158986,GSE158986
200155123,GSE155123
200153990,GSE153990
200152683,GSE152683
200151561,GSE151561
200151476,GSE151476
200143956,GSE143956
200126775,GSE126775
200171094,GSE171094
200171090,GSE171090
200171045,GSE171045
200169252,GSE169252
200163071,GSE163071
200162615,GSE162615
200161906,GSE161906
200161616,GSE161616
200160956,GSE160956
200160955,GSE160955
200160953,GSE160953
200160952,GSE160952
200160951,GSE160951
200160950,GSE160950
200160947,GSE160947
200159964,GSE159964
200158463,GSE158463
200157300,GSE157300
200153980,GSE153980
200142331,GSE142331
200142329,GSE142329
200171011,GSE171011
200158947,GSE158947
200156190,GSE156190
200149649,GSE149649
200148657,GSE148657
200147036,GSE147036
200129305,GSE129305
200153740,GSE153740
200153739,GSE153739
200151064,GSE151064
200135131,GSE135131
200169743,GSE169743
200169737,GSE169737
200169722,GSE169722
200165410,GSE165410
200149146,GSE149146
200166609,GSE166609
200147617,GSE147617
200147588,GSE147588
200139974,GSE139974
200139351,GSE139351
200139219,GSE139219
200112350,GSE112350
200169586,GSE169586
200169567,GSE169567
200169533,GSE169533
200169518,GSE169518
200169512,GSE169512
200168493,GSE168493
200167256,GSE167256
200167083,GSE167083
200165475,GSE165475
200162186,GSE162186
200154812,GSE154812
200152239,GSE152239
200150772,GSE150772
200147752,GSE147752
200147505,GSE147505
200147504,GSE147504
200169461,GSE169461
200169418,GSE169418
200169344,GSE169344
200163044,GSE163044
200162198,GSE162198
200159931,GSE159931
200159377,GSE159377
200147839,GSE147839
200147705,GSE147705
200139138,GSE139138
200127876,GSE127876
200169382,GSE169382
200169370,GSE169370
200169359,GSE169359
200169321,GSE169321
200168602,GSE168602
200167265,GSE167265
200164098,GSE164098
200163831,GSE163831
200162760,GSE162760
200160091,GSE160091
200156295,GSE156295
200151135,GSE151135
200169059,GSE169059
200166785,GSE166785
200162120,GSE162120
200161087,GSE161087
200161086,GSE161086
200148047,GSE148047
200147122,GSE147122
200169255,GSE169255
200164370,GSE164370
200112278,GSE112278
200167250,GSE167250
200161384,GSE161384
200146901,GSE146901
200112076,GSE112076
200169152,GSE169152
200169138,GSE169138
200159326,GSE159326
200157509,GSE157509
200151760,GSE151760
200169065,GSE169065
200169057,GSE169057
200167249,GSE167249
200164276,GSE164276
200159353,GSE159353
200155972,GSE155972
200155371,GSE155371
200153637,GSE153637
200151174,GSE151174
200151116,GSE151116
200150994,GSE150994
200149645,GSE149645
200135078,GSE135078
200169030,GSE169030
200169000,GSE169000
200168994,GSE168994
200168698,GSE168698
200167365,GSE167365
200164366,GSE164366
200162393,GSE162393
200155285,GSE155285
200141987,GSE141987
200168922,GSE168922
200168910,GSE168910
200160058,GSE160058
200158596,GSE158596
200157219,GSE157219
200156423,GSE156423
200154489,GSE154489
200154339,GSE154339
200147313,GSE147313
200147312,GSE147312
200147311,GSE147311
200147309,GSE147309
200144576,GSE144576
200127934,GSE127934
200105029,GSE105029
200168890,GSE168890
200168888,GSE168888
200168885,GSE168885
200168861,GSE168861
200163023,GSE163023
200159437,GSE159437
200153823,GSE153823
200148355,GSE148355
200147524,GSE147524
200140789,GSE140789
200162270,GSE162270
200157517,GSE157517
200111838,GSE111838
200168843,GSE168843
200168831,GSE168831
200168813,GSE168813
200166798,GSE166798
200168778,GSE168778
200168745,GSE168745
200168720,GSE168720
200168706,GSE168706
200164477,GSE164477
200151276,GSE151276
200137048,GSE137048
200168616,GSE168616
200165082,GSE165082
200164196,GSE164196
200159466,GSE159466
200153348,GSE153348
200146854,GSE146854
200144958,GSE144958
200123250,GSE123250
200166047,GSE166047
200165498,GSE165498
200165354,GSE165354
200164677,GSE164677
200164649,GSE164649
200163937,GSE163937
200163639,GSE163639
200162505,GSE162505
200161879,GSE161879
200161737,GSE161737
200157725,GSE157725
200153468,GSE153468
200152015,GSE152015
200151495,GSE151495
200149763,GSE149763
200140374,GSE140374
200168498,GSE168498
200168484,GSE168484
200168471,GSE168471
200168449,GSE168449
200168444,GSE168444
200164332,GSE164332
200162736,GSE162736
200161437,GSE161437
200158953,GSE158953
200157296,GSE157296
200151097,GSE151097
200148522,GSE148522
200147999,GSE147999
200146621,GSE146621
200140347,GSE140347
200168404,GSE168404
200168097,GSE168097
200167507,GSE167507
200166035,GSE166035
200166034,GSE166034
200166033,GSE166033
200165278,GSE165278
200168387,GSE168387
200167136,GSE167136
200166305,GSE166305
200161159,GSE161159
200147085,GSE147085
200111675,GSE111675
200111674,GSE111674
200111673,GSE111673
200168345,GSE168345
200168326,GSE168326
200166122,GSE166122
200111523,GSE111523
200111466,GSE111466
200168294,GSE168294
200168266,GSE168266
200168244,GSE168244
200168214,GSE168214
200165322,GSE165322
200164843,GSE164843
200164839,GSE164839
200159375,GSE159375
200155186,GSE155186
200112568,GSE112568
200112565,GSE112565
200168205,GSE168205
200168184,GSE168184
200168183,GSE168183
200162438,GSE162438
200159747,GSE159747
200159577,GSE159577
200154394,GSE154394
200149493,GSE149493
200168102,GSE168102
200168092,GSE168092
200168050,GSE168050
200168045,GSE168045
200167968,GSE167968
200165630,GSE165630
200155986,GSE155986
200155858,GSE155858
200154118,GSE154118
200154101,GSE154101
200150834,GSE150834
200146266,GSE146266
200144752,GSE144752
200139862,GSE139862
200131605,GSE131605
200168009,GSE168009
200168008,GSE168008
200167997,GSE167997
200167971,GSE167971
200167959,GSE167959
200167956,GSE167956
200167923,GSE167923
200166428,GSE166428
200164261,GSE164261
200156336,GSE156336
200153519,GSE153519
200152003,GSE152003
200138787,GSE138787
200111354,GSE111354
200167827,GSE167827
200167440,GSE167440
200167373,GSE167373
200167124,GSE167124
200167092,GSE167092
200166639,GSE166639
200164693,GSE164693
200164227,GSE164227
200163882,GSE163882
200163711,GSE163711
200163707,GSE163707
200162943,GSE162943
200162914,GSE162914
200157712,GSE157712
200154350,GSE154350
200152740,GSE152740
200148481,GSE148481
200147840,GSE147840
200147045,GSE147045
200146159,GSE146159
200146071,GSE146071
200145923,GSE145923
200145008,GSE145008
200139940,GSE139940
200138258,GSE138258
200134395,GSE134395
200111414,GSE111414
200165932,GSE165932
200165890,GSE165890
200165211,GSE165211
200163496,GSE163496
200163482,GSE163482
200163013,GSE163013
200158521,GSE158521
200150121,GSE150121
200150118,GSE150118
200150117,GSE150117
200146364,GSE146364
200167592,GSE167592
200167590,GSE167590
200167547,GSE167547
200167514,GSE167514
200167495,GSE167495
200167000,GSE167000
200166794,GSE166794
200161959,GSE161959
200161733,GSE161733
200161732,GSE161732
200126726,GSE126726
200111330,GSE111330
200167488,GSE167488
200167480,GSE167480
200167473,GSE167473
200167432,GSE167432
200167412,GSE167412
200167395,GSE167395
200163761,GSE163761
200147543,GSE147543
200141880,GSE141880
200167371,GSE167371
200167362,GSE167362
200167345,GSE167345
200167336,GSE167336
200167325,GSE167325
200167306,GSE167306
200165727,GSE165727
200164980,GSE164980
200164979,GSE164979
200163469,GSE163469
200163466,GSE163466
200162653,GSE162653
200158480,GSE158480
200154545,GSE154545
200152799,GSE152799
200150085,GSE150085
200147310,GSE147310
200145937,GSE145937
200145790,GSE145790
200136725,GSE136725
200122979,GSE122979
200167300,GSE167300
200167296,GSE167296
200167241,GSE167241
200167208,GSE167208
200167197,GSE167197
200161426,GSE161426
200149536,GSE149536
200141805,GSE141805
200141344,GSE141344
200139402,GSE139402
200136190,GSE136190
200130340,GSE130340
200166801,GSE166801
200162966,GSE162966
200156400,GSE156400
200145706,GSE145706
200144662,GSE144662
200144660,GSE144660
200131005,GSE131005
200111410,GSE111410
200111004,GSE111004
200167111,GSE167111
200165548,GSE165548
200153310,GSE153310
200136975,GSE136975
200167128,GSE167128
200167099,GSE167099
200167098,GSE167098
200167097,GSE167097
200167089,GSE167089
200158555,GSE158555
200158526,GSE158526
200146612,GSE146612
200167069,GSE167069
200167066,GSE167066
200163256,GSE163256
200163095,GSE163095
200162689,GSE162689
200162281,GSE162281
200161960,GSE161960
200158483,GSE158483
200156066,GSE156066
200155447,GSE155447
200155413,GSE155413
200150228,GSE150228
200135832,GSE135832
200167001,GSE167001
200166942,GSE166942
200166866,GSE166866
200162879,GSE162879
200155771,GSE155771
200166908,GSE166908
200166847,GSE166847
200166823,GSE166823
200165690,GSE165690
200163507,GSE163507
200163240,GSE163240
200162894,GSE162894
200162743,GSE162743
200160016,GSE160016
200158208,GSE158208
200157574,GSE157574
200148621,GSE148621
200146840,GSE146840
200136292,GSE136292
200166780,GSE166780
200166773,GSE166773
200165952,GSE165952
200165849,GSE165849
200165663,GSE165663
200165604,GSE165604
200163899,GSE163899
200155697,GSE155697
200154688,GSE154688
200154244,GSE154244
200153907,GSE153907
200146893,GSE146893
200146441,GSE146441
200146284,GSE146284
200146255,GSE146255
200146190,GSE146190
200145889,GSE145889
200145663,GSE145663
200144666,GSE144666
200118216,GSE118216
200165552,GSE165552
200164292,GSE164292
200157354,GSE157354
200140383,GSE140383
200166729,GSE166729
200160311,GSE160311
200145475,GSE145475
200110729,GSE110729
200166658,GSE166658
200149219,GSE149219
200110556,GSE110556
200166630,GSE166630
200166621,GSE166621
200164361,GSE164361
200163275,GSE163275
200162205,GSE162205
200153921,GSE153921
200150081,GSE150081
200149797,GSE149797
200145075,GSE145075
200166565,GSE166565
200166539,GSE166539
200166524,GSE166524
200166449,GSE166449
200165924,GSE165924
200165242,GSE165242
200163161,GSE163161
200097264,GSE97264
200097263,GSE97263
200166500,GSE166500
200166448,GSE166448
200166443,GSE166443
200166417,GSE166417
200166416,GSE166416
200165921,GSE165921
200165323,GSE165323
200162749,GSE162749
200161559,GSE161559
200161397,GSE161397
200159851,GSE159851
200157951,GSE157951
200156699,GSE156699
200154146,GSE154146
200153250,GSE153250
200150252,GSE150252
200150203,GSE150203
200143561,GSE143561
200122986,GSE122986
200166401,GSE166401
200166392,GSE166392
200166337,GSE166337
200166327,GSE166327
200166144,GSE166144
200157659,GSE157659
200155352,GSE155352
200149018,GSE149018
200166312,GSE166312
200166161,GSE166161
200163829,GSE163829
200163552,GSE163552
200162069,GSE162069
200157374,GSE157374
200153972,GSE153972
200150720,GSE150720
200150099,GSE150099
200149920,GSE149920
200149670,GSE149670
200143668,GSE143668
200136282,GSE136282
200093383,GSE93383
200166299,GSE166299
200166289,GSE166289
200163651,GSE163651
200166279,GSE166279
200166253,GSE166253
200110345,GSE110345
200166222,GSE166222
200166143,GSE166143
200159920,GSE159920
200156185,GSE156185
200154257,GSE154257
200146588,GSE146588
200145805,GSE145805
200165252,GSE165252
200161341,GSE161341
200160224,GSE160224
200157309,GSE157309
200153395,GSE153395
200166049,GSE166049
200166024,GSE166024
200165988,GSE165988
200165972,GSE165972
200164141,GSE164141
200161916,GSE161916
200155007,GSE155007
200153946,GSE153946
200138358,GSE138358
200165961,GSE165961
200165900,GSE165900
200165899,GSE165899
200165883,GSE165883
200165617,GSE165617
200165340,GSE165340
200165146,GSE165146
200165145,GSE165145
200165144,GSE165144
200163093,GSE163093
200162899,GSE162899
200162164,GSE162164
200161838,GSE161838
200161501,GSE161501
200159279,GSE159279
200155969,GSE155969
200153224,GSE153224
200152650,GSE152650
200147646,GSE147646
200147165,GSE147165
200144215,GSE144215
200142038,GSE142038
200165811,GSE165811
200165248,GSE165248
200165247,GSE165247
200165246,GSE165246
200163213,GSE163213
200160658,GSE160658
200159978,GSE159978
200159853,GSE159853
200159717,GSE159717
200158090,GSE158090
200155526,GSE155526
200154044,GSE154044
200152323,GSE152323
200151952,GSE151952
200151423,GSE151423
200151419,GSE151419
200150982,GSE150982
200150572,GSE150572
200150571,GSE150571
200149050,GSE149050
200144833,GSE144833
200137295,GSE137295
200136252,GSE136252
200135743,GSE135743
200133139,GSE133139
200133107,GSE133107
200132749,GSE132749
200123194,GSE123194
200165842,GSE165842
200163547,GSE163547
200162746,GSE162746
200158216,GSE158216
200155567,GSE155567
200154494,GSE154494
200153893,GSE153893
200152312,GSE152312
200148433,GSE148433
200144326,GSE144326
200144019,GSE144019
200136401,GSE136401
200135439,GSE135439
200129887,GSE129887
200125761,GSE125761
200165804,GSE165804
200165781,GSE165781
200165766,GSE165766
200126869,GSE126869
200126611,GSE126611
200109915,GSE109915
200109872,GSE109872
200165724,GSE165724
200160401,GSE160401
200158678,GSE158678
200155925,GSE155925
200151296,GSE151296
200145567,GSE145567
200145108,GSE145108
200139261,GSE139261
200134453,GSE134453
200126359,GSE126359
200126358,GSE126358
200125836,GSE125836
200165627,GSE165627
200165625,GSE165625
200165624,GSE165624
200162571,GSE162571
200162104,GSE162104
200162004,GSE162004
200152130,GSE152130
200145789,GSE145789
200145577,GSE145577
200144424,GSE144424
200138851,GSE138851
200120273,GSE120273
200165595,GSE165595
200165557,GSE165557
200163601,GSE163601
200162179,GSE162179
200161283,GSE161283
200157236,GSE157236
200155552,GSE155552
200148538,GSE148538
200147523,GSE147523
200142316,GSE142316
200135170,GSE135170
200129153,GSE129153
200128605,GSE128605
200115096,GSE115096
200165461,GSE165461
200165452,GSE165452
200164917,GSE164917
200163827,GSE163827
200162332,GSE162332
200161010,GSE161010
200154799,GSE154799
200151934,GSE151934
200147352,GSE147352
200143781,GSE143781
200141740,GSE141740
200140253,GSE140253
200162855,GSE162855
200146925,GSE146925
200145941,GSE145941
200145650,GSE145650
200139455,GSE139455
200160034,GSE160034
200160033,GSE160033
200160032,GSE160032
200160031,GSE160031
200109537,GSE109537
200165332,GSE165332
200165310,GSE165310
200165304,GSE165304
200150040,GSE150040
200134615,GSE134615
200165265,GSE165265
200165261,GSE165261
200164650,GSE164650
200157587,GSE157587
200157256,GSE157256
200155245,GSE155245
200151371,GSE151371
200144102,GSE144102
200165213,GSE165213
200165183,GSE165183
200165164,GSE165164
200163370,GSE163370
200162658,GSE162658
200149492,GSE149492
200147046,GSE147046
200146436,GSE146436
200145043,GSE145043
200143905,GSE143905
200136920,GSE136920
200132447,GSE132447
200126116,GSE126116
200124252,GSE124252
200120893,GSE120893
200165149,GSE165149
200165137,GSE165137
200165115,GSE165115
200162947,GSE162947
200162873,GSE162873
200161170,GSE161170
200144500,GSE144500
200124993,GSE124993
200122524,GSE122524
200109807,GSE109807
200165030,GSE165030
200165025,GSE165025
200165014,GSE165014
200160252,GSE160252
200155637,GSE155637
200152220,GSE152220
200150400,GSE150400
200149315,GSE149315
200149148,GSE149148
200146517,GSE146517
200143948,GSE143948
200143947,GSE143947
200163539,GSE163539
200161349,GSE161349
200158834,GSE158834
200123768,GSE123768
200123766,GSE123766
200123763,GSE123763
200123762,GSE123762
200164158,GSE164158
200150539,GSE150539
200136949,GSE136949
200125374,GSE125374
200164949,GSE164949
200164887,GSE164887
200164882,GSE164882
200163214,GSE163214
200164874,GSE164874
200164846,GSE164846
200161833,GSE161833
200158464,GSE158464
200156332,GSE156332
200155345,GSE155345
200145525,GSE145525
200144214,GSE144214
200140930,GSE140930
200164801,GSE164801
200164751,GSE164751
200164740,GSE164740
200164730,GSE164730
200163746,GSE163746
200161731,GSE161731
200159034,GSE159034
200156009,GSE156009
200154909,GSE154909
200154810,GSE154810
200152123,GSE152123
200152121,GSE152121
200164704,GSE164704
200164692,GSE164692
200164644,GSE164644
200164642,GSE164642
200163930,GSE163930
200161070,GSE161070
200160611,GSE160611
200160499,GSE160499
200158814,GSE158814
200155941,GSE155941
200154294,GSE154294
200149233,GSE149233
200145407,GSE145407
200143638,GSE143638
200143409,GSE143409
200139528,GSE139528
200137053,GSE137053
200136332,GSE136332
200136241,GSE136241
200126658,GSE126658
200125185,GSE125185
200164615,GSE164615
200164544,GSE164544
200162832,GSE162832
200152291,GSE152291
200143608,GSE143608
200164531,GSE164531
200164529,GSE164529
200164239,GSE164239
200162285,GSE162285
200158262,GSE158262
200154168,GSE154168
200152385,GSE152385
200143442,GSE143442
200141696,GSE141696
200137490,GSE137490
200128581,GSE128581
200128580,GSE128580
200164495,GSE164495
200164492,GSE164492
200160287,GSE160287
200159528,GSE159528
200114222,GSE114222
200164438,GSE164438
200164431,GSE164431
200164208,GSE164208
200160997,GSE160997
200152328,GSE152328
200141787,GSE141787
200164471,GSE164471
200164396,GSE164396
200164376,GSE164376
200156381,GSE156381
200108887,GSE108887
200064301,GSE64301
200164358,GSE164358
200164340,GSE164340
200164334,GSE164334
200145356,GSE145356
200164326,GSE164326
200164313,GSE164313
200164266,GSE164266
200163374,GSE163374
200163148,GSE163148
200162828,GSE162828
200157159,GSE157159
200156723,GSE156723
200149246,GSE149246
200144895,GSE144895
200140341,GSE140341
200136858,GSE136858
200116192,GSE116192
200164213,GSE164213
200164179,GSE164179
200164169,GSE164169
200161815,GSE161815
200161650,GSE161650
200157440,GSE157440
200145471,GSE145471
200136007,GSE136007
200128634,GSE128634
200128633,GSE128633
200108796,GSE108796
200164150,GSE164150
200159092,GSE159092
200157293,GSE157293
200152059,GSE152059
200148079,GSE148079
200141078,GSE141078
200130457,GSE130457
200108731,GSE108731
200102635,GSE102635
200159852,GSE159852
200151919,GSE151919
200151505,GSE151505
200130687,GSE130687
200164133,GSE164133
200164132,GSE164132
200164095,GSE164095
200162427,GSE162427
200162349,GSE162349
200161846,GSE161846
200160723,GSE160723
200160092,GSE160092
200159946,GSE159946
200159694,GSE159694
200159529,GSE159529
200158338,GSE158338
200158163,GSE158163
200157927,GSE157927
200157867,GSE157867
200156969,GSE156969
200155248,GSE155248
200155052,GSE155052
200154802,GSE154802
200153713,GSE153713
200153354,GSE153354
200152546,GSE152546
200152218,GSE152218
200151312,GSE151312
200150843,GSE150843
200149523,GSE149523
200148697,GSE148697
200148696,GSE148696
200147838,GSE147838
200147837,GSE147837
200146991,GSE146991
200146415,GSE146415
200145141,GSE145141
200144013,GSE144013
200143990,GSE143990
200143879,GSE143879
200143610,GSE143610
200143258,GSE143258
200142769,GSE142769
200140402,GSE140402
200139651,GSE139651
200139004,GSE139004
200137981,GSE137981
200129752,GSE129752
200125299,GSE125299
200122682,GSE122682
200164081,GSE164081
200164080,GSE164080
200164073,GSE164073
200164058,GSE164058
200164042,GSE164042
200163597,GSE163597
200162436,GSE162436
200161631,GSE161631
200160990,GSE160990
200160917,GSE160917
200160761,GSE160761
200160521,GSE160521
200160336,GSE160336
200160302,GSE160302
200160071,GSE160071
200159618,GSE159618
200159531,GSE159531
200158407,GSE158407
200158312,GSE158312
200155832,GSE155832
200155530,GSE155530
200154041,GSE154041
200153610,GSE153610
200153264,GSE153264
200152983,GSE152983
200152705,GSE152705
200151280,GSE151280
200151243,GSE151243
200151083,GSE151083
200150807,GSE150807
200149413,GSE149413
200148171,GSE148171
200147440,GSE147440
200147199,GSE147199
200146640,GSE146640
200146017,GSE146017
200145249,GSE145249
200144667,GSE144667
200143957,GSE143957
200143365,GSE143365
200142394,GSE142394
200142221,GSE142221
200141823,GSE141823
200140724,GSE140724
200139577,GSE139577
200139190,GSE139190
200137143,GSE137143
200137035,GSE137035
200136416,GSE136416
200135274,GSE135274
200129323,GSE129323
200123944,GSE123944
200122685,GSE122685
200122151,GSE122151
200120312,GSE120312
200118815,GSE118815
200118446,GSE118446
200115357,GSE115357
200114564,GSE114564
200112363,GSE112363
200110989,GSE110989
200110745,GSE110745
200110744,GSE110744
200109968,GSE109968
200162396,GSE162396
200158095,GSE158095
200156775,GSE156775
200155452,GSE155452
200154451,GSE154451
200151025,GSE151025
200151024,GSE151024
200163936,GSE163936
200163924,GSE163924
200163923,GSE163923
200163906,GSE163906
200159235,GSE159235
200156541,GSE156541
200153813,GSE153813
200151159,GSE151159
200147366,GSE147366
200115871,GSE115871
200160008,GSE160008
200155164,GSE155164
200148265,GSE148265
200146624,GSE146624
200131912,GSE131912
200160601,GSE160601
200142658,GSE142658
200163817,GSE163817
200155300,GSE155300
200080606,GSE80606
200152414,GSE152414
200123740,GSE123740
200092893,GSE92893
200163791,GSE163791
200163731,GSE163731
200163708,GSE163708
200163683,GSE163683
200155749,GSE155749
200151415,GSE151415
200147635,GSE147635
200147399,GSE147399
200143223,GSE143223
200137366,GSE137366
200163649,GSE163649
200163646,GSE163646
200163645,GSE163645
200163613,GSE163613
200163605,GSE163605
200163603,GSE163603
200163591,GSE163591
200163589,GSE163589
200160692,GSE160692
200160099,GSE160099
200159574,GSE159574
200157986,GSE157986
200157071,GSE157071
200155667,GSE155667
200152634,GSE152634
200150491,GSE150491
200148175,GSE148175
200144775,GSE144775
200143415,GSE143415
200139203,GSE139203
200108728,GSE108728
200163557,GSE163557
200161199,GSE161199
200159035,GSE159035
200157676,GSE157676
200156531,GSE156531
200155616,GSE155616
200155312,GSE155312
200155198,GSE155198
200153129,GSE153129
200151514,GSE151514
200148703,GSE148703
200147010,GSE147010
200147009,GSE147009
200128816,GSE128816
200128465,GSE128465
200108393,GSE108393
200163548,GSE163548
200142042,GSE142042
200111709,GSE111709
200108406,GSE108406
200163517,GSE163517
200163468,GSE163468
200161950,GSE161950
200148228,GSE148228
200163428,GSE163428
200163414,GSE163414
200163411,GSE163411
200163392,GSE163392
200162883,GSE162883
200161759,GSE161759
200160748,GSE160748
200150892,GSE150892
200150717,GSE150717
200150716,GSE150716
200163377,GSE163377
200163359,GSE163359
200163315,GSE163315
200163309,GSE163309
200163232,GSE163232
200163188,GSE163188
200162056,GSE162056
200154918,GSE154918
200152195,GSE152195
200150588,GSE150588
200149049,GSE149049
200124628,GSE124628
200124627,GSE124627
200124626,GSE124626
200163264,GSE163264
200161024,GSE161024
200154563,GSE154563
200153258,GSE153258
200145682,GSE145682
200142975,GSE142975
200142809,GSE142809
200131568,GSE131568
200108340,GSE108340
200163207,GSE163207
200163175,GSE163175
200163165,GSE163165
200163126,GSE163126
200161449,GSE161449
200161148,GSE161148
200159889,GSE159889
200159791,GSE159791
200159739,GSE159739
200153881,GSE153881
200153200,GSE153200
200133933,GSE133933
200108159,GSE108159
200163123,GSE163123
200163110,GSE163110
200162353,GSE162353
200160085,GSE160085
200157617,GSE157617
200154057,GSE154057
200144347,GSE144347
200154938,GSE154938
200154086,GSE154086
200109788,GSE109788
200161777,GSE161777
200161155,GSE161155
200153333,GSE153333
200162945,GSE162945
200162932,GSE162932
200161502,GSE161502
200159551,GSE159551
200159550,GSE159550
200159004,GSE159004
200158292,GSE158292
200154559,GSE154559
200153738,GSE153738
200143975,GSE143975
200142499,GSE142499
200141993,GSE141993
200141991,GSE141991
200162902,GSE162902
200162856,GSE162856
200162836,GSE162836
200162830,GSE162830
200162790,GSE162790
200161706,GSE161706
200157671,GSE157671
200156921,GSE156921
200155719,GSE155719
200154961,GSE154961
200149675,GSE149675
200149671,GSE149671
200147855,GSE147855
200147449,GSE147449
200145359,GSE145359
200139914,GSE139914
200138963,GSE138963
200138301,GSE138301
200124609,GSE124609
200161839,GSE161839
200159410,GSE159410
200156900,GSE156900
200156124,GSE156124
200149031,GSE149031
200145368,GSE145368
200109516,GSE109516
200162737,GSE162737
200162627,GSE162627
200161351,GSE161351
200160123,GSE160123
200159493,GSE159493
200159260,GSE159260
200157165,GSE157165
200156830,GSE156830
200156271,GSE156271
200153499,GSE153499
200153122,GSE153122
200152991,GSE152991
200151237,GSE151237
200148813,GSE148813
200148636,GSE148636
200147171,GSE147171
200140406,GSE140406
200139370,GSE139370
200132829,GSE132829
200109203,GSE109203
200162729,GSE162729
200162720,GSE162720
200162716,GSE162716
200157496,GSE157496
200144979,GSE144979
200143780,GSE143780
200162696,GSE162696
200162677,GSE162677
200159905,GSE159905
200129547,GSE129547
200162630,GSE162630
200162611,GSE162611
200162602,GSE162602
200162592,GSE162592
200160637,GSE160637
200156857,GSE156857
200142179,GSE142179
200131551,GSE131551
200124682,GSE124682
200162629,GSE162629
200162564,GSE162564
200162550,GSE162550
200162532,GSE162532
200162515,GSE162515
200162487,GSE162487
200161031,GSE161031
200160981,GSE160981
200144736,GSE144736
200138052,GSE138052
200135251,GSE135251
200162425,GSE162425
200152317,GSE152317
200149104,GSE149104
200162366,GSE162366
200159340,GSE159340
200159332,GSE159332
200159194,GSE159194
200159134,GSE159134
200154779,GSE154779
200154429,GSE154429
200152781,GSE152781
200152737,GSE152737
200149806,GSE149806
200148962,GSE148962
200147965,GSE147965
200145850,GSE145850
200145536,GSE145536
200145438,GSE145438
200145349,GSE145349
200144378,GSE144378
200144020,GSE144020
200143692,GSE143692
200142124,GSE142124
200141990,GSE141990
200141323,GSE141323
200141293,GSE141293
200140586,GSE140586
200140578,GSE140578
200140577,GSE140577
200136931,GSE136931
200134835,GSE134835
200133183,GSE133183
200126794,GSE126794
200124017,GSE124017
200123861,GSE123861
200123438,GSE123438
200040475,GSE40475
200161942,GSE161942
200161753,GSE161753
200160678,GSE160678
200156384,GSE156384
200155459,GSE155459
200152420,GSE152420
200150933,GSE150933
200150587,GSE150587
200146150,GSE146150
200143946,GSE143946
200141835,GSE141835
200107844,GSE107844
200162295,GSE162295
200162265,GSE162265
200162262,GSE162262
200107411,GSE107411
200162215,GSE162215
200144287,GSE144287
200144286,GSE144286
200142314,GSE142314
200135989,GSE135989
200162131,GSE162131
200141147,GSE141147
200107347,GSE107347
200162095,GSE162095
200132828,GSE132828
200125834,GSE125834
200125833,GSE125833
200125832,GSE125832
200085656,GSE85656
200162113,GSE162113
200157635,GSE157635
200154474,GSE154474
200152250,GSE152250
200151904,GSE151904
200146776,GSE146776
200144961,GSE144961
200128405,GSE128405
200128282,GSE128282
200158930,GSE158930
200157859,GSE157859
200150548,GSE150548
200149888,GSE149888
200148701,GSE148701
200144323,GSE144323
200141571,GSE141571
200140074,GSE140074
200161928,GSE161928
200161914,GSE161914
200153448,GSE153448
200153447,GSE153447
200137576,GSE137576
200161811,GSE161811
200161799,GSE161799
200161792,GSE161792
200161789,GSE161789
200157682,GSE157682
200156461,GSE156461
200155180,GSE155180
200149277,GSE149277
200144032,GSE144032
200140997,GSE140997
200161730,GSE161730
200161705,GSE161705
200161691,GSE161691
200157844,GSE157844
200156519,GSE156519
200151957,GSE151957
200134656,GSE134656
200161684,GSE161684
200159720,GSE159720
200159280,GSE159280
200154577,GSE154577
200154306,GSE154306
200151204,GSE151204
200161231,GSE161231
200160928,GSE160928
200156212,GSE156212
200155541,GSE155541
200154809,GSE154809
200151586,GSE151586
200148062,GSE148062
200144825,GSE144825
200137155,GSE137155
200161543,GSE161543
200161513,GSE161513
200161509,GSE161509
200158249,GSE158249
200157205,GSE157205
200156308,GSE156308
200149189,GSE149189
200137403,GSE137403
200136235,GSE136235
200132283,GSE132283
200152588,GSE152588
200149181,GSE149181
200107058,GSE107058
200161469,GSE161469
200161450,GSE161450
200130633,GSE130633
200161385,GSE161385
200161357,GSE161357
200153502,GSE153502
200123891,GSE123891
200161379,GSE161379
200161243,GSE161243
200161235,GSE161235
200160159,GSE160159
200159547,GSE159547
200154340,GSE154340
200152146,GSE152146
200148395,GSE148395
200144348,GSE144348
200141570,GSE141570
200114238,GSE114238
200161186,GSE161186
200161176,GSE161176
200161153,GSE161153
200146726,GSE146726
200145984,GSE145984
200124085,GSE124085
200124084,GSE124084
200159118,GSE159118
200158578,GSE158578
200148473,GSE148473
200147114,GSE147114
200140960,GSE140960
200161043,GSE161043
200151558,GSE151558
200147147,GSE147147
200146501,GSE146501
200142031,GSE142031
200129408,GSE129408
200154046,GSE154046
200148203,GSE148203
200139270,GSE139270
200136988,GSE136988
200124409,GSE124409
200149167,GSE149167
200106602,GSE106602
200160906,GSE160906
200160882,GSE160882
200160435,GSE160435
200155518,GSE155518
200150740,GSE150740
200145275,GSE145275
200145274,GSE145274
200160819,GSE160819
200160817,GSE160817
200160809,GSE160809
200160803,GSE160803
200160796,GSE160796
200160792,GSE160792
200158271,GSE158271
200156468,GSE156468
200155702,GSE155702
200151897,GSE151897
200148771,GSE148771
200160745,GSE160745
200160743,GSE160743
200160705,GSE160705
200160702,GSE160702
200150521,GSE150521
200150238,GSE150238
200149120,GSE149120
200138350,GSE138350
200137469,GSE137469
200132245,GSE132245
200132244,GSE132244
200132024,GSE132024
200160693,GSE160693
200160690,GSE160690
200160689,GSE160689
200159536,GSE159536
200149682,GSE149682
200122592,GSE122592
200120784,GSE120784
200109515,GSE109515
200160609,GSE160609
200160608,GSE160608
200158527,GSE158527
200156102,GSE156102
200154496,GSE154496
200153094,GSE153094
200142083,GSE142083
200141352,GSE141352
200136823,GSE136823
200133419,GSE133419
200128133,GSE128133
200127223,GSE127223
200122923,GSE122923
200159243,GSE159243
200158557,GSE158557
200157672,GSE157672
200156101,GSE156101
200152684,GSE152684
200151379,GSE151379
200150954,GSE150954
200148096,GSE148096
200142706,GSE142706
200139292,GSE139292
200122616,GSE122616
200101566,GSE101566
200160524,GSE160524
200160501,GSE160501
200160491,GSE160491
200156258,GSE156258
200152547,GSE152547
200151699,GSE151699
200139003,GSE139003
200133780,GSE133780
200160471,GSE160471
200160439,GSE160439
200160434,GSE160434
200160420,GSE160420
200160417,GSE160417
200155343,GSE155343
200152901,GSE152901
200151810,GSE151810
200144714,GSE144714
200135291,GSE135291
200133397,GSE133397
200128367,GSE128367
200121501,GSE121501
200121139,GSE121139
200106306,GSE106306
200160362,GSE160362
200160322,GSE160322
200160314,GSE160314
200160296,GSE160296
200160268,GSE160268
200155887,GSE155887
200155203,GSE155203
200154928,GSE154928
200151879,GSE151879
200147759,GSE147759
200137380,GSE137380
200160213,GSE160213
200160195,GSE160195
200160186,GSE160186
200159940,GSE159940
200156147,GSE156147
200155270,GSE155270
200153284,GSE153284
200150039,GSE150039
200147159,GSE147159
200146856,GSE146856
200145746,GSE145746
200144585,GSE144585
200144530,GSE144530
200131182,GSE131182
200131137,GSE131137
200118725,GSE118725
200160146,GSE160146
200160145,GSE160145
200160076,GSE160076
200159525,GSE159525
200149753,GSE149753
200149390,GSE149390
200147503,GSE147503
200143275,GSE143275
200106966,GSE106966
200160018,GSE160018
200160001,GSE160001
200155495,GSE155495
200153158,GSE153158
200148010,GSE148010
200140068,GSE140068
200139436,GSE139436
200129715,GSE129715
200129582,GSE129582
200159906,GSE159906
200139392,GSE139392
200106147,GSE106147
200159984,GSE159984
200159925,GSE159925
200159522,GSE159522
200139364,GSE139364
200159894,GSE159894
200159884,GSE159884
200159826,GSE159826
200159642,GSE159642
200159264,GSE159264
200144841,GSE144841
200139583,GSE139583
200105815,GSE105815
200159811,GSE159811
200159797,GSE159797
200159782,GSE159782
200159778,GSE159778
200159610,GSE159610
200159391,GSE159391
200157884,GSE157884
200156902,GSE156902
200154418,GSE154418
200153803,GSE153803
200151536,GSE151536
200148003,GSE148003
200147911,GSE147911
200145955,GSE145955
200144194,GSE144194
200140768,GSE140768
200139179,GSE139179
200159708,GSE159708
200159699,GSE159699
200159678,GSE159678
200159672,GSE159672
200159230,GSE159230
200142556,GSE142556
200139263,GSE139263
200131929,GSE131929
200159637,GSE159637
200159631,GSE159631
200159620,GSE159620
200159612,GSE159612
200159559,GSE159559
200159548,GSE159548
200159541,GSE159541
200157610,GSE157610
200153960,GSE153960
200152661,GSE152661
200145639,GSE145639
200142417,GSE142417
200139091,GSE139091
200138636,GSE138636
200136890,GSE136890
200158395,GSE158395
200155907,GSE155907
200154377,GSE154377
200144008,GSE144008
200132831,GSE132831
200127988,GSE127988
200114873,GSE114873
200142822,GSE142822
200156943,GSE156943
200156942,GSE156942
200156941,GSE156941
200156940,GSE156940
200121447,GSE121447
200105090,GSE105090
200144484,GSE144484
200105001,GSE105001
200159495,GSE159495
200158969,GSE158969
200158485,GSE158485
200155364,GSE155364
200148910,GSE148910
200139050,GSE139050
200135371,GSE135371
200131203,GSE131203
200130067,GSE130067
200105021,GSE105021
200159482,GSE159482
200142840,GSE142840
200135441,GSE135441
200153839,GSE153839
200148377,GSE148377
200145372,GSE145372
200145068,GSE145068
200105164,GSE105164
200154644,GSE154644
200153831,GSE153831
200153198,GSE153198
200152441,GSE152441
200150806,GSE150806
200147238,GSE147238
200144319,GSE144319
200149433,GSE149433
200138752,GSE138752
200159322,GSE159322
200159319,GSE159319
200159304,GSE159304
200143862,GSE143862
200104962,GSE104962
200104788,GSE104788
200159263,GSE159263
200159225,GSE159225
200159220,GSE159220
200152999,GSE152999
200149691,GSE149691
200149690,GSE149690
200146481,GSE146481
200139647,GSE139647
200124197,GSE124197
200159191,GSE159191
200159155,GSE159155
200159151,GSE159151
200158952,GSE158952
200158672,GSE158672
200156886,GSE156886
200149156,GSE149156
200145115,GSE145115
200142827,GSE142827
200142825,GSE142825
200159140,GSE159140
200159139,GSE159139
200159138,GSE159138
200159137,GSE159137
200159121,GSE159121
200159095,GSE159095
200154556,GSE154556
200151484,GSE151484
200151341,GSE151341
200150055,GSE150055
200149346,GSE149346
200149345,GSE149345
200145042,GSE145042
200140844,GSE140844
200137823,GSE137823
200131257,GSE131257
200159062,GSE159062
200159052,GSE159052
200159049,GSE159049
200156515,GSE156515
200156221,GSE156221
200150844,GSE150844
200149279,GSE149279
200145148,GSE145148
200135122,GSE135122
200117345,GSE117345
200158975,GSE158975
200156884,GSE156884
200156881,GSE156881
200154773,GSE154773
200148918,GSE148918
200147657,GSE147657
200147334,GSE147334
200142525,GSE142525
200148632,GSE148632
200140062,GSE140062
200158949,GSE158949
200158933,GSE158933
200158925,GSE158925
200152293,GSE152293
200158885,GSE158885
200158434,GSE158434
200155310,GSE155310
200146890,GSE146890
200136181,GSE136181
200136180,GSE136180
200136179,GSE136179
200135537,GSE135537
200130128,GSE130128
200126742,GSE126742
200126741,GSE126741
200126739,GSE126739
200120730,GSE120730
200158847,GSE158847
200158374,GSE158374
200158303,GSE158303
200157012,GSE157012
200155775,GSE155775
200154998,GSE154998
200154648,GSE154648
200153443,GSE153443
200152490,GSE152490
200152395,GSE152395
200152254,GSE152254
200148589,GSE148589
200143479,GSE143479
200139262,GSE139262
200138048,GSE138048
200138045,GSE138045
200136751,GSE136751
200136217,GSE136217
200135450,GSE135450
200134344,GSE134344
200121621,GSE121621
200121119,GSE121119
200117128,GSE117128
200112202,GSE112202
200158767,GSE158767
200158754,GSE158754
200158752,GSE158752
200158743,GSE158743
200158728,GSE158728
200158712,GSE158712
200158559,GSE158559
200158462,GSE158462
200157063,GSE157063
200155685,GSE155685
200155461,GSE155461
200155443,GSE155443
200155442,GSE155442
200154988,GSE154988
200153727,GSE153727
200153646,GSE153646
200152453,GSE152453
200151113,GSE151113
200147718,GSE147718
200146918,GSE146918
200144948,GSE144948
200142987,GSE142987
200141295,GSE141295
200138618,GSE138618
200137003,GSE137003
200130172,GSE130172
200130171,GSE130171
200128417,GSE128417
200158741,GSE158741
200158740,GSE158740
200158659,GSE158659
200158640,GSE158640
200158638,GSE158638
200158632,GSE158632
200153079,GSE153079
200150918,GSE150918
200141802,GSE141802
200141493,GSE141493
200131047,GSE131047
200158617,GSE158617
200158603,GSE158603
200151576,GSE151576
200145327,GSE145327
200144610,GSE144610
200141239,GSE141239
200135765,GSE135765
200134027,GSE134027
200128477,GSE128477
200098247,GSE98247
200152819,GSE152819
200147625,GSE147625
200141350,GSE141350
200125901,GSE125901
200158601,GSE158601
200158558,GSE158558
200158518,GSE158518
200158478,GSE158478
200155727,GSE155727
200152562,GSE152562
200138030,GSE138030
200158445,GSE158445
200158403,GSE158403
200157948,GSE157948
200155337,GSE155337
200155336,GSE155336
200150613,GSE150613
200158386,GSE158386
200157852,GSE157852
200155286,GSE155286
200153744,GSE153744
200150368,GSE150368
200147498,GSE147498
200147320,GSE147320
200146184,GSE146184
200146009,GSE146009
200140714,GSE140714
200137946,GSE137946
200118842,GSE118842
200118841,GSE118841
200109167,GSE109167
200158317,GSE158317
200158294,GSE158294
200158277,GSE158277
200154905,GSE154905
200151827,GSE151827
200143808,GSE143808
200138066,GSE138066
200134876,GSE134876
200104226,GSE104226
200158248,GSE158248
200157646,GSE157646
200156754,GSE156754
200150341,GSE150341
200146676,GSE146676
200139408,GSE139408
200138177,GSE138177
200126717,GSE126717
200120391,GSE120391
200104112,GSE104112
200137309,GSE137309
200120271,GSE120271
200104140,GSE104140
200158235,GSE158235
200158221,GSE158221
200158219,GSE158219
200158218,GSE158218
200120212,GSE120212
200104016,GSE104016
200158176,GSE158176
200158144,GSE158144
200158121,GSE158121
200158119,GSE158119
200156075,GSE156075
200148263,GSE148263
200145628,GSE145628
200140747,GSE140747
200158085,GSE158085
200158065,GSE158065
200154123,GSE154123
200152615,GSE152615
200151875,GSE151875
200137687,GSE137687
200129993,GSE129993
200152497,GSE152497
200148297,GSE148297
200147743,GSE147743
200147741,GSE147741
200147739,GSE147739
200147738,GSE147738
200147626,GSE147626
200134431,GSE134431
200157912,GSE157912
200157089,GSE157089
200152460,GSE152460
200150962,GSE150962
200146438,GSE146438
200145651,GSE145651
200119979,GSE119979
200074482,GSE74482
200154133,GSE154133
200157826,GSE157826
200157802,GSE157802
200141693,GSE141693
200157791,GSE157791
200157779,GSE157779
200157768,GSE157768
200138252,GSE138252
200123661,GSE123661
200123426,GSE123426
200108807,GSE108807
200157734,GSE157734
200157717,GSE157717
200154055,GSE154055
200148436,GSE148436
200147595,GSE147595
200144843,GSE144843
200108862,GSE108862
200157661,GSE157661
200157652,GSE157652
200157622,GSE157622
200157615,GSE157615
200157609,GSE157609
200156501,GSE156501
200145461,GSE145461
200139253,GSE139253
200137203,GSE137203
200137200,GSE137200
200137172,GSE137172
200135550,GSE135550
200133361,GSE133361
200157585,GSE157585
200155489,GSE155489
200154936,GSE154936
200150683,GSE150683
200150026,GSE150026
200149446,GSE149446
200143782,GSE143782
200141236,GSE141236
200103898,GSE103898
200157573,GSE157573
200157560,GSE157560
200156178,GSE156178
200152447,GSE152447
200143930,GSE143930
200142380,GSE142380
200137450,GSE137450
200133055,GSE133055
200105439,GSE105439
200086808,GSE86808
200144476,GSE144476
200157466,GSE157466
200157442,GSE157442
200157428,GSE157428
200157390,GSE157390
200152600,GSE152600
200148892,GSE148892
200147816,GSE147816
200147815,GSE147815
200103532,GSE103532
200157383,GSE157383
200157380,GSE157380
200157369,GSE157369
200151936,GSE151936
200141585,GSE141585
200140898,GSE140898
200140729,GSE140729
200139678,GSE139678
200121634,GSE121634
200121629,GSE121629
200157275,GSE157275
200157260,GSE157260
200156387,GSE156387
200151764,GSE151764
200149632,GSE149632
200149353,GSE149353
200136666,GSE136666
200135637,GSE135637
200131903,GSE131903
200116432,GSE116432
200105130,GSE105130
200105095,GSE105095
200087200,GSE87200
200157231,GSE157231
200157217,GSE157217
200157214,GSE157214
200157194,GSE157194
200157185,GSE157185
200157178,GSE157178
200157052,GSE157052
200155923,GSE155923
200155237,GSE155237
200153657,GSE153657
200151094,GSE151094
200147236,GSE147236
200142340,GSE142340
200139078,GSE139078
200138733,GSE138733
200137569,GSE137569
200137430,GSE137430
200133308,GSE133308
200120210,GSE120210
200119424,GSE119424
200118304,GSE118304
200104442,GSE104442
200103834,GSE103834
200157148,GSE157148
200156487,GSE156487
200155431,GSE155431
200154596,GSE154596
200154580,GSE154580
200154216,GSE154216
200152434,GSE152434
200147404,GSE147404
200144075,GSE144075
200142351,GSE142351
200141218,GSE141218
200135184,GSE135184
200133998,GSE133998
200115603,GSE115603
200112661,GSE112661
200112508,GSE112508
200103192,GSE103192
200157110,GSE157110
200154786,GSE154786
200148387,GSE148387
200136078,GSE136078
200157109,GSE157109
200157103,GSE157103
200157080,GSE157080
200157069,GSE157069
200157040,GSE157040
200156963,GSE156963
200152517,GSE152517
200150439,GSE150439
200144504,GSE144504
200140308,GSE140308
200127261,GSE127261
200114648,GSE114648
200108142,GSE108142
200156904,GSE156904
200156903,GSE156903
200155176,GSE155176
200146403,GSE146403
200142075,GSE142075
200113179,GSE113179
200156871,GSE156871
200155322,GSE155322
200153722,GSE153722
200152341,GSE152341
200150805,GSE150805
200149684,GSE149684
200148100,GSE148100
200138217,GSE138217
200137170,GSE137170
200126720,GSE126720
200156779,GSE156779
200156729,GSE156729
200156306,GSE156306
200154694,GSE154694
200145348,GSE145348
200142226,GSE142226
200141941,GSE141941
200136046,GSE136046
200132722,GSE132722
200117221,GSE117221
200115103,GSE115103
200156708,GSE156708
200151453,GSE151453
200148349,GSE148349
200148059,GSE148059
200147980,GSE147980
200143966,GSE143966
200143953,GSE143953
200141099,GSE141099
200138746,GSE138746
200133928,GSE133928
200133495,GSE133495
200156674,GSE156674
200156671,GSE156671
200130368,GSE130368
200156651,GSE156651
200156645,GSE156645
200156624,GSE156624
200156617,GSE156617
200156612,GSE156612
200156607,GSE156607
200156648,GSE156648
200156591,GSE156591
200156543,GSE156543
200146953,GSE146953
200137535,GSE137535
200129036,GSE129036
200103424,GSE103424
200156454,GSE156454
200155983,GSE155983
200153787,GSE153787
200153786,GSE153786
200153346,GSE153346
200145212,GSE145212
200144710,GSE144710
200143145,GSE143145
200136129,GSE136129
200131874,GSE131874
200128385,GSE128385
200154253,GSE154253
200142749,GSE142749
200141886,GSE141886
200141503,GSE141503
200140433,GSE140433
200136000,GSE136000
200130140,GSE130140
200113882,GSE113882
200156205,GSE156205
200153432,GSE153432
200153398,GSE153398
200117293,GSE117293
200117291,GSE117291
200117290,GSE117290
200116778,GSE116778
200113685,GSE113685
200111920,GSE111920
200156008,GSE156008
200155457,GSE155457
200151286,GSE151286
200144745,GSE144745
200140535,GSE140535
200153659,GSE153659
200140437,GSE140437
200156255,GSE156255
200148458,GSE148458
200156226,GSE156226
200156219,GSE156219
200156211,GSE156211
200156209,GSE156209
200156208,GSE156208
200156207,GSE156207
200156195,GSE156195
200137850,GSE137850
200132857,GSE132857
200118551,GSE118551
200156152,GSE156152
200156109,GSE156109
200156089,GSE156089
200154280,GSE154280
200153368,GSE153368
200142636,GSE142636
200140782,GSE140782
200132707,GSE132707
200156067,GSE156067
200156065,GSE156065
200156060,GSE156060
200154274,GSE154274
200152438,GSE152438
200142680,GSE142680
200132689,GSE132689
200155987,GSE155987
200155970,GSE155970
200155955,GSE155955
200154112,GSE154112
200150005,GSE150005
200149510,GSE149510
200145833,GSE145833
200125217,GSE125217
200119261,GSE119261
200111930,GSE111930
200110523,GSE110523
200080292,GSE80292
200150466,GSE150466
200148137,GSE148137
200138077,GSE138077
200135192,GSE135192
200129288,GSE129288
200102512,GSE102512
200102485,GSE102485
200155918,GSE155918
200136849,GSE136849
200155879,GSE155879
200155865,GSE155865
200155860,GSE155860
200155843,GSE155843
200155813,GSE155813
200155812,GSE155812
200155782,GSE155782
200151648,GSE151648
200145996,GSE145996
200142897,GSE142897
200142895,GSE142895
200141708,GSE141708
200140912,GSE140912
200140365,GSE140365
200102312,GSE102312
200155766,GSE155766
200150880,GSE150880
200155715,GSE155715
200155713,GSE155713
200155700,GSE155700
200151063,GSE151063
200149369,GSE149369
200148970,GSE148970
200147983,GSE147983
200145237,GSE145237
200144991,GSE144991
200144990,GSE144990
200144989,GSE144989
200144474,GSE144474
200135390,GSE135390
200124715,GSE124715
200110497,GSE110497
200110267,GSE110267
200155605,GSE155605
200155588,GSE155588
200155584,GSE155584
200155572,GSE155572
200155564,GSE155564
200155563,GSE155563
200155560,GSE155560
200153263,GSE153263
200149008,GSE149008
200144269,GSE144269
200142186,GSE142186
200139054,GSE139054
200137592,GSE137592
200137038,GSE137038
200102272,GSE102272
200153783,GSE153783
200151090,GSE151090
200150722,GSE150722
200148801,GSE148801
200144682,GSE144682
200143482,GSE143482
200140767,GSE140767
200136540,GSE136540
200149565,GSE149565
200135311,GSE135311
200135285,GSE135285
200155482,GSE155482
200154546,GSE154546
200147227,GSE147227
200146402,GSE146402
200145017,GSE145017
200143735,GSE143735
200142826,GSE142826
200140545,GSE140545
200135870,GSE135870
200135510,GSE135510
200134319,GSE134319
200133112,GSE133112
200127072,GSE127072
200103111,GSE103111
200102469,GSE102469
200060328,GSE60328
200155437,GSE155437
200153692,GSE153692
200152418,GSE152418
200151417,GSE151417
200149205,GSE149205
200148689,GSE148689
200145096,GSE145096
200145073,GSE145073
200134637,GSE134637
200134591,GSE134591
200144552,GSE144552
200143373,GSE143373
200143371,GSE143371
200142833,GSE142833
200141735,GSE141735
200137756,GSE137756
200135128,GSE135128
200153034,GSE153034
200152270,GSE152270
200151080,GSE151080
200151079,GSE151079
200151077,GSE151077
200148985,GSE148985
200143422,GSE143422
200138781,GSE138781
200137454,GSE137454
200137453,GSE137453
200114771,GSE114771
200155201,GSE155201
200155031,GSE155031
200152811,GSE152811
200151588,GSE151588
200149054,GSE149054
200142430,GSE142430
200155130,GSE155130
200153437,GSE153437
200152430,GSE152430
200146225,GSE146225
200143630,GSE143630
200142482,GSE142482
200140732,GSE140732
200140131,GSE140131
200137255,GSE137255
200137017,GSE137017
200133755,GSE133755
200133659,GSE133659
200133516,GSE133516
200130614,GSE130614
200130005,GSE130005
200123933,GSE123933
200109163,GSE109163
200153764,GSE153764
200144777,GSE144777
200143499,GSE143499
200155106,GSE155106
200155093,GSE155093
200155027,GSE155027
200154583,GSE154583
200147111,GSE147111
200154996,GSE154996
200151200,GSE151200
200147832,GSE147832
200143741,GSE143741
200154944,GSE154944
200154927,GSE154927
200154878,GSE154878
200135826,GSE135826
200134743,GSE134743
200134493,GSE134493
200154862,GSE154862
200154861,GSE154861
200154829,GSE154829
200154822,GSE154822
200154211,GSE154211
200143451,GSE143451
200140990,GSE140990
200138741,GSE138741
200135514,GSE135514
200126463,GSE126463
200154730,GSE154730
200154703,GSE154703
200154030,GSE154030
200153970,GSE153970
200151170,GSE151170
200145358,GSE145358
200131019,GSE131019
200125535,GSE125535
200125534,GSE125534
200113730,GSE113730
200101739,GSE101739
200149327,GSE149327
200148714,GSE148714
200148684,GSE148684
200145257,GSE145257
200144767,GSE144767
200136200,GSE136200
200134631,GSE134631
200154646,GSE154646
200125757,GSE125757
200125756,GSE125756
200154613,GSE154613
200154575,GSE154575
200141911,GSE141911
200126003,GSE126003
200125621,GSE125621
200123958,GSE123958
200123957,GSE123957
200101514,GSE101514
200154482,GSE154482
200154481,GSE154481
200154460,GSE154460
200154450,GSE154450
200154449,GSE154449
200152114,GSE152114
200150857,GSE150857
200147538,GSE147538
200144848,GSE144848
200143300,GSE143300
200114192,GSE114192
200106718,GSE106718
200154438,GSE154438
200154384,GSE154384
200154374,GSE154374
200154029,GSE154029
200152699,GSE152699
200149768,GSE149768
200146063,GSE146063
200145774,GSE145774
200144274,GSE144274
200137800,GSE137800
200132694,GSE132694
200120622,GSE120622
200100114,GSE100114
200074198,GSE74198
200154365,GSE154365
200154363,GSE154363
200154360,GSE154360
200154317,GSE154317
200150524,GSE150524
200150523,GSE150523
200148930,GSE148930
200144307,GSE144307
200144164,GSE144164
200154261,GSE154261
200152004,GSE152004
200147823,GSE147823
200145734,GSE145734
200141709,GSE141709
200135448,GSE135448
200125942,GSE125942
200154254,GSE154254
200143189,GSE143189
200101386,GSE101386
200154199,GSE154199
200154164,GSE154164
200154163,GSE154163
200140476,GSE140476
200128140,GSE128140
200101241,GSE101241
200154122,GSE154122
200154121,GSE154121
200154094,GSE154094
200154058,GSE154058
200153261,GSE153261
200143702,GSE143702
200140343,GSE140343
200138604,GSE138604
200138603,GSE138603
200134232,GSE134232
200134097,GSE134097
200129843,GSE129843
200129251,GSE129251
200127855,GSE127855
200146147,GSE146147
200136673,GSE136673
200132678,GSE132678
200153982,GSE153982
200153978,GSE153978
200153966,GSE153966
200152327,GSE152327
200151155,GSE151155
200149032,GSE149032
200148300,GSE148300
200146884,GSE146884
200140385,GSE140385
200140322,GSE140322
200135256,GSE135256
200135114,GSE135114
200135113,GSE135113
200153873,GSE153873
200153852,GSE153852
200153830,GSE153830
200150852,GSE150852
200150469,GSE150469
200149496,GSE149496
200144232,GSE144232
200143725,GSE143725
200142322,GSE142322
200142321,GSE142321
200142206,GSE142206
200138659,GSE138659
200138512,GSE138512
200131758,GSE131758
200126698,GSE126698
200153806,GSE153806
200153772,GSE153772
200153076,GSE153076
200151392,GSE151392
200149947,GSE149947
200145988,GSE145988
200142268,GSE142268
200137426,GSE137426
200137425,GSE137425
200153792,GSE153792
200152483,GSE152483
200151926,GSE151926
200153746,GSE153746
200153742,GSE153742
200153718,GSE153718
200138167,GSE138167
200135295,GSE135295
200127001,GSE127001
200065867,GSE65867
200153669,GSE153669
200153652,GSE153652
200153606,GSE153606
200153434,GSE153434
200147091,GSE147091
200146760,GSE146760
200142017,GSE142017
200139101,GSE139101
200137411,GSE137411
200133296,GSE133296
200132548,GSE132548
200153597,GSE153597
200153555,GSE153555
200153554,GSE153554
200152129,GSE152129
200151585,GSE151585
200150426,GSE150426
200148740,GSE148740
200148739,GSE148739
200146904,GSE146904
200144759,GSE144759
200140184,GSE140184
200140071,GSE140071
200138496,GSE138496
200134864,GSE134864
200130350,GSE130350
200130349,GSE130349
200130323,GSE130323
200120380,GSE120380
200117521,GSE117521
200101201,GSE101201
200071069,GSE71069
200153523,GSE153523
200153521,GSE153521
200153509,GSE153509
200153492,GSE153492
200153453,GSE153453
200151279,GSE151279
200150851,GSE150851
200150165,GSE150165
200146788,GSE146788
200145210,GSE145210
200144794,GSE144794
200144119,GSE144119
200143301,GSE143301
200142831,GSE142831
200138866,GSE138866
200134937,GSE134937
200134594,GSE134594
200134214,GSE134214
200133009,GSE133009
200132370,GSE132370
200132369,GSE132369
200129268,GSE129268
200125990,GSE125990
200124217,GSE124217
200106920,GSE106920
200149664,GSE149664
200148050,GSE148050
200147655,GSE147655
200146247,GSE146247
200146024,GSE146024
200145033,GSE145033
200141456,GSE141456
200140813,GSE140813
200153396,GSE153396
200150596,GSE150596
200116469,GSE116469
200153388,GSE153388
200153332,GSE153332
200153303,GSE153303
200141806,GSE141806
200133702,GSE133702
200131473,GSE131473
200153301,GSE153301
200153292,GSE153292
200153291,GSE153291
200153287,GSE153287
200153245,GSE153245
200151029,GSE151029
200150924,GSE150924
200148372,GSE148372
200147704,GSE147704
200133101,GSE133101
200115407,GSE115407
200153183,GSE153183
200153181,GSE153181
200144381,GSE144381
200139391,GSE139391
200133557,GSE133557
200133309,GSE133309
200131575,GSE131575
200153023,GSE153023
200149864,GSE149864
200145028,GSE145028
200135287,GSE135287
200133802,GSE133802
200152978,GSE152978
200138197,GSE138197
200130650,GSE130650
200124523,GSE124523
200123020,GSE123020
200152904,GSE152904
200150069,GSE150069
200149435,GSE149435
200143944,GSE143944
200141839,GSE141839
200133534,GSE133534
200113857,GSE113857
200152908,GSE152908
200137556,GSE137556
200132913,GSE132913
200152855,GSE152855
200152836,GSE152836
200151924,GSE151924
200108172,GSE108172
200152788,GSE152788
200152782,GSE152782
200152767,GSE152767
200152749,GSE152749
200150392,GSE150392
200149091,GSE149091
200142481,GSE142481
200139329,GSE139329
200123483,GSE123483
200111230,GSE111230
200100260,GSE100260
200152714,GSE152714
200152667,GSE152667
200151937,GSE151937
200151475,GSE151475
200150411,GSE150411
200140306,GSE140306
200134011,GSE134011
200133156,GSE133156
200085353,GSE85353
200152703,GSE152703
200152589,GSE152589
200152571,GSE152571
200150421,GSE150421
200146806,GSE146806
200146805,GSE146805
200146804,GSE146804
200146803,GSE146803
200146802,GSE146802
200146547,GSE146547
200146546,GSE146546
200145964,GSE145964
200139833,GSE139833
200138209,GSE138209
200138089,GSE138089
200136813,GSE136813
200133632,GSE133632
200131400,GSE131400
200127165,GSE127165
200152537,GSE152537
200152461,GSE152461
200152446,GSE152446
200152102,GSE152102
200152101,GSE152101
200137646,GSE137646
200152436,GSE152436
200152435,GSE152435
200151039,GSE151039
200149890,GSE149890
200149004,GSE149004
200148560,GSE148560
200144353,GSE144353
200144332,GSE144332
200143803,GSE143803
200141535,GSE141535
200133177,GSE133177
200100094,GSE100094
200152421,GSE152421
200138984,GSE138984
200132813,GSE132813
200152345,GSE152345
200152331,GSE152331
200135118,GSE135118
200100013,GSE100013
200099986,GSE99986
200152309,GSE152309
200152265,GSE152265
200152262,GSE152262
200152255,GSE152255
200151803,GSE151803
200142357,GSE142357
200135965,GSE135965
200134194,GSE134194
200132584,GSE132584
200128287,GSE128287
200117511,GSE117511
200152201,GSE152201
200152179,GSE152179
200152167,GSE152167
200148234,GSE148234
200141137,GSE141137
200132506,GSE132506
200152147,GSE152147
200148768,GSE148768
200125119,GSE125119
200117773,GSE117773
200152108,GSE152108
200150201,GSE150201
200148546,GSE148546
200148544,GSE148544
200147654,GSE147654
200146360,GSE146360
200151976,GSE151976
200151964,GSE151964
200151912,GSE151912
200150354,GSE150354
200147851,GSE147851
200143448,GSE143448
200141678,GSE141678
200140350,GSE140350
200137579,GSE137579
200106661,GSE106661
200148158,GSE148158
200138170,GSE138170
200134510,GSE134510
200151854,GSE151854
200143195,GSE143195
200132288,GSE132288
200132287,GSE132287
200119760,GSE119760
200101548,GSE101548
200151840,GSE151840
200151821,GSE151821
200151820,GSE151820
200151796,GSE151796
200135086,GSE135086
200135085,GSE135085
200151765,GSE151765
200151759,GSE151759
200151745,GSE151745
200151744,GSE151744
200151741,GSE151741
200139603,GSE139603
200132363,GSE132363
200112735,GSE112735
200112734,GSE112734
200110564,GSE110564
200099719,GSE99719
200151675,GSE151675
200151666,GSE151666
200151660,GSE151660
200151631,GSE151631
200151610,GSE151610
200151435,GSE151435
200148451,GSE148451
200143471,GSE143471
200142871,GSE142871
200139498,GSE139498
200138712,GSE138712
200134641,GSE134641
200151550,GSE151550
200139377,GSE139377
200134380,GSE134380
200151521,GSE151521
200151519,GSE151519
200151512,GSE151512
200150540,GSE150540
200149624,GSE149624
200149485,GSE149485
200149294,GSE149294
200149184,GSE149184
200147976,GSE147976
200147669,GSE147669
200147556,GSE147556
200147250,GSE147250
200146053,GSE146053
200144761,GSE144761
200143717,GSE143717
200142381,GSE142381
200142000,GSE142000
200141698,GSE141698
200141028,GSE141028
200140792,GSE140792
200139621,GSE139621
200139620,GSE139620
200139619,GSE139619
200139618,GSE139618
200139617,GSE139617
200139616,GSE139616
200139614,GSE139614
200139613,GSE139613
200138938,GSE138938
200138860,GSE138860
200138169,GSE138169
200136303,GSE136303
200135223,GSE135223
200134298,GSE134298
200131596,GSE131596
200131507,GSE131507
200131074,GSE131074
200124514,GSE124514
200123658,GSE123658
200115487,GSE115487
200115221,GSE115221
200114453,GSE114453
200101432,GSE101432
200100610,GSE100610
200099707,GSE99707
200095302,GSE95302
200149533,GSE149533
200149448,GSE149448
200147971,GSE147971
200147403,GSE147403
200133394,GSE133394
200131948,GSE131948
200128135,GSE128135
200151491,GSE151491
200151452,GSE151452
200145641,GSE145641
200151412,GSE151412
200151352,GSE151352
200151347,GSE151347
200144809,GSE144809
200122257,GSE122257
200151336,GSE151336
200151317,GSE151317
200151251,GSE151251
200151250,GSE151250
200145106,GSE145106
200140462,GSE140462
200137878,GSE137878
200135030,GSE135030
200134059,GSE134059
200132764,GSE132764
200131877,GSE131877
200101353,GSE101353
200151219,GSE151219
200151207,GSE151207
200151190,GSE151190
200151165,GSE151165
200149005,GSE149005
200147560,GSE147560
200146849,GSE146849
200146688,GSE146688
200128574,GSE128574
200128520,GSE128520
200103182,GSE103182
200151127,GSE151127
200150819,GSE150819
200147737,GSE147737
200145898,GSE145898
200144968,GSE144968
200144963,GSE144963
200144959,GSE144959
200143649,GSE143649
200141385,GSE141385
200139407,GSE139407
200139406,GSE139406
200139327,GSE139327
200134763,GSE134763
200133927,GSE133927
200116464,GSE116464
200099374,GSE99374
200148500,GSE148500
200147917,GSE147917
200146503,GSE146503
200145811,GSE145811
200144108,GSE144108
200143549,GSE143549
200141027,GSE141027
200139151,GSE139151
200127979,GSE127979
200131422,GSE131422
200117248,GSE117248
200111366,GSE111366
200151086,GSE151086
200151073,GSE151073
200151069,GSE151069
200151059,GSE151059
200147152,GSE147152
200131664,GSE131664
200127938,GSE127938
200150996,GSE150996
200150936,GSE150936
200150849,GSE150849
200150582,GSE150582
200148715,GSE148715
200145835,GSE145835
200136151,GSE136151
200125872,GSE125872
200150946,GSE150946
200150945,GSE150945
200150942,GSE150942
200148292,GSE148292
200140116,GSE140116
200134818,GSE134818
200133841,GSE133841
200133676,GSE133676
200129310,GSE129310
200150873,GSE150873
200150625,GSE150625
200150049,GSE150049
200140089,GSE140089
200132291,GSE132291
200131475,GSE131475
200150809,GSE150809
200150761,GSE150761
200146604,GSE146604
200145284,GSE145284
200143860,GSE143860
200143859,GSE143859
200143858,GSE143858
200140455,GSE140455
200139144,GSE139144
200137631,GSE137631
200136421,GSE136421
200134803,GSE134803
200134769,GSE134769
200132062,GSE132062
200131739,GSE131739
200125126,GSE125126
200122903,GSE122903
200143501,GSE143501
200140421,GSE140421
200136243,GSE136243
200128458,GSE128458
200128452,GSE128452
200125554,GSE125554
200125020,GSE125020
200150319,GSE150319
200150306,GSE150306
200150653,GSE150653
200150630,GSE150630
200150586,GSE150586
200150621,GSE150621
200150619,GSE150619
200150616,GSE150616
200150591,GSE150591
200150557,GSE150557
200149694,GSE149694
200149200,GSE149200
200148284,GSE148284
200138759,GSE138759
200137186,GSE137186
200131380,GSE131380
200098950,GSE98950
200098930,GSE98930
200098900,GSE98900
200150477,GSE150477
200150474,GSE150474
200150460,GSE150460
200147368,GSE147368
200140274,GSE140274
200131276,GSE131276
200150429,GSE150429
200150393,GSE150393
200150372,GSE150372
200150364,GSE150364
200150363,GSE150363
200148310,GSE148310
200147784,GSE147784
200146096,GSE146096
200146095,GSE146095
200145527,GSE145527
200139671,GSE139671
200139243,GSE139243
200136868,GSE136868
200135482,GSE135482
200133317,GSE133317
200132932,GSE132932
200132931,GSE132931
200132790,GSE132790
200132195,GSE132195
200129964,GSE129964
200087452,GSE87452
200150316,GSE150316
200150301,GSE150301
200150300,GSE150300
200150245,GSE150245
200142475,GSE142475
200133518,GSE133518
200130100,GSE130100
200130099,GSE130099
200123752,GSE123752
200143681,GSE143681
200143519,GSE143519
200139463,GSE139463
200139462,GSE139462
200139461,GSE139461
200138082,GSE138082
200099081,GSE99081
200146532,GSE146532
200150155,GSE150155
200150143,GSE150143
200150142,GSE150142
200150134,GSE150134
200150119,GSE150119
200147076,GSE147076
200141605,GSE141605
200112557,GSE112557
200150137,GSE150137
200150019,GSE150019
200149973,GSE149973
200130876,GSE130876
200125285,GSE125285
200150003,GSE150003
200149948,GSE149948
200148550,GSE148550
200147347,GSE147347
200147346,GSE147346
200147229,GSE147229
200143406,GSE143406
200114154,GSE114154
200114153,GSE114153
200149638,GSE149638
200143662,GSE143662
200142024,GSE142024
200140529,GSE140529
200131917,GSE131917
200131916,GSE131916
200130768,GSE130768
200129356,GSE129356
200127890,GSE127890
200122308,GSE122308
200100026,GSE100026
200057161,GSE57161
200149808,GSE149808
200145722,GSE145722
200145529,GSE145529
200144800,GSE144800
200144278,GSE144278
200140993,GSE140993
200140738,GSE140738
200133393,GSE133393
200149775,GSE149775
200147659,GSE147659
200147340,GSE147340
200139076,GSE139076
200137561,GSE137561
200136609,GSE136609
200136597,GSE136597
200136596,GSE136596
200127188,GSE127188
200125377,GSE125377
200122246,GSE122246
200149733,GSE149733
200149724,GSE149724
200149723,GSE149723
200149714,GSE149714
200145710,GSE145710
200139548,GSE139548
200137278,GSE137278
200149631,GSE149631
200149623,GSE149623
200149374,GSE149374
200149076,GSE149076
200148444,GSE148444
200145429,GSE145429
200145428,GSE145428
200145329,GSE145329
200145180,GSE145180
200144052,GSE144052
200142560,GSE142560
200142205,GSE142205
200142023,GSE142023
200138346,GSE138346
200138344,GSE138344
200136064,GSE136064
200132339,GSE132339
200132332,GSE132332
200131039,GSE131039
200125426,GSE125426
200116391,GSE116391
200068623,GSE68623
200149611,GSE149611
200149609,GSE149609
200149602,GSE149602
200149598,GSE149598
200149581,GSE149581
200149566,GSE149566
200149551,GSE149551
200147770,GSE147770
200147129,GSE147129
200145160,GSE145160
200142100,GSE142100
200139028,GSE139028
200131338,GSE131338
200129757,GSE129757
200128320,GSE128320
200122632,GSE122632
200119978,GSE119978
200117976,GSE117976
200149520,GSE149520
200146769,GSE146769
200144373,GSE144373
200143731,GSE143731
200143627,GSE143627
200141376,GSE141376
200141375,GSE141375
200141373,GSE141373
200141372,GSE141372
200141370,GSE141370
200141368,GSE141368
200141366,GSE141366
200141364,GSE141364
200129412,GSE129412
200128194,GSE128194
200127212,GSE127212
200113546,GSE113546
200149428,GSE149428
200147054,GSE147054
200146372,GSE146372
200144747,GSE144747
200130657,GSE130657
200123753,GSE123753
200118051,GSE118051
200149370,GSE149370
200149359,GSE149359
200149132,GSE149132
200142073,GSE142073
200140482,GSE140482
200139339,GSE139339
200136002,GSE136002
200135384,GSE135384
200132401,GSE132401
200129127,GSE129127
200127502,GSE127502
200121022,GSE121022
200149292,GSE149292
200149276,GSE149276
200149274,GSE149274
200149273,GSE149273
200149141,GSE149141
200113682,GSE113682
200149262,GSE149262
200149251,GSE149251
200149172,GSE149172
200148849,GSE148849
200134376,GSE134376
200131502,GSE131502
200149161,GSE149161
200149158,GSE149158
200149154,GSE149154
200149113,GSE149113
200149084,GSE149084
200148800,GSE148800
200139233,GSE139233
200130241,GSE130241
200130234,GSE130234
200128555,GSE128555
200128547,GSE128547
200128541,GSE128541
200118537,GSE118537
200149011,GSE149011
200147986,GSE147986
200146701,GSE146701
200146207,GSE146207
200144043,GSE144043
200143995,GSE143995
200143950,GSE143950
200134879,GSE134879
200132889,GSE132889
200129979,GSE129979
200128143,GSE128143
200122409,GSE122409
200148991,GSE148991
200148986,GSE148986
200148937,GSE148937
200144986,GSE144986
200136231,GSE136231
200135012,GSE135012
200131732,GSE131732
200131378,GSE131378
200131316,GSE131316
200126958,GSE126958
200103401,GSE103401
200102288,GSE102288
200148817,GSE148817
200148816,GSE148816
200148241,GSE148241
200147427,GSE147427
200147419,GSE147419
200141136,GSE141136
200140652,GSE140652
200140651,GSE140651
200138567,GSE138567
200137448,GSE137448
200135452,GSE135452
200134737,GSE134737
200130974,GSE130974
200130455,GSE130455
200129237,GSE129237
200128529,GSE128529
200148896,GSE148896
200127936,GSE127936
200127935,GSE127935
200148844,GSE148844
200148827,GSE148827
200148823,GSE148823
200130038,GSE130038
200148803,GSE148803
200148802,GSE148802
200148767,GSE148767
200148756,GSE148756
200143583,GSE143583
200141711,GSE141711
200139567,GSE139567
200139497,GSE139497
200139326,GSE139326
200137510,GSE137510
200137225,GSE137225
200136711,GSE136711
200148731,GSE148731
200146549,GSE146549
200127180,GSE127180
200107184,GSE107184
200148685,GSE148685
200148669,GSE148669
200148662,GSE148662
200148659,GSE148659
200148216,GSE148216
200148058,GSE148058
200142682,GSE142682
200137344,GSE137344
200136654,GSE136654
200133218,GSE133218
200131201,GSE131201
200130853,GSE130853
200148551,GSE148551
200146252,GSE146252
200143319,GSE143319
200139274,GSE139274
200137480,GSE137480
200133758,GSE133758
200130309,GSE130309
200125701,GSE125701
200115031,GSE115031
200114517,GSE114517
200113871,GSE113871
200106231,GSE106231
200148572,GSE148572
200148535,GSE148535
200148534,GSE148534
200148529,GSE148529
200148517,GSE148517
200147093,GSE147093
200145807,GSE145807
200134428,GSE134428
200134029,GSE134029
200130152,GSE130152
200130012,GSE130012
200129654,GSE129654
200128969,GSE128969
200128288,GSE128288
200126894,GSE126894
200126495,GSE126495
200123660,GSE123660
200122702,GSE122702
200146946,GSE146946
200124374,GSE124374
200148483,GSE148483
200148476,GSE148476
200136204,GSE136204
200113091,GSE113091
200148397,GSE148397
200148389,GSE148389
200148378,GSE148378
200148347,GSE148347
200144770,GSE144770
200141100,GSE141100
200140122,GSE140122
200137104,GSE137104
200134503,GSE134503
200131705,GSE131705
200131236,GSE131236
200129793,GSE129793
200128914,GSE128914
200127559,GSE127559
200124676,GSE124676
200124164,GSE124164
200115552,GSE115552
200113472,GSE113472
200076344,GSE76344
200148344,GSE148344
200148342,GSE148342
200147570,GSE147570
200128880,GSE128880
200119234,GSE119234
200148276,GSE148276
200145018,GSE145018
200148267,GSE148267
200148200,GSE148200
200148180,GSE148180
200148169,GSE148169
200148131,GSE148131
200148112,GSE148112
200146797,GSE146797
200142667,GSE142667
200138622,GSE138622
200138620,GSE138620
200137067,GSE137067
200136634,GSE136634
200135098,GSE135098
200131581,GSE131581
200129643,GSE129643
200128323,GSE128323
200145872,GSE145872
200141482,GSE141482
200140490,GSE140490
200137351,GSE137351
200135730,GSE135730
200135320,GSE135320
200133751,GSE133751
200133634,GSE133634
200132418,GSE132418
200129985,GSE129985
200121168,GSE121168
200148069,GSE148069
200132055,GSE132055
200130356,GSE130356
200129295,GSE129295
200108588,GSE108588
200143233,GSE143233
200140992,GSE140992
200138783,GSE138783
200125994,GSE125994
200065423,GSE65423
200147905,GSE147905
200147901,GSE147901
200138677,GSE138677
200138283,GSE138283
200138239,GSE138239
200137564,GSE137564
200097348,GSE97348
200147850,GSE147850
200143691,GSE143691
200142631,GSE142631
200142630,GSE142630
200142385,GSE142385
200141446,GSE141446
200141221,GSE141221
200140758,GSE140758
200136638,GSE136638
200135861,GSE135861
200134497,GSE134497
200133164,GSE133164
200132705,GSE132705
200130620,GSE130620
200129754,GSE129754
200129701,GSE129701
200126960,GSE126960
200124378,GSE124378
200097412,GSE97412
200078025,GSE78025
200147769,GSE147769
200147735,GSE147735
200147727,GSE147727
200145783,GSE145783
200143896,GSE143896
200140471,GSE140471
200138668,GSE138668
200128661,GSE128661
200128406,GSE128406
200128121,GSE128121
200127274,GSE127274
200117968,GSE117968
200112297,GSE112297
200111537,GSE111537
200146070,GSE146070
200134979,GSE134979
200129542,GSE129542
200122941,GSE122941
200113001,GSE113001
200112989,GSE112989
200111928,GSE111928
200095024,GSE95024
200135988,GSE135988
200147636,GSE147636
200147620,GSE147620
200129033,GSE129033
200120919,GSE120919
200147608,GSE147608
200137513,GSE137513
200130306,GSE130306
200147544,GSE147544
200147527,GSE147527
200147493,GSE147493
200147432,GSE147432
200139896,GSE139896
200136371,GSE136371
200136326,GSE136326
200133086,GSE133086
200128910,GSE128910
200126917,GSE126917
200126101,GSE126101
200147507,GSE147507
200147470,GSE147470
200147456,GSE147456
200147447,GSE147447
200145415,GSE145415
200144208,GSE144208
200140961,GSE140961
200135023,GSE135023
200123441,GSE123441
200117489,GSE117489
200113254,GSE113254
200147413,GSE147413
200135407,GSE135407
200135403,GSE135403
200133499,GSE133499
200102670,GSE102670
200147339,GSE147339
200145081,GSE145081
200137619,GSE137619
200134920,GSE134920
200133857,GSE133857
200133039,GSE133039
200114117,GSE114117
200147333,GSE147333
200145204,GSE145204
200145203,GSE145203
200138574,GSE138574
200128748,GSE128748
200101954,GSE101954
200147315,GSE147315
200133898,GSE133898
200132762,GSE132762
200096885,GSE96885
200147223,GSE147223
200135328,GSE135328
200135280,GSE135280
200133128,GSE133128
200130049,GSE130049
200147194,GSE147194
200143797,GSE143797
200135824,GSE135824
200134422,GSE134422
200132781,GSE132781
200114588,GSE114588
200147137,GSE147137
200141227,GSE141227
200132714,GSE132714
200128471,GSE128471
200124255,GSE124255
200113255,GSE113255
200147027,GSE147027
200147026,GSE147026
200145618,GSE145618
200128550,GSE128550
200127861,GSE127861
200120860,GSE120860
200120659,GSE120659
200120611,GSE120611
200147043,GSE147043
200146774,GSE146774
200137325,GSE137325
200135964,GSE135964
200135623,GSE135623
200134644,GSE134644
200130576,GSE130576
200130575,GSE130575
200130572,GSE130572
200127904,GSE127904
200122736,GSE122736
200101409,GSE101409
200146982,GSE146982
200130969,GSE130969
200137374,GSE137374
200146899,GSE146899
200146889,GSE146889
200146867,GSE146867
200146853,GSE146853
200146851,GSE146851
200146387,GSE146387
200135773,GSE135773
200146850,GSE146850
200130053,GSE130053
200129748,GSE129748
200128232,GSE128232
200126262,GSE126262
200114502,GSE114502
200146770,GSE146770
200145803,GSE145803
200144435,GSE144435
200133029,GSE133029
200132896,GSE132896
200146687,GSE146687
200146632,GSE146632
200145421,GSE145421
200145097,GSE145097
200121103,GSE121103
200146600,GSE146600
200144786,GSE144786
200144464,GSE144464
200141766,GSE141766
200139505,GSE139505
200135640,GSE135640
200106548,GSE106548
200146536,GSE146536
200146496,GSE146496
200146495,GSE146495
200136957,GSE136957
200146482,GSE146482
200146479,GSE146479
200146447,GSE146447
200146423,GSE146423
200139441,GSE139441
200139010,GSE139010
200138031,GSE138031
200127916,GSE127916
200117911,GSE117911
200146358,GSE146358
200146353,GSE146353
200142131,GSE142131
200142130,GSE142130
200138691,GSE138691
200134147,GSE134147
200132228,GSE132228
200129883,GSE129883
200126693,GSE126693
200118761,GSE118761
200146309,GSE146309
200146307,GSE146307
200146280,GSE146280
200146279,GSE146279
200139962,GSE139962
200129982,GSE129982
200128515,GSE128515
200118383,GSE118383
200114052,GSE114052
200146231,GSE146231
200146197,GSE146197
200146169,GSE146169
200144601,GSE144601
200141143,GSE141143
200138225,GSE138225
200137311,GSE137311
200134423,GSE134423
200128255,GSE128255
200127750,GSE127750
200145316,GSE145316
200142612,GSE142612
200140926,GSE140926
200130161,GSE130161
200125962,GSE125962
200104840,GSE104840
200145382,GSE145382
200144561,GSE144561
200144559,GSE144559
200144290,GSE144290
200143170,GSE143170
200142561,GSE142561
200140947,GSE140947
200137584,GSE137584
200136896,GSE136896
200134403,GSE134403
200133247,GSE133247
200133091,GSE133091
200128717,GSE128717
200128497,GSE128497
200112060,GSE112060
200112059,GSE112059
200110139,GSE110139
200097197,GSE97197
200146121,GSE146121
200145085,GSE145085
200144078,GSE144078
200142505,GSE142505
200146075,GSE146075
200146023,GSE146023
200146018,GSE146018
200139913,GSE139913
200137834,GSE137834
200127352,GSE127352
200126712,GSE126712
200125864,GSE125864
200145990,GSE145990
200145949,GSE145949
200136272,GSE136272
200131576,GSE131576
200131574,GSE131574
200131571,GSE131571
200126409,GSE126409
200145308,GSE145308
200142695,GSE142695
200142441,GSE142441
200138286,GSE138286
200134960,GSE134960
200131881,GSE131881
200129026,GSE129026
200129010,GSE129010
200129009,GSE129009
200128802,GSE128802
200127186,GSE127186
200145662,GSE145662
200145129,GSE145129
200141569,GSE141569
200140261,GSE140261
200123462,GSE123462
200112104,GSE112104
200145804,GSE145804
200145675,GSE145675
200145371,GSE145371
200137543,GSE137543
200137531,GSE137531
200137410,GSE137410
200137297,GSE137297
200136876,GSE136876
200136040,GSE136040
200133284,GSE133284
200131631,GSE131631
200107998,GSE107998
200127853,GSE127853
200118998,GSE118998
200145728,GSE145728
200145692,GSE145692
200145671,GSE145671
200128253,GSE128253
200126964,GSE126964
200101088,GSE101088
200145656,GSE145656
200145647,GSE145647
200145635,GSE145635
200145632,GSE145632
200144781,GSE144781
200110947,GSE110947
200145271,GSE145271
200144004,GSE144004
200139116,GSE139116
200128683,GSE128683
200126798,GSE126798
200119369,GSE119369
200117924,GSE117924
200117923,GSE117923
200117922,GSE117922
200117921,GSE117921
200095078,GSE95078
200145486,GSE145486
200145485,GSE145485
200145469,GSE145469
200145453,GSE145453
200145450,GSE145450
200145449,GSE145449
200145447,GSE145447
200143496,GSE143496
200134442,GSE134442
200145412,GSE145412
200145406,GSE145406
200145405,GSE145405
200145389,GSE145389
200145383,GSE145383
200143699,GSE143699
200142670,GSE142670
200136009,GSE136009
200135799,GSE135799
200134916,GSE134916
200132519,GSE132519
200126311,GSE126311
200124510,GSE124510
200130817,GSE130817
200129018,GSE129018
200124861,GSE124861
200124857,GSE124857
200115284,GSE115284
200113045,GSE113045
200110872,GSE110872
200145345,GSE145345
200145313,GSE145313
200145303,GSE145303
200144725,GSE144725
200143514,GSE143514
200142586,GSE142586
200139420,GSE139420
200138784,GSE138784
200113350,GSE113350
200113343,GSE113343
200145245,GSE145245
200145232,GSE145232
200143872,GSE143872
200143026,GSE143026
200142479,GSE142479
200131308,GSE131308
200128382,GSE128382
200115130,GSE115130
200145178,GSE145178
200138688,GSE138688
200138057,GSE138057
200134220,GSE134220
200133517,GSE133517
200145105,GSE145105
200145101,GSE145101
200145077,GSE145077
200145074,GSE145074
200138581,GSE138581
200135036,GSE135036
200132703,GSE132703
200128860,GSE128860
200085121,GSE85121
200145069,GSE145069
200145065,GSE145065
200145064,GSE145064
200145062,GSE145062
200145051,GSE145051
200145019,GSE145019
200145007,GSE145007
200141645,GSE141645
200140739,GSE140739
200140101,GSE140101
200135219,GSE135219
200129637,GSE129637
200126353,GSE126353
200122305,GSE122305
200090069,GSE90069
200140560,GSE140560
200140559,GSE140559
200140557,GSE140557
200140077,GSE140077
200138704,GSE138704
200135424,GSE135424
200127444,GSE127444
200126427,GSE126427
200114382,GSE114382
200144345,GSE144345
200144914,GSE144914
200131880,GSE131880
200126276,GSE126276
200143589,GSE143589
200137612,GSE137612
200135215,GSE135215
200143152,GSE143152
200141327,GSE141327
200140466,GSE140466
200134985,GSE134985
200129082,GSE129082
200141577,GSE141577
200141228,GSE141228
200140763,GSE140763
200128082,GSE128082
200138702,GSE138702
200136961,GSE136961
200134813,GSE134813
200134811,GSE134811
200133383,GSE133383
200133008,GSE133008
200131823,GSE131823
200131527,GSE131527
200131526,GSE131526
200131525,GSE131525
200131448,GSE131448
200129449,GSE129449
200126682,GSE126682
200126044,GSE126044
200125916,GSE125916
200122298,GSE122298
200121272,GSE121272
200113572,GSE113572
200140646,GSE140646
200140202,GSE140202
200130014,GSE130014
200110210,GSE110210
200144633,GSE144633
200144599,GSE144599
200142867,GSE142867
200138122,GSE138122
200134472,GSE134472
200134390,GSE134390
200129925,GSE129925
200126337,GSE126337
200126000,GSE126000
200110802,GSE110802
200144580,GSE144580
200144527,GSE144527
200144520,GSE144520
200143323,GSE143323
200141687,GSE141687
200140230,GSE140230
200139115,GSE139115
200134205,GSE134205
200132204,GSE132204
200131385,GSE131385
200131384,GSE131384
200125223,GSE125223
200109663,GSE109663
200108665,GSE108665
200108664,GSE108664
200094337,GSE94337
200144441,GSE144441
200140486,GSE140486
200139845,GSE139845
200132213,GSE132213
200130558,GSE130558
200127468,GSE127468
200144370,GSE144370
200144366,GSE144366
200144358,GSE144358
200134292,GSE134292
200128804,GSE128804
200144302,GSE144302
200144294,GSE144294
200144279,GSE144279
200141498,GSE141498
200140520,GSE140520
200125738,GSE125738
200125259,GSE125259
200119296,GSE119296
200144259,GSE144259
200144258,GSE144258
200143897,GSE143897
200141444,GSE141444
200130246,GSE130246
200121992,GSE121992
200106725,GSE106725
200144254,GSE144254
200139597,GSE139597
200125719,GSE125719
200121105,GSE121105
200114282,GSE114282
200094123,GSE94123
200144234,GSE144234
200144206,GSE144206
200144169,GSE144169
200144153,GSE144153
200144152,GSE144152
200144151,GSE144151
200144142,GSE144142
200144131,GSE144131
200141639,GSE141639
200141309,GSE141309
200139178,GSE139178
200132511,GSE132511
200129555,GSE129555
200128898,GSE128898
200125817,GSE125817
200120853,GSE120853
200144063,GSE144063
200143530,GSE143530
200124824,GSE124824
200119968,GSE119968
200115565,GSE115565
200115525,GSE115525
200115384,GSE115384
200144025,GSE144025
200143986,GSE143986
200143979,GSE143979
200143968,GSE143968
200134898,GSE134898
200130594,GSE130594
200129951,GSE129951
200128771,GSE128771
200123296,GSE123296
200143941,GSE143941
200143934,GSE143934
200139273,GSE139273
200138614,GSE138614
200137727,GSE137727
200137020,GSE137020
200135936,GSE135936
200131876,GSE131876
200128773,GSE128773
200121024,GSE121024
200115817,GSE115817
200138533,GSE138533
200136717,GSE136717
200135155,GSE135155
200143882,GSE143882
200137691,GSE137691
200136420,GSE136420
200112190,GSE112190
200143844,GSE143844
200143798,GSE143798
200143790,GSE143790
200143766,GSE143766
200143744,GSE143744
200143743,GSE143743
200140937,GSE140937
200140936,GSE140936
200136451,GSE136451
200135552,GSE135552
200127247,GSE127247
200124447,GSE124447
200140164,GSE140164
200129698,GSE129698
200143612,GSE143612
200143609,GSE143609
200143517,GSE143517
200135323,GSE135323
200133831,GSE133831
200125121,GSE125121
200125120,GSE125120
200143547,GSE143547
200143537,GSE143537
200143534,GSE143534
200143529,GSE143529
200143518,GSE143518
200143507,GSE143507
200143505,GSE143505
200143495,GSE143495
200138642,GSE138642
200138638,GSE138638
200131697,GSE131697
200119901,GSE119901
200115973,GSE115973
200115471,GSE115471
200114605,GSE114605
200106609,GSE106609
200142524,GSE142524
200141220,GSE141220
200140111,GSE140111
200139905,GSE139905
200138710,GSE138710
200138412,GSE138412
200138147,GSE138147
200132367,GSE132367
200131601,GSE131601
200131594,GSE131594
200128922,GSE128922
200126821,GSE126821
200119168,GSE119168
200116929,GSE116929
200137833,GSE137833
200133527,GSE133527
200132289,GSE132289
200093550,GSE93550
200093549,GSE93549
200143462,GSE143462
200143443,GSE143443
200142774,GSE142774
200125022,GSE125022
200124966,GSE124966
200124963,GSE124963
200093505,GSE93505
200141387,GSE141387
200140066,GSE140066
200132107,GSE132107
200128177,GSE128177
200143318,GSE143318
200143274,GSE143274
200131255,GSE131255
200109436,GSE109436
200143260,GSE143260
200143213,GSE143213
200141116,GSE141116
200135055,GSE135055
200133991,GSE133991
200131411,GSE131411
200130781,GSE130781
200130715,GSE130715
200106285,GSE106285
200102131,GSE102131
200101720,GSE101720
200101637,GSE101637
200143155,GSE143155
200143147,GSE143147
200143143,GSE143143
200128730,GSE128730
200126635,GSE126635
200124737,GSE124737
200137702,GSE137702
200135196,GSE135196
200129806,GSE129806
200128554,GSE128554
200126332,GSE126332
200106388,GSE106388
200142986,GSE142986
200135458,GSE135458
200137420,GSE137420
200125186,GSE125186
200093052,GSE93052
200093051,GSE93051
200140965,GSE140965
200140057,GSE140057
200139581,GSE139581
200137663,GSE137663
200136216,GSE136216
200135854,GSE135854
200134752,GSE134752
200134700,GSE134700
200134088,GSE134088
200133759,GSE133759
200133145,GSE133145
200133014,GSE133014
200132799,GSE132799
200132408,GSE132408
200132207,GSE132207
200131126,GSE131126
200131120,GSE131120
200128237,GSE128237
200128229,GSE128229
200128037,GSE128037
200126807,GSE126807
200126002,GSE126002
200125440,GSE125440
200125342,GSE125342
200125331,GSE125331
200125330,GSE125330
200125109,GSE125109
200124961,GSE124961
200124951,GSE124951
200124802,GSE124802
200124030,GSE124030
200120627,GSE120627
200119999,GSE119999
200115848,GSE115848
200114018,GSE114018
200113465,GSE113465
200108726,GSE108726
200108654,GSE108654
200108038,GSE108038
200078117,GSE78117
200142767,GSE142767
200142711,GSE142711
200140304,GSE140304
200139932,GSE139932
200138695,GSE138695
200138107,GSE138107
200137893,GSE137893
200137768,GSE137768
200137528,GSE137528
200137025,GSE137025
200136604,GSE136604
200135975,GSE135975
200135188,GSE135188
200135164,GSE135164
200135069,GSE135069
200134870,GSE134870
200134596,GSE134596
200134475,GSE134475
200134248,GSE134248
200133893,GSE133893
200133595,GSE133595
200133483,GSE133483
200133358,GSE133358
200133292,GSE133292
200133264,GSE133264
200131985,GSE131985
200131085,GSE131085
200131065,GSE131065
200130367,GSE130367
200130279,GSE130279
200130236,GSE130236
200129813,GSE129813
200124643,GSE124643
200124526,GSE124526
200123936,GSE123936
200122572,GSE122572
200122429,GSE122429
200122389,GSE122389
200121149,GSE121149
200120647,GSE120647
200117135,GSE117135
200116631,GSE116631
200115136,GSE115136
200115081,GSE115081
200111932,GSE111932
200108743,GSE108743
200107748,GSE107748
200107701,GSE107701
200107144,GSE107144
200106830,GSE106830
200106312,GSE106312
200097766,GSE97766
200128326,GSE128326
200128139,GSE128139
200134045,GSE134045
200123523,GSE123523
200142668,GSE142668
200142620,GSE142620
200138274,GSE138274
200102599,GSE102599
200142591,GSE142591
200142588,GSE142588
200141945,GSE141945
200137617,GSE137617
200137616,GSE137616
200131745,GSE131745
200130893,GSE130893
200130872,GSE130872
200130870,GSE130870
200130869,GSE130869
200130868,GSE130868
200130866,GSE130866
200130865,GSE130865
200126146,GSE126146
200126145,GSE126145
200123498,GSE123498
200142582,GSE142582
200142572,GSE142572
200142566,GSE142566
200142562,GSE142562
200137168,GSE137168
200118442,GSE118442
200113782,GSE113782
200142508,GSE142508
200142504,GSE142504
200126486,GSE126486
200124316,GSE124316
200131658,GSE131658
200092735,GSE92735
200142474,GSE142474
200142456,GSE142456
200076129,GSE76129
200142386,GSE142386
200142334,GSE142334
200141126,GSE141126
200139355,GSE139355
200139016,GSE139016
200138207,GSE138207
200138113,GSE138113
200136558,GSE136558
200133941,GSE133941
200131565,GSE131565
200130871,GSE130871
200142333,GSE142333
200142308,GSE142308
200142293,GSE142293
200129261,GSE129261
200112590,GSE112590
200103143,GSE103143
200142217,GSE142217
200142210,GSE142210
200142207,GSE142207
200142171,GSE142171
200141756,GSE141756
200124655,GSE124655
200124407,GSE124407
200121344,GSE121344
200117329,GSE117329
200107637,GSE107637
200142198,GSE142198
200142077,GSE142077
200135582,GSE135582
200130395,GSE130395
200129263,GSE129263
200129104,GSE129104
200113288,GSE113288
200113283,GSE113283
200111071,GSE111071
200110159,GSE110159
200132732,GSE132732
200131267,GSE131267
200123100,GSE123100
200098658,GSE98658
200138272,GSE138272
200137931,GSE137931
200134141,GSE134141
200128753,GSE128753
200142025,GSE142025
200141963,GSE141963
200141910,GSE141910
200123760,GSE123760
200141906,GSE141906
200141828,GSE141828
200123191,GSE123191
200141797,GSE141797
200141783,GSE141783
200141746,GSE141746
200141731,GSE141731
200139074,GSE139074
200138606,GSE138606
200129590,GSE129590
200129436,GSE129436
200118713,GSE118713
200111120,GSE111120
200141685,GSE141685
200141675,GSE141675
200141666,GSE141666
200141656,GSE141656
200141646,GSE141646
200141633,GSE141633
200137129,GSE137129
200133509,GSE133509
200132343,GSE132343
200131640,GSE131640
200131050,GSE131050
200130425,GSE130425
200129651,GSE129651
200115139,GSE115139
200098764,GSE98764
200116139,GSE116139
200141610,GSE141610
200141595,GSE141595
200123506,GSE123506
200141558,GSE141558
200141510,GSE141510
200141507,GSE141507
200090950,GSE90950
200141496,GSE141496
200140543,GSE140543
200138942,GSE138942
200135831,GSE135831
200126736,GSE126736
200120746,GSE120746
200111620,GSE111620
200136339,GSE136339
200134698,GSE134698
200131379,GSE131379
200130342,GSE130342
200125664,GSE125664
200122207,GSE122207
200141235,GSE141235
200139685,GSE139685
200137596,GSE137596
200132008,GSE132008
200130810,GSE130810
200130493,GSE130493
200130262,GSE130262
200114981,GSE114981
200139335,GSE139335
200138304,GSE138304
200136829,GSE136829
200135879,GSE135879
200135732,GSE135732
200130219,GSE130219
200122619,GSE122619
200118997,GSE118997
200076139,GSE76139
200073999,GSE73999
200141217,GSE141217
200139952,GSE139952
200139834,GSE139834
200138042,GSE138042
200133098,GSE133098
200128328,GSE128328
200128054,GSE128054
200125511,GSE125511
200123856,GSE123856
200118272,GSE118272
200116864,GSE116864
200110406,GSE110406
200107316,GSE107316
200104608,GSE104608
200068990,GSE68990
200063385,GSE63385
200141171,GSE141171
200141169,GSE141169
200141095,GSE141095
200139516,GSE139516
200138887,GSE138887
200138012,GSE138012
200134522,GSE134522
200132359,GSE132359
200131132,GSE131132
200129340,GSE129340
200126675,GSE126675
200122534,GSE122534
200141140,GSE141140
200137108,GSE137108
200123278,GSE123278
200141142,GSE141142
200137551,GSE137551
200135095,GSE135095
200128696,GSE128696
200107410,GSE107410
200141088,GSE141088
200141052,GSE141052
200141048,GSE141048
200141021,GSE141021
200140218,GSE140218
200140217,GSE140217
200139192,GSE139192
200137500,GSE137500
200132711,GSE132711
200130985,GSE130985
200118719,GSE118719
200141013,GSE141013
200140984,GSE140984
200140980,GSE140980
200140914,GSE140914
200140432,GSE140432
200137440,GSE137440
200137408,GSE137408
200137377,GSE137377
200135838,GSE135838
200134865,GSE134865
200130397,GSE130397
200124422,GSE124422
200123158,GSE123158
200119004,GSE119004
200140900,GSE140900
200138487,GSE138487
200137675,GSE137675
200128097,GSE128097
200125460,GSE125460
200124363,GSE124363
200123485,GSE123485
200140788,GSE140788
200140848,GSE140848
200140845,GSE140845
200140843,GSE140843
200134489,GSE134489
200132963,GSE132963
200131792,GSE131792
200140786,GSE140786
200140781,GSE140781
200140771,GSE140771
200139358,GSE139358
200131589,GSE131589
200129014,GSE129014
200128844,GSE128844
200110469,GSE110469
200140759,GSE140759
200140740,GSE140740
200140731,GSE140731
200140709,GSE140709
200140707,GSE140707
200134888,GSE134888
200133724,GSE133724
200128163,GSE128163
200124558,GSE124558
200120162,GSE120162
200107806,GSE107806
200140673,GSE140673
200128950,GSE128950
200127826,GSE127826
200127825,GSE127825
200140627,GSE140627
200140574,GSE140574
200140523,GSE140523
200140226,GSE140226
200137253,GSE137253
200136340,GSE136340
200131998,GSE131998
200130006,GSE130006
200124173,GSE124173
200121842,GSE121842
200121315,GSE121315
200120703,GSE120703
200130955,GSE130955
200128101,GSE128101
200130503,GSE130503
200128836,GSE128836
200140483,GSE140483
200140442,GSE140442
200139135,GSE139135
200131809,GSE131809
200128070,GSE128070
200118358,GSE118358
200118357,GSE118357
200140430,GSE140430
200140380,GSE140380
200140373,GSE140373
200137920,GSE137920
200124189,GSE124189
200095442,GSE95442
200089866,GSE89866
200140403,GSE140403
200139929,GSE139929
200135312,GSE135312
200135197,GSE135197
200129703,GSE129703
200115312,GSE115312
200113799,GSE113799
200111016,GSE111016
200111010,GSE111010
200111006,GSE111006
200103320,GSE103320
200086097,GSE86097
200140275,GSE140275
200140227,GSE140227
200140221,GSE140221
200140186,GSE140186
200138804,GSE138804
200136661,GSE136661
200135453,GSE135453
200132174,GSE132174
200127862,GSE127862
200124227,GSE124227
200117116,GSE117116
200140198,GSE140198
200130443,GSE130443
200125249,GSE125249
200115414,GSE115414
200140172,GSE140172
200132392,GSE132392
200131358,GSE131358
200129696,GSE129696
200129078,GSE129078
200122527,GSE122527
200137964,GSE137964
200137361,GSE137361
200132698,GSE132698
200118823,GSE118823
200106777,GSE106777
200140150,GSE140150
200123907,GSE123907
200140119,GSE140119
200140110,GSE140110
200140109,GSE140109
200140108,GSE140108
200140107,GSE140107
200140031,GSE140031
200139372,GSE139372
200139341,GSE139341
200129467,GSE129467
200129012,GSE129012
200126207,GSE126207
200126151,GSE126151
200109947,GSE109947
200098281,GSE98281
200140048,GSE140048
200140040,GSE140040
200140003,GSE140003
200139990,GSE139990
200138475,GSE138475
200137081,GSE137081
200136135,GSE136135
200134159,GSE134159
200133764,GSE133764
200133763,GSE133763
200128429,GSE128429
200128388,GSE128388
200125400,GSE125400
200122267,GSE122267
200139989,GSE139989
200139963,GSE139963
200139928,GSE139928
200139924,GSE139924
200137813,GSE137813
200127506,GSE127506
200118494,GSE118494
200106928,GSE106928
200084683,GSE84683
200139912,GSE139912
200139887,GSE139887
200126066,GSE126066
200135876,GSE135876
200135800,GSE135800
200135776,GSE135776
200135775,GSE135775
200113524,GSE113524
200106858,GSE106858
200134849,GSE134849
200139837,GSE139837
200139822,GSE139822
200139816,GSE139816
200120920,GSE120920
200139682,GSE139682
200139673,GSE139673
200139073,GSE139073
200138058,GSE138058
200136904,GSE136904
200134713,GSE134713
200133423,GSE133423
200132868,GSE132868
200132475,GSE132475
200130722,GSE130722
200129862,GSE129862
200128576,GSE128576
200124573,GSE124573
200124572,GSE124572
200121445,GSE121445
200121382,GSE121382
200119828,GSE119828
200139594,GSE139594
200138767,GSE138767
200138250,GSE138250
200131921,GSE131921
200124074,GSE124074
200121536,GSE121536
200088731,GSE88731
200139540,GSE139540
200134992,GSE134992
200134198,GSE134198
200131320,GSE131320
200123285,GSE123285
200121632,GSE121632
200119006,GSE119006
200114938,GSE114938
200114936,GSE114936
200139518,GSE139518
200135873,GSE135873
200133331,GSE133331
200130592,GSE130592
200129716,GSE129716
200129624,GSE129624
200129535,GSE129535
200127856,GSE127856
200127478,GSE127478
200107422,GSE107422
200100363,GSE100363
200079764,GSE79764
200079763,GSE79763
200139061,GSE139061
200138094,GSE138094
200130078,GSE130078
200125049,GSE125049
200115536,GSE115536
200114808,GSE114808
200110504,GSE110504
200120174,GSE120174
200130401,GSE130401
200126298,GSE126298
200121866,GSE121866
200130742,GSE130742
200130595,GSE130595
200128786,GSE128786
200123989,GSE123989
200123842,GSE123842
200139293,GSE139293
200138937,GSE138937
200138841,GSE138841
200137934,GSE137934
200137290,GSE137290
200136864,GSE136864
200136299,GSE136299
200135902,GSE135902
200134973,GSE134973
200129270,GSE129270
200124326,GSE124326
200123571,GSE123571
200123492,GSE123492
200120597,GSE120597
200089521,GSE89521
200139238,GSE139238
200134678,GSE134678
200130247,GSE130247
200126232,GSE126232
200115045,GSE115045
200139221,GSE139221
200139169,GSE139169
200139133,GSE139133
200139110,GSE139110
200121017,GSE121017
200087607,GSE87607
200139123,GSE139123
200118843,GSE118843
200121596,GSE121596
200105160,GSE105160
200139021,GSE139021
200139018,GSE139018
200137239,GSE137239
200137238,GSE137238
200137237,GSE137237
200136139,GSE136139
200121258,GSE121258
200138988,GSE138988
200138837,GSE138837
200135477,GSE135477
200124495,GSE124495
200138913,GSE138913
200138863,GSE138863
200138858,GSE138858
200138853,GSE138853
200138232,GSE138232
200137390,GSE137390
200136803,GSE136803
200134164,GSE134164
200125808,GSE125808
200124072,GSE124072
200116697,GSE116697
200137851,GSE137851
200137608,GSE137608
200134567,GSE134567
200133384,GSE133384
200132433,GSE132433
200131897,GSE131897
200126925,GSE126925
200119026,GSE119026
200100148,GSE100148
200138806,GSE138806
200138800,GSE138800
200138789,GSE138789
200138772,GSE138772
200138766,GSE138766
200138751,GSE138751
200138730,GSE138730
200138729,GSE138729
200138717,GSE138717
200138681,GSE138681
200124685,GSE124685
200104944,GSE104944
200138633,GSE138633
200138621,GSE138621
200135842,GSE135842
200128711,GSE128711
200128669,GSE128669
200112985,GSE112985
200138549,GSE138549
200136414,GSE136414
200134517,GSE134517
200128005,GSE128005
200094690,GSE94690
200138531,GSE138531
200138518,GSE138518
200138508,GSE138508
200138485,GSE138485
200135707,GSE135707
200130751,GSE130751
200130086,GSE130086
200127696,GSE127696
200121043,GSE121043
200114053,GSE114053
200138309,GSE138309
200134782,GSE134782
200134122,GSE134122
200130361,GSE130361
200113581,GSE113581
200133151,GSE133151
200137559,GSE137559
200125873,GSE125873
200124451,GSE124451
200124439,GSE124439
200122545,GSE122545
200121207,GSE121207
200108274,GSE108274
200069660,GSE69660
200138340,GSE138340
200138288,GSE138288
200134717,GSE134717
200132012,GSE132012
200126319,GSE126319
200123018,GSE123018
200112383,GSE112383
200138269,GSE138269
200133664,GSE133664
200133663,GSE133663
200130665,GSE130665
200118492,GSE118492
200117322,GSE117322
200138219,GSE138219
200138161,GSE138161
200138155,GSE138155
200138093,GSE138093
200137657,GSE137657
200137338,GSE137338
200136891,GSE136891
200136155,GSE136155
200136025,GSE136025
200136024,GSE136024
200136023,GSE136023
200136022,GSE136022
200135485,GSE135485
200134416,GSE134416
200134308,GSE134308
200134076,GSE134076
200133684,GSE133684
200132704,GSE132704
200132154,GSE132154
200131990,GSE131990
200131934,GSE131934
200129950,GSE129950
200125772,GSE125772
200123970,GSE123970
200123777,GSE123777
200121782,GSE121782
200121170,GSE121170
200115400,GSE115400
200110557,GSE110557
200089187,GSE89187
200137106,GSE137106
200133298,GSE133298
200126352,GSE126352
200125570,GSE125570
200123518,GSE123518
200120496,GSE120496
200119916,GSE119916
200119709,GSE119709
200115198,GSE115198
200087080,GSE87080
200076043,GSE76043
200076041,GSE76041
200129596,GSE129596
200114267,GSE114267
200087505,GSE87505
200138104,GSE138104
200129381,GSE129381
200138076,GSE138076
200137967,GSE137967
200136433,GSE136433
200130534,GSE130534
200120534,GSE120534
200116127,GSE116127
200087665,GSE87665
200087664,GSE87664
200128563,GSE128563
200122248,GSE122248
200120384,GSE120384
200120383,GSE120383
200118362,GSE118362
200109570,GSE109570
200087559,GSE87559
200087558,GSE87558
200137883,GSE137883
200137856,GSE137856
200137843,GSE137843
200128395,GSE128395
200126865,GSE126865
200123365,GSE123365
200120523,GSE120523
200115153,GSE115153
200110495,GSE110495
200104675,GSE104675
200134459,GSE134459
200133553,GSE133553
200130087,GSE130087
200125780,GSE125780
200137816,GSE137816
200134988,GSE134988
200123165,GSE123165
200087226,GSE87226
200087225,GSE87225
200137803,GSE137803
200137802,GSE137802
200137777,GSE137777
200137775,GSE137775
200136053,GSE136053
200130569,GSE130569
200130501,GSE130501
200137755,GSE137755
200137747,GSE137747
200137725,GSE137725
200137136,GSE137136
200124509,GSE124509
200122649,GSE122649
200122647,GSE122647
200120303,GSE120303
200119974,GSE119974
200086644,GSE86644
200137651,GSE137651
200137629,GSE137629
200134598,GSE134598
200119841,GSE119841
200137587,GSE137587
200132410,GSE132410
200126895,GSE126895
200123311,GSE123311
200110649,GSE110649
200105094,GSE105094
200137519,GSE137519
200137492,GSE137492
200137460,GSE137460
200135505,GSE135505
200133323,GSE133323
200130522,GSE130522
200129811,GSE129811
200128333,GSE128333
200125469,GSE125469
200119931,GSE119931
200135498,GSE135498
200117279,GSE117279
200126365,GSE126365
200137308,GSE137308
200134190,GSE134190
200119963,GSE119963
200137327,GSE137327
200137317,GSE137317
200119938,GSE119938
200118629,GSE118629
200137251,GSE137251
200137065,GSE137065
200130160,GSE130160
200128621,GSE128621
200128614,GSE128614
200123573,GSE123573
200123090,GSE123090
200122416,GSE122416
200120125,GSE120125
200119910,GSE119910
200118691,GSE118691
200137276,GSE137276
200137229,GSE137229
200137211,GSE137211
200137182,GSE137182
200137173,GSE137173
200135635,GSE135635
200134532,GSE134532
200129272,GSE129272
200128268,GSE128268
200120396,GSE120396
200115121,GSE115121
200113542,GSE113542
200077307,GSE77307
200137127,GSE137127
200137083,GSE137083
200127834,GSE127834
200125803,GSE125803
200125504,GSE125504
200117994,GSE117994
200098509,GSE98509
200098198,GSE98198
200137071,GSE137071
200137070,GSE137070
200136366,GSE136366
200123892,GSE123892
200086646,GSE86646
200076491,GSE76491
200134595,GSE134595
200137056,GSE137056
200119711,GSE119711
200136928,GSE136928
200136919,GSE136919
200136908,GSE136908
200136907,GSE136907
200136342,GSE136342
200129540,GSE129540
200129216,GSE129216
200129146,GSE129146
200128027,GSE128027
200136846,GSE136846
200136841,GSE136841
200136834,GSE136834
200136825,GSE136825
200132610,GSE132610
200132178,GSE132178
200114678,GSE114678
200114677,GSE114677
200114311,GSE114311
200136781,GSE136781
200136763,GSE136763
200136745,GSE136745
200136738,GSE136738
200117044,GSE117044
200114637,GSE114637
200073957,GSE73957
200136734,GSE136734
200135679,GSE135679
200131651,GSE131651
200129808,GSE129808
200125014,GSE125014
200122079,GSE122079
200119436,GSE119436
200112962,GSE112962
200136731,GSE136731
200119030,GSE119030
200114033,GSE114033
200112330,GSE112330
200131075,GSE131075
200129672,GSE129672
200126446,GSE126446
200126209,GSE126209
200124768,GSE124768
200120086,GSE120086
200120084,GSE120084
200118476,GSE118476
200117155,GSE117155
200113005,GSE113005
200053259,GSE53259
200053258,GSE53258
200136668,GSE136668
200136664,GSE136664
200136410,GSE136410
200134954,GSE134954
200133478,GSE133478
200133190,GSE133190
200132270,GSE132270
200128056,GSE128056
200119402,GSE119402
200119401,GSE119401
200118896,GSE118896
200132977,GSE132977
200132892,GSE132892
200132890,GSE132890
200131592,GSE131592
200130903,GSE130903
200118320,GSE118320
200136569,GSE136569
200136560,GSE136560
200136559,GSE136559
200136534,GSE136534
200136533,GSE136533
200133416,GSE133416
200133261,GSE133261
200131147,GSE131147
200126275,GSE126275
200136372,GSE136372
200136369,GSE136369
200136347,GSE136347
200136338,GSE136338
200136310,GSE136310
200128723,GSE128723
200128469,GSE128469
200124916,GSE124916
200119360,GSE119360
200077751,GSE77751
200136300,GSE136300
200123680,GSE123680
200118565,GSE118565
200117305,GSE117305
200133629,GSE133629
200133628,GSE133628
200136289,GSE136289
200136262,GSE136262
200119027,GSE119027
200133568,GSE133568
200133567,GSE133567
200116668,GSE116668
200116111,GSE116111
200136134,GSE136134
200136113,GSE136113
200136105,GSE136105
200133960,GSE133960
200133959,GSE133959
200132361,GSE132361
200130580,GSE130580
200126766,GSE126766
200120957,GSE120957
200118944,GSE118944
200072111,GSE72111
200135455,GSE135455
200129534,GSE129534
200118431,GSE118431
200136032,GSE136032
200135997,GSE135997
200135995,GSE135995
200135994,GSE135994
200135960,GSE135960
200133738,GSE133738
200133737,GSE133737
200130359,GSE130359
200130358,GSE130358
200129652,GSE129652
200127960,GSE127960
200125245,GSE125245
200122340,GSE122340
200116015,GSE116015
200113909,GSE113909
200110146,GSE110146
200110059,GSE110059
200108706,GSE108706
200135934,GSE135934
200130648,GSE130648
200124221,GSE124221
200118707,GSE118707
200135914,GSE135914
200135888,GSE135888
200135864,GSE135864
200133396,GSE133396
200119970,GSE119970
200135833,GSE135833
200135821,GSE135821
200132081,GSE132081
200131512,GSE131512
200130970,GSE130970
200126651,GSE126651
200121984,GSE121984
200121327,GSE121327
200119808,GSE119808
200118645,GSE118645
200102751,GSE102751
200085598,GSE85598
200135803,GSE135803
200135796,GSE135796
200132812,GSE132812
200132810,GSE132810
200124578,GSE124578
200099487,GSE99487
200135753,GSE135753
200135713,GSE135713
200129935,GSE129935
200127959,GSE127959
200123774,GSE123774
200118558,GSE118558
200118094,GSE118094
200106122,GSE106122
200105782,GSE105782
200095372,GSE95372
200116765,GSE116765
200116580,GSE116580
200135619,GSE135619
200104830,GSE104830
200135581,GSE135581
200135579,GSE135579
200135548,GSE135548
200132306,GSE132306
200132053,GSE132053
200120024,GSE120024
200135538,GSE135538
200135527,GSE135527
200135515,GSE135515
200135487,GSE135487
200134720,GSE134720
200133286,GSE133286
200133285,GSE133285
200128343,GSE128343
200085340,GSE85340
200135460,GSE135460
200135445,GSE135445
200107280,GSE107280
200135420,GSE135420
200135413,GSE135413
200135402,GSE135402
200135257,GSE135257
200133523,GSE133523
200132340,GSE132340
200122377,GSE122377
200118407,GSE118407
200118167,GSE118167
200111459,GSE111459
200091065,GSE91065
200126162,GSE126162
200131856,GSE131856
200115895,GSE115895
200115894,GSE115894
200135222,GSE135222
200120521,GSE120521
200119654,GSE119654
200117608,GSE117608
200135211,GSE135211
200134802,GSE134802
200131730,GSE131730
200131728,GSE131728
200131726,GSE131726
200118957,GSE118957
200118729,GSE118729
200118279,GSE118279
200118265,GSE118265
200107589,GSE107589
200107588,GSE107588
200084891,GSE84891
200135140,GSE135140
200135089,GSE135089
200134662,GSE134662
200133521,GSE133521
200130074,GSE130074
200125977,GSE125977
200125869,GSE125869
200124380,GSE124380
200122369,GSE122369
200122368,GSE122368
200115760,GSE115760
200115759,GSE115759
200114179,GSE114179
200086189,GSE86189
200135049,GSE135049
200135047,GSE135047
200135028,GSE135028
200135016,GSE135016
200133432,GSE133432
200130307,GSE130307
200129563,GSE129563
200124127,GSE124127
200122631,GSE122631
200118963,GSE118963
200134986,GSE134986
200133822,GSE133822
200131011,GSE131011
200129915,GSE129915
200121626,GSE121626
200118373,GSE118373
200131504,GSE131504
200134978,GSE134978
200134938,GSE134938
200134919,GSE134919
200134068,GSE134068
200117805,GSE117805
200134911,GSE134911
200134910,GSE134910
200134909,GSE134909
200134908,GSE134908
200134907,GSE134907
200134906,GSE134906
200134905,GSE134905
200134900,GSE134900
200134896,GSE134896
200134878,GSE134878
200132776,GSE132776
200131179,GSE131179
200130521,GSE130521
200118377,GSE118377
200118372,GSE118372
200134817,GSE134817
200134776,GSE134776
200132725,GSE132725
200130513,GSE130513
200128911,GSE128911
200123976,GSE123976
200117942,GSE117942
200117674,GSE117674
200134697,GSE134697
200128805,GSE128805
200117623,GSE117623
200134630,GSE134630
200126395,GSE126395
200122327,GSE122327
200112122,GSE112122
200111798,GSE111798
200086213,GSE86213
200084999,GSE84999
200132969,GSE132969
200120715,GSE120715
200120071,GSE120071
200120070,GSE120070
200134441,GSE134441
200131375,GSE131375
200130398,GSE130398
200117523,GSE117523
200100785,GSE100785
200134536,GSE134536
200127816,GSE127816
200117415,GSE117415
200134506,GSE134506
200124894,GSE124894
200134414,GSE134414
200134401,GSE134401
200134056,GSE134056
200133976,GSE133976
200117429,GSE117429
200117146,GSE117146
200108966,GSE108966
200103074,GSE103074
200134375,GSE134375
200134369,GSE134369
200134329,GSE134329
200132835,GSE132835
200127831,GSE127831
200126078,GSE126078
200134320,GSE134320
200134259,GSE134259
200125607,GSE125607
200125606,GSE125606
200124704,GSE124704
200121319,GSE121319
200113281,GSE113281
200130229,GSE130229
200129501,GSE129501
200134197,GSE134197
200117084,GSE117084
200134173,GSE134173
200122612,GSE122612
200134095,GSE134095
200134080,GSE134080
200134074,GSE134074
200132468,GSE132468
200132467,GSE132467
200129893,GSE129893
200129889,GSE129889
200124144,GSE124144
200123980,GSE123980
200120495,GSE120495
200116780,GSE116780
200114791,GSE114791
200133942,GSE133942
200133925,GSE133925
200130054,GSE130054
200128885,GSE128885
200122891,GSE122891
200119598,GSE119598
200116907,GSE116907
200116862,GSE116862
200115307,GSE115307
200112817,GSE112817
200128917,GSE128917
200125382,GSE125382
200119866,GSE119866
200109886,GSE109886
200109885,GSE109885
200110580,GSE110580
200099914,GSE99914
200084169,GSE84169
200133876,GSE133876
200128872,GSE128872
200124718,GSE124718
200118882,GSE118882
200087508,GSE87508
200133754,GSE133754
200133749,GSE133749
200128191,GSE128191
200133731,GSE133731
200133716,GSE133716
200133677,GSE133677
200125218,GSE125218
200122948,GSE122948
200118762,GSE118762
200110915,GSE110915
200110820,GSE110820
200133660,GSE133660
200133631,GSE133631
200133626,GSE133626
200133625,GSE133625
200133624,GSE133624
200133621,GSE133621
200133144,GSE133144
200126426,GSE126426
200122630,GSE122630
200116521,GSE116521
200116428,GSE116428
200111960,GSE111960
200111959,GSE111959
200107121,GSE107121
200131931,GSE131931
200131349,GSE131349
200130793,GSE130793
200129842,GSE129842
200129782,GSE129782
200129779,GSE129779
200129194,GSE129194
200126029,GSE126029
200125518,GSE125518
200125282,GSE125282
200124474,GSE124474
200118131,GSE118131
200117543,GSE117543
200108128,GSE108128
200105173,GSE105173
200105172,GSE105172
200105170,GSE105170
200105169,GSE105169
200101666,GSE101666
200093210,GSE93210
200084153,GSE84153
200070551,GSE70551
200125066,GSE125066
200123605,GSE123605
200120858,GSE120858
200116142,GSE116142
200114332,GSE114332
200113125,GSE113125
200099169,GSE99169
200133489,GSE133489
200133460,GSE133460
200133447,GSE133447
200133273,GSE133273
200130905,GSE130905
200130189,GSE130189
200125852,GSE125852
200114691,GSE114691
200133378,GSE133378
200133357,GSE133357
200131428,GSE131428
200128523,GSE128523
200126640,GSE126640
200125215,GSE125215
200124854,GSE124854
200120105,GSE120105
200099116,GSE99116
200132500,GSE132500
200124843,GSE124843
200117535,GSE117535
200115481,GSE115481
200114857,GSE114857
200106119,GSE106119
200090133,GSE90133
200133206,GSE133206
200131261,GSE131261
200127064,GSE127064
200126850,GSE126850
200126198,GSE126198
200121999,GSE121999
200107638,GSE107638
200129676,GSE129676
200128749,GSE128749
200125648,GSE125648
200125437,GSE125437
200116574,GSE116574
200114273,GSE114273
200097909,GSE97909
200083696,GSE83696
200133162,GSE133162
200133137,GSE133137
200133123,GSE133123
200133121,GSE133121
200128940,GSE128940
200128798,GSE128798
200126910,GSE126910
200133078,GSE133078
200130449,GSE130449
200129398,GSE129398
200128274,GSE128274
200133037,GSE133037
200133000,GSE133000
200132982,GSE132982
200132923,GSE132923
200130567,GSE130567
200130542,GSE130542
200130437,GSE130437
200129336,GSE129336
200126998,GSE126998
200119196,GSE119196
200118654,GSE118654
200116008,GSE116008
200115976,GSE115976
200084267,GSE84267
200132958,GSE132958
200132936,GSE132936
200130836,GSE130836
200129870,GSE129870
200128688,GSE128688
200127344,GSE127344
200124720,GSE124720
200124392,GSE124392
200100322,GSE100322
200132851,GSE132851
200132847,GSE132847
200132836,GSE132836
200132825,GSE132825
200115939,GSE115939
200113638,GSE113638
200113636,GSE113636
200112118,GSE112118
200129358,GSE129358
200125692,GSE125692
200097098,GSE97098
200131414,GSE131414
200129196,GSE129196
200128263,GSE128263
200124841,GSE124841
200123835,GSE123835
200119255,GSE119255
200113341,GSE113341
200102677,GSE102677
200102633,GSE102633
200083476,GSE83476
200131069,GSE131069
200113482,GSE113482
200132718,GSE132718
200132693,GSE132693
200132660,GSE132660
200129075,GSE129075
200112705,GSE112705
200132624,GSE132624
200132606,GSE132606
200132398,GSE132398
200132395,GSE132395
200128072,GSE128072
200123683,GSE123683
200121922,GSE121922
200121680,GSE121680
200120178,GSE120178
200130727,GSE130727
200130284,GSE130284
200122848,GSE122848
200121741,GSE121741
200121390,GSE121390
200120944,GSE120944
200116372,GSE116372
200104982,GSE104982
200095280,GSE95280
200084445,GSE84445
200132428,GSE132428
200128055,GSE128055
200127948,GSE127948
200127116,GSE127116
200118441,GSE118441
200131220,GSE131220
200125856,GSE125856
200120631,GSE120631
200120158,GSE120158
200118075,GSE118075
200114284,GSE114284
200104462,GSE104462
200103096,GSE103096
200103095,GSE103095
200100905,GSE100905
200117206,GSE117206
200115529,GSE115529
200132333,GSE132333
200132331,GSE132331
200127457,GSE127457
200117945,GSE117945
200082338,GSE82338
200132233,GSE132233
200132223,GSE132223
200132215,GSE132215
200126475,GSE126475
200118829,GSE118829
200115395,GSE115395
200113156,GSE113156
200132194,GSE132194
200129290,GSE129290
200125086,GSE125086
200121966,GSE121966
200118928,GSE118928
200132138,GSE132138
200132091,GSE132091
200132083,GSE132083
200132082,GSE132082
200129479,GSE129479
200129180,GSE129180
200124658,GSE124658
200117484,GSE117484
200115255,GSE115255
200109184,GSE109184
200099686,GSE99686
200131626,GSE131626
200124636,GSE124636
200128742,GSE128742
200113881,GSE113881
200132019,GSE132019
200132011,GSE132011
200131089,GSE131089
200131088,GSE131088
200130381,GSE130381
200130281,GSE130281
200130136,GSE130136
200128613,GSE128613
200125239,GSE125239
200122802,GSE122802
200122801,GSE122801
200122800,GSE122800
200121013,GSE121013
200115323,GSE115323
200114552,GSE114552
200114472,GSE114472
200112714,GSE112714
200106335,GSE106335
200102357,GSE102357
200099744,GSE99744
200131995,GSE131995
200131322,GSE131322
200131218,GSE131218
200098555,GSE98555
200131552,GSE131552
200130901,GSE130901
200128632,GSE128632
200127880,GSE127880
200120106,GSE120106
200114055,GSE114055
200082291,GSE82291
200131840,GSE131840
200130442,GSE130442
200125743,GSE125743
200122149,GSE122149
200121106,GSE121106
200119646,GSE119646
200116086,GSE116086
200113492,GSE113492
200107580,GSE107580
200129241,GSE129241
200128113,GSE128113
200131543,GSE131543
200123860,GSE123860
200119101,GSE119101
200099680,GSE99680
200128967,GSE128967
200124922,GSE124922
200115659,GSE115659
200112883,GSE112883
200131770,GSE131770
200131753,GSE131753
200125267,GSE125267
200131680,GSE131680
200130882,GSE130882
200131662,GSE131662
200131660,GSE131660
200114856,GSE114856
200131521,GSE131521
200131503,GSE131503
200131470,GSE131470
200130313,GSE130313
200129902,GSE129902
200128295,GSE128295
200121472,GSE121472
200120057,GSE120057
200111829,GSE111829
200122701,GSE122701
200115853,GSE115853
200110801,GSE110801
200099724,GSE99724
200131387,GSE131387
200131383,GSE131383
200081637,GSE81637
200131355,GSE131355
200131343,GSE131343
200129944,GSE129944
200127886,GSE127886
200127081,GSE127081
200122034,GSE122034
200121247,GSE121247
200120420,GSE120420
200118933,GSE118933
200118254,GSE118254
200114632,GSE114632
200112085,GSE112085
200095282,GSE95282
200131303,GSE131303
200131300,GSE131300
200131296,GSE131296
200131249,GSE131249
200131222,GSE131222
200128201,GSE128201
200121824,GSE121824
200121822,GSE121822
200121817,GSE121817
200131159,GSE131159
200129221,GSE129221
200126221,GSE126221
200125128,GSE125128
200124527,GSE124527
200121084,GSE121084
200130824,GSE130824
200128603,GSE128603
200128351,GSE128351
200120781,GSE120781
200119668,GSE119668
200114099,GSE114099
200113922,GSE113922
200104917,GSE104917
200096741,GSE96741
200131067,GSE131067
200130174,GSE130174
200128668,GSE128668
200128300,GSE128300
200122714,GSE122714
200122710,GSE122710
200117446,GSE117446
200103509,GSE103509
200131031,GSE131031
200114372,GSE114372
200112077,GSE112077
200124198,GSE124198
200119108,GSE119108
200114826,GSE114826
200130892,GSE130892
200130891,GSE130891
200130858,GSE130858
200130857,GSE130857
200130852,GSE130852
200128913,GSE128913
200117965,GSE117965
200114320,GSE114320
200093939,GSE93939
200130804,GSE130804
200128526,GSE128526
200128313,GSE128313
200114643,GSE114643
200130770,GSE130770
200130769,GSE130769
200130762,GSE130762
200130737,GSE130737
200111824,GSE111824
200111353,GSE111353
200130353,GSE130353
200126786,GSE126786
200104589,GSE104589
200100146,GSE100146
200122191,GSE122191
200130660,GSE130660
200130644,GSE130644
200130643,GSE130643
200130637,GSE130637
200130616,GSE130616
200130469,GSE130469
200127209,GSE127209
200126517,GSE126517
200125403,GSE125403
200112523,GSE112523
200112186,GSE112186
200098786,GSE98786
200098785,GSE98785
200130590,GSE130590
200130226,GSE130226
200129437,GSE129437
200121332,GSE121332
200119103,GSE119103
200113947,GSE113947
200100243,GSE100243
200130096,GSE130096
200129337,GSE129337
200128380,GSE128380
200126981,GSE126981
200126522,GSE126522
200126520,GSE126520
200126479,GSE126479
200124528,GSE124528
200124161,GSE124161
200116129,GSE116129
200115914,GSE115914
200113952,GSE113952
200113896,GSE113896
200110767,GSE110767
200108735,GSE108735
200102674,GSE102674
200098422,GSE98422
200130444,GSE130444
200129407,GSE129407
200129076,GSE129076
200125903,GSE125903
200114647,GSE114647
200108388,GSE108388
200079864,GSE79864
200130407,GSE130407
200128638,GSE128638
200127333,GSE127333
200123496,GSE123496
200103496,GSE103496
200103495,GSE103495
200103494,GSE103494
200130396,GSE130396
200130363,GSE130363
200129871,GSE129871
200120226,GSE120226
200112276,GSE112276
200108198,GSE108198
200098268,GSE98268
200130084,GSE130084
200129042,GSE129042
200125999,GSE125999
200125805,GSE125805
200125525,GSE125525
200124522,GSE124522
200113942,GSE113942
200098126,GSE98126
200130126,GSE130126
200129804,GSE129804
200127268,GSE127268
200120200,GSE120200
200119153,GSE119153
200080172,GSE80172
200062804,GSE62804
200130058,GSE130058
200129093,GSE129093
200126868,GSE126868
200123807,GSE123807
200123472,GSE123472
200114574,GSE114574
200109716,GSE109716
200125512,GSE125512
200130063,GSE130063
200130011,GSE130011
200129943,GSE129943
200129942,GSE129942
200124738,GSE124738
200120216,GSE120216
200119800,GSE119800
200119241,GSE119241
200119131,GSE119131
200118873,GSE118873
200129906,GSE129906
200129882,GSE129882
200129851,GSE129851
200128076,GSE128076
200126831,GSE126831
200125583,GSE125583
200125050,GSE125050
200122130,GSE122130
200120337,GSE120337
200110731,GSE110731
200100799,GSE100799
200129829,GSE129829
200126489,GSE126489
200126169,GSE126169
200117699,GSE117699
200115059,GSE115059
200113182,GSE113182
200108278,GSE108278
200127964,GSE127964
200127564,GSE127564
200125520,GSE125520
200115862,GSE115862
200102202,GSE102202
200129666,GSE129666
200129619,GSE129619
200114085,GSE114085
200109310,GSE109310
200129603,GSE129603
200129316,GSE129316
200127296,GSE127296
200126487,GSE126487
200121958,GSE121958
200097829,GSE97829
200129522,GSE129522
200129508,GSE129508
200129505,GSE129505
200120183,GSE120183
200117192,GSE117192
200108833,GSE108833
200129473,GSE129473
200125848,GSE125848
200125033,GSE125033
200117038,GSE117038
200110272,GSE110272
200108787,GSE108787
200106230,GSE106230
200124787,GSE124787
200124786,GSE124786
200122321,GSE122321
200115823,GSE115823
200115770,GSE115770
200115701,GSE115701
200115700,GSE115700
200115699,GSE115699
200129375,GSE129375
200125974,GSE125974
200100066,GSE100066
200097341,GSE97341
200129362,GSE129362
200129361,GSE129361
200129344,GSE129344
200128399,GSE128399
200127492,GSE127492
200122273,GSE122273
200120081,GSE120081
200129307,GSE129307
200129277,GSE129277
200127762,GSE127762
200124845,GSE124845
200107334,GSE107334
200105786,GSE105786
200129240,GSE129240
200129231,GSE129231
200129210,GSE129210
200129182,GSE129182
200123065,GSE123065
200120439,GSE120439
200109181,GSE109181
200097723,GSE97723
200097722,GSE97722
200129160,GSE129160
200129152,GSE129152
200129142,GSE129142
200129111,GSE129111
200126569,GSE126569
200120596,GSE120596
200109786,GSE109786
200109350,GSE109350
200129131,GSE129131
200126379,GSE126379
200125152,GSE125152
200123379,GSE123379
200120268,GSE120268
200117180,GSE117180
200116957,GSE116957
200112448,GSE112448
200111252,GSE111252
200092578,GSE92578
200076913,GSE76913
200127764,GSE127764
200126502,GSE126502
200124622,GSE124622
200124381,GSE124381
200124001,GSE124001
200123510,GSE123510
200121667,GSE121667
200121665,GSE121665
200117641,GSE117641
200115678,GSE115678
200108191,GSE108191
200129071,GSE129071
200129066,GSE129066
200129058,GSE129058
200129044,GSE129044
200128919,GSE128919
200128918,GSE128918
200092725,GSE92725
200129002,GSE129002
200128998,GSE128998
200128970,GSE128970
200128951,GSE128951
200128915,GSE128915
200128912,GSE128912
200126529,GSE126529
200123397,GSE123397
200119864,GSE119864
200119149,GSE119149
200118797,GSE118797
200118197,GSE118197
200117970,GSE117970
200117054,GSE117054
200113960,GSE113960
200112318,GSE112318
200107045,GSE107045
200096779,GSE96779
200128866,GSE128866
200127903,GSE127903
200126753,GSE126753
200123638,GSE123638
200123637,GSE123637
200121926,GSE121926
200120115,GSE120115
200115365,GSE115365
200113861,GSE113861
200101585,GSE101585
200128840,GSE128840
200122304,GSE122304
200122303,GSE122303
200116126,GSE116126
200113313,GSE113313
200113312,GSE113312
200112341,GSE112341
200111247,GSE111247
200106557,GSE106557
200128766,GSE128766
200128765,GSE128765
200126329,GSE126329
200125114,GSE125114
200118937,GSE118937
200112795,GSE112795
200108212,GSE108212
200102506,GSE102506
200114216,GSE114216
200128740,GSE128740
200128735,GSE128735
200128722,GSE128722
200128718,GSE128718
200114686,GSE114686
200128648,GSE128648
200128647,GSE128647
200128641,GSE128641
200126535,GSE126535
200121092,GSE121092
200117138,GSE117138
200112243,GSE112243
200081977,GSE81977
200128588,GSE128588
200126155,GSE126155
200122614,GSE122614
200117127,GSE117127
200111905,GSE111905
200126195,GSE126195
200124776,GSE124776
200124397,GSE124397
200118739,GSE118739
200116121,GSE116121
200115763,GSE115763
200111853,GSE111853
200107868,GSE107868
200098069,GSE98069
200128500,GSE128500
200128443,GSE128443
200128414,GSE128414
200120192,GSE120192
200114948,GSE114948
200112445,GSE112445
200128384,GSE128384
200125905,GSE125905
200124059,GSE124059
200119834,GSE119834
200118567,GSE118567
200115873,GSE115873
200114729,GSE114729
200111167,GSE111167
200089787,GSE89787
200084273,GSE84273
200125887,GSE125887
200105145,GSE105145
200128392,GSE128392
200128359,GSE128359
200128342,GSE128342
200128257,GSE128257
200096726,GSE96726
200126542,GSE126542
200124810,GSE124810
200116233,GSE116233
200104176,GSE104176
200128224,GSE128224
200128189,GSE128189
200126757,GSE126757
200125775,GSE125775
200124817,GSE124817
200121790,GSE121790
200120233,GSE120233
200120205,GSE120205
200120203,GSE120203
200120202,GSE120202
200111845,GSE111845
200128205,GSE128205
200128188,GSE128188
200128174,GSE128174
200124579,GSE124579
200111972,GSE111972
200128102,GSE128102
200128096,GSE128096
200125941,GSE125941
200120836,GSE120836
200119501,GSE119501
200115377,GSE115377
200113010,GSE113010
200110205,GSE110205
200110130,GSE110130
200098372,GSE98372
200093039,GSE93039
200126109,GSE126109
200124453,GSE124453
200117311,GSE117311
200106774,GSE106774
200106592,GSE106592
200116984,GSE116984
200111073,GSE111073
200107387,GSE107387
200128078,GSE128078
200096060,GSE96060
200128004,GSE128004
200125932,GSE125932
200124757,GSE124757
200111665,GSE111665
200127905,GSE127905
200125602,GSE125602
200125370,GSE125370
200123055,GSE123055
200122672,GSE122672
200120663,GSE120663
200114974,GSE114974
200127871,GSE127871
200127836,GSE127836
200124073,GSE124073
200123532,GSE123532
200122588,GSE122588
200122437,GSE122437
200120574,GSE120574
200117086,GSE117086
200112145,GSE112145
200111483,GSE111483
200096064,GSE96064
200127792,GSE127792
200124818,GSE124818
200112137,GSE112137
200109752,GSE109752
200103404,GSE103404
200099127,GSE99127
200119587,GSE119587
200117746,GSE117746
200116241,GSE116241
200112591,GSE112591
200111203,GSE111203
200101588,GSE101588
200127169,GSE127169
200127168,GSE127168
200127167,GSE127167
200127166,GSE127166
200127164,GSE127164
200127163,GSE127163
200127162,GSE127162
200127160,GSE127160
200127159,GSE127159
200127158,GSE127158
200127157,GSE127157
200127156,GSE127156
200127155,GSE127155
200127154,GSE127154
200127153,GSE127153
200127152,GSE127152
200127150,GSE127150
200127148,GSE127148
200127147,GSE127147
200127145,GSE127145
200127141,GSE127141
200127138,GSE127138
200127137,GSE127137
200127135,GSE127135
200127134,GSE127134
200127133,GSE127133
200127131,GSE127131
200127130,GSE127130
200127129,GSE127129
200127127,GSE127127
200127126,GSE127126
200127124,GSE127124
200127123,GSE127123
200127122,GSE127122
200127120,GSE127120
200127118,GSE127118
200127115,GSE127115
200127113,GSE127113
200127112,GSE127112
200127111,GSE127111
200127110,GSE127110
200127109,GSE127109
200127108,GSE127108
200127105,GSE127105
200127104,GSE127104
200127103,GSE127103
200127102,GSE127102
200127101,GSE127101
200127100,GSE127100
200127099,GSE127099
200127098,GSE127098
200127097,GSE127097
200127096,GSE127096
200127095,GSE127095
200127094,GSE127094
200127093,GSE127093
200127091,GSE127091
200127090,GSE127090
200127088,GSE127088
200127087,GSE127087
200127086,GSE127086
200127085,GSE127085
200127084,GSE127084
200127083,GSE127083
200127082,GSE127082
200127080,GSE127080
200127078,GSE127078
200127077,GSE127077
200127076,GSE127076
200127074,GSE127074
200127073,GSE127073
200127071,GSE127071
200127070,GSE127070
200127068,GSE127068
200127066,GSE127066
200127065,GSE127065
200127063,GSE127063
200127062,GSE127062
200127061,GSE127061
200124535,GSE124535
200124357,GSE124357
200118185,GSE118185
200116114,GSE116114
200115669,GSE115669
200115514,GSE115514
200109439,GSE109439
200127736,GSE127736
200127664,GSE127664
200127572,GSE127572
200127530,GSE127530
200124876,GSE124876
200124411,GSE124411
200123023,GSE123023
200122967,GSE122967
200122486,GSE122486
200120176,GSE120176
200119699,GSE119699
200119584,GSE119584
200119264,GSE119264
200119007,GSE119007
200118942,GSE118942
200115988,GSE115988
200113986,GSE113986
200112300,GSE112300
200112298,GSE112298
200111357,GSE111357
200110644,GSE110644
200110182,GSE110182
200107808,GSE107808
200103792,GSE103792
200103035,GSE103035
200095588,GSE95588
200127276,GSE127276
200125509,GSE125509
200124400,GSE124400
200124284,GSE124284
200123287,GSE123287
200122927,GSE122927
200121906,GSE121906
200121361,GSE121361
200111061,GSE111061
200127211,GSE127211
200126893,GSE126893
200122709,GSE122709
200120720,GSE120720
200117906,GSE117906
200116873,GSE116873
200116870,GSE116870
200116867,GSE116867
200116662,GSE116662
200113650,GSE113650
200113422,GSE113422
200111423,GSE111423
200111201,GSE111201
200106305,GSE106305
200126983,GSE126983
200126975,GSE126975
200125203,GSE125203
200122237,GSE122237
200116986,GSE116986
200109519,GSE109519
200107323,GSE107323
200101980,GSE101980
200124556,GSE124556
200123755,GSE123755
200122708,GSE122708
200121422,GSE121422
200117270,GSE117270
200117193,GSE117193
200117189,GSE117189
200114558,GSE114558
200104232,GSE104232
200126933,GSE126933
200126919,GSE126919
200126912,GSE126912
200111011,GSE111011
200109924,GSE109924
200126848,GSE126848
200123071,GSE123071
200121976,GSE121976
200111823,GSE111823
200126840,GSE126840
200126805,GSE126805
200126797,GSE126797
200126785,GSE126785
200125182,GSE125182
200122536,GSE122536
200122535,GSE122535
200121949,GSE121949
200118148,GSE118148
200110320,GSE110320
200126788,GSE126788
200126784,GSE126784
200126779,GSE126779
200126752,GSE126752
200126723,GSE126723
200126451,GSE126451
200121896,GSE121896
200111307,GSE111307
200086347,GSE86347
200085831,GSE85831
200126548,GSE126548
200119631,GSE119631
200114642,GSE114642
200114150,GSE114150
200102116,GSE102116
200078178,GSE78178
200125222,GSE125222
200113165,GSE113165
200084824,GSE84824
200084538,GSE84538
200110268,GSE110268
200126633,GSE126633
200126609,GSE126609
200126602,GSE126602
200120862,GSE120862
200126575,GSE126575
200126564,GSE126564
200126562,GSE126562
200126537,GSE126537
200126397,GSE126397
200123699,GSE123699
200109369,GSE109369
200108115,GSE108115
200126530,GSE126530
200126504,GSE126504
200126503,GSE126503
200124582,GSE124582
200124466,GSE124466
200095189,GSE95189
200126464,GSE126464
200126462,GSE126462
200126449,GSE126449
200126442,GSE126442
200125866,GSE125866
200124620,GSE124620
200112592,GSE112592
200103203,GSE103203
200095173,GSE95173
200125747,GSE125747
200125638,GSE125638
200115572,GSE115572
200110480,GSE110480
200125578,GSE125578
200125472,GSE125472
200115828,GSE115828
200111009,GSE111009
200107692,GSE107692
200102243,GSE102243
200124826,GSE124826
200117493,GSE117493
200110449,GSE110449
200126306,GSE126306
200110417,GSE110417
200126260,GSE126260
200126253,GSE126253
200122568,GSE122568
200114883,GSE114883
200093758,GSE93758
200126153,GSE126153
200123940,GSE123940
200116927,GSE116927
200113121,GSE113121
200113120,GSE113120
200112379,GSE112379
200108304,GSE108304
200126152,GSE126152
200126107,GSE126107
200126091,GSE126091
200126083,GSE126083
200111918,GSE111918
200107572,GSE107572
200107011,GSE107011
200105951,GSE105951
200093265,GSE93265
200126076,GSE126076
200120182,GSE120182
200117655,GSE117655
200113946,GSE113946
200111819,GSE111819
200110219,GSE110219
200110179,GSE110179
200085610,GSE85610
200124508,GSE124508
200122550,GSE122550
200120298,GSE120298
200120297,GSE120297
200118152,GSE118152
200117481,GSE117481
200114037,GSE114037
200113964,GSE113964
200096825,GSE96825
200119669,GSE119669
200126007,GSE126007
200113655,GSE113655
200077462,GSE77462
200125966,GSE125966
200125963,GSE125963
200124140,GSE124140
200122953,GSE122953
200121273,GSE121273
200118644,GSE118644
200118140,GSE118140
200116346,GSE116346
200113505,GSE113505
200113098,GSE113098
200111485,GSE111485
200109795,GSE109795
200106873,GSE106873
200101934,GSE101934
200094544,GSE94544
200077958,GSE77958
200077522,GSE77522
200125917,GSE125917
200120959,GSE120959
200114885,GSE114885
200100931,GSE100931
200099559,GSE99559
200094339,GSE94339
200125862,GSE125862
200125829,GSE125829
200122093,GSE122093
200119977,GSE119977
200109809,GSE109809
200125802,GSE125802
200125778,GSE125778
200125733,GSE125733
200121082,GSE121082
200117588,GSE117588
200115663,GSE115663
200115575,GSE115575
200111437,GSE111437
200122383,GSE122383
200118077,GSE118077
200113695,GSE113695
200108248,GSE108248
200120891,GSE120891
200120890,GSE120890
200111520,GSE111520
200104908,GSE104908
200125686,GSE125686
200125642,GSE125642
200110278,GSE110278
200125577,GSE125577
200113185,GSE113185
200109673,GSE109673
200109620,GSE109620
200065830,GSE65830
200125522,GSE125522
200125506,GSE125506
200125453,GSE125453
200125442,GSE125442
200125421,GSE125421
200125369,GSE125369
200125365,GSE125365
200121425,GSE121425
200118808,GSE118808
200117622,GSE117622
200115390,GSE115390
200113907,GSE113907
200113386,GSE113386
200113215,GSE113215
200106810,GSE106810
200105884,GSE105884
200125395,GSE125395
200125196,GSE125196
200123471,GSE123471
200112101,GSE112101
200121845,GSE121845
200121843,GSE121843
200125355,GSE125355
200125352,GSE125352
200109408,GSE109408
200125280,GSE125280
200125252,GSE125252
200125251,GSE125251
200125250,GSE125250
200125248,GSE125248
200125247,GSE125247
200123786,GSE123786
200123785,GSE123785
200121317,GSE121317
200121212,GSE121212
200112378,GSE112378
200112037,GSE112037
200109409,GSE109409
200108746,GSE108746
200090861,GSE90861
200125178,GSE125178
200125167,GSE125167
200121515,GSE121515
200114524,GSE114524
200114016,GSE114016
200125150,GSE125150
200125130,GSE125130
200125112,GSE125112
200109245,GSE109245
200109228,GSE109228
200107169,GSE107169
200125043,GSE125043
200125024,GSE125024
200124939,GSE124939
200124402,GSE124402
200123564,GSE123564
200120675,GSE120675
200116728,GSE116728
200114816,GSE114816
200110525,GSE110525
200098370,GSE98370
200125011,GSE125011
200122688,GSE122688
200117701,GSE117701
200115616,GSE115616
200111363,GSE111363
200102539,GSE102539
200124968,GSE124968
200124949,GSE124949
200108869,GSE108869
200124934,GSE124934
200124900,GSE124900
200124530,GSE124530
200118532,GSE118532
200115421,GSE115421
200119147,GSE119147
200113362,GSE113362
200109565,GSE109565
200123898,GSE123898
200112241,GSE112241
200109084,GSE109084
200108680,GSE108680
200124761,GSE124761
200124733,GSE124733
200124711,GSE124711
200123098,GSE123098
200124664,GSE124664
200124625,GSE124625
200124607,GSE124607
200124590,GSE124590
200124586,GSE124586
200114837,GSE114837
200124548,GSE124548
200124538,GSE124538
200119832,GSE119832
200117910,GSE117910
200115203,GSE115203
200121607,GSE121607
200120847,GSE120847
200114874,GSE114874
200114847,GSE114847
200109378,GSE109378
200090762,GSE90762
200077408,GSE77408
200124519,GSE124519
200124513,GSE124513
200124393,GSE124393
200122069,GSE122069
200121757,GSE121757
200121535,GSE121535
200119423,GSE119423
200119331,GSE119331
200119005,GSE119005
200119001,GSE119001
200117106,GSE117106
200116759,GSE116759
200115361,GSE115361
200114486,GSE114486
200114265,GSE114265
200111786,GSE111786
200111570,GSE111570
200111365,GSE111365
200109120,GSE109120
200106272,GSE106272
200104856,GSE104856
200104526,GSE104526
200104171,GSE104171
200102732,GSE102732
200101799,GSE101799
200093717,GSE93717
200093716,GSE93716
200093708,GSE93708
200093605,GSE93605
200077129,GSE77129
200069932,GSE69932
200124500,GSE124500
200120755,GSE120755
200119527,GSE119527
200119345,GSE119345
200119265,GSE119265
200118750,GSE118750
200117564,GSE117564
200115941,GSE115941
200115850,GSE115850
200108919,GSE108919
200107163,GSE107163
200100587,GSE100587
200098016,GSE98016
200094335,GSE94335
200087096,GSE87096
200084620,GSE84620
200084439,GSE84439
200083540,GSE83540
200083360,GSE83360
200059009,GSE59009
200041687,GSE41687
200115938,GSE115938
200102720,GSE102720
200108622,GSE108622
200124450,GSE124450
200124429,GSE124429
200124412,GSE124412
200108596,GSE108596
200076425,GSE76425
200124389,GSE124389
200121827,GSE121827
200121112,GSE121112
200113144,GSE113144
200112813,GSE112813
200124350,GSE124350
200118870,GSE118870
200118864,GSE118864
200118774,GSE118774
200118309,GSE118309
200117040,GSE117040
200114213,GSE114213
200113400,GSE113400
200111653,GSE111653
200109841,GSE109841
200109708,GSE109708
200102880,GSE102880
200102377,GSE102377
200098692,GSE98692
200094686,GSE94686
200085494,GSE85494
200081816,GSE81816
200081164,GSE81164
200117275,GSE117275
200117143,GSE117143
200114069,GSE114069
200111958,GSE111958
200108541,GSE108541
200100828,GSE100828
200092914,GSE92914
200113210,GSE113210
200113209,GSE113209
200108496,GSE108496
200124288,GSE124288
200124282,GSE124282
200124268,GSE124268
200115621,GSE115621
200102729,GSE102729
200124208,GSE124208
200124199,GSE124199
200120601,GSE120601
200116347,GSE116347
200120849,GSE120849
200120229,GSE120229
200108350,GSE108350
200124062,GSE124062
200124057,GSE124057
200123541,GSE123541
200122438,GSE122438
200116943,GSE116943
200115137,GSE115137
200113039,GSE113039
200112866,GSE112866
200108317,GSE108317
200099816,GSE99816
200123973,GSE123973
200123968,GSE123968
200123943,GSE123943
200119551,GSE119551
200117101,GSE117101
200110606,GSE110606
200098483,GSE98483
200123905,GSE123905
200121226,GSE121226
200096613,GSE96613
200092328,GSE92328
200117212,GSE117212
200123840,GSE123840
200108174,GSE108174
200123821,GSE123821
200123820,GSE123820
200123769,GSE123769
200118974,GSE118974
200117776,GSE117776
200117609,GSE117609
200115845,GSE115845
200114644,GSE114644
200113803,GSE113803
200113101,GSE113101
200108056,GSE108056
200107867,GSE107867
200095057,GSE95057
200054946,GSE54946
200123689,GSE123689
200123681,GSE123681
200122661,GSE122661
200120330,GSE120330
200120329,GSE120329
200120328,GSE120328
200117454,GSE117454
200109423,GSE109423
200107707,GSE107707
200121995,GSE121995
200119336,GSE119336
200114159,GSE114159
200123631,GSE123631
200123603,GSE123603
200123539,GSE123539
200121069,GSE121069
200119743,GSE119743
200118727,GSE118727
200115193,GSE115193
200108705,GSE108705
200108429,GSE108429
200112983,GSE112983
200110248,GSE110248
200108893,GSE108893
200106416,GSE106416
200119765,GSE119765
200118448,GSE118448
200123477,GSE123477
200123468,GSE123468
200123434,GSE123434
200123410,GSE123410
200123380,GSE123380
200122490,GSE122490
200122309,GSE122309
200114027,GSE114027
200122401,GSE122401
200119427,GSE119427
200117452,GSE117452
200116963,GSE116963
200114040,GSE114040
200113230,GSE113230
200123320,GSE123320
200122563,GSE122563
200121810,GSE121810
200120099,GSE120099
200117829,GSE117829
200112594,GSE112594
200109143,GSE109143
200123290,GSE123290
200123275,GSE123275
200123247,GSE123247
200117485,GSE117485
200115128,GSE115128
200115127,GSE115127
200111992,GSE111992
200107717,GSE107717
200102114,GSE102114
200099583,GSE99583
200121154,GSE121154
200119700,GSE119700
200110512,GSE110512
200110487,GSE110487
200040181,GSE40181
200121573,GSE121573
200119835,GSE119835
200117627,GSE117627
200117123,GSE117123
200116823,GSE116823
200115751,GSE115751
200113253,GSE113253
200112970,GSE112970
200110397,GSE110397
200107943,GSE107943
200107781,GSE107781
200107594,GSE107594
200105771,GSE105771
200103044,GSE103044
200095754,GSE95754
200085443,GSE85443
200123156,GSE123156
200123113,GSE123113
200123112,GSE123112
200120642,GSE120642
200120201,GSE120201
200115364,GSE115364
200114575,GSE114575
200110914,GSE110914
200107516,GSE107516
200080554,GSE80554
200123084,GSE123084
200123045,GSE123045
200123039,GSE123039
200123034,GSE123034
200119744,GSE119744
200115736,GSE115736
200107490,GSE107490
200123029,GSE123029
200123017,GSE123017
200123016,GSE123016
200122991,GSE122991
200119749,GSE119749
200117236,GSE117236
200115924,GSE115924
200114286,GSE114286
200121951,GSE121951
200121950,GSE121950
200118530,GSE118530
200117993,GSE117993
200109142,GSE109142
200107370,GSE107370
200093326,GSE93326
200122897,GSE122897
200110380,GSE110380
200122876,GSE122876
200122845,GSE122845
200122844,GSE122844
200111904,GSE111904
200122818,GSE122818
200122796,GSE122796
200122791,GSE122791
200122786,GSE122786
200122761,GSE122761
200114519,GSE114519
200113330,GSE113330
200107391,GSE107391
200101608,GSE101608
200122751,GSE122751
200122735,GSE122735
200122729,GSE122729
200122509,GSE122509
200120272,GSE120272
200119538,GSE119538
200110142,GSE110142
200110028,GSE110028
200109562,GSE109562
200105792,GSE105792
200122707,GSE122707
200122679,GSE122679
200122654,GSE122654
200121756,GSE121756
200119608,GSE119608
200118157,GSE118157
200116187,GSE116187
200113734,GSE113734
200106874,GSE106874
200116323,GSE116323
200111656,GSE111656
200109724,GSE109724
200122659,GSE122659
200122633,GSE122633
200122624,GSE122624
200122425,GSE122425
200122274,GSE122274
200118313,GSE118313
200115098,GSE115098
200113957,GSE113957
200109229,GSE109229
200099006,GSE99006
200089796,GSE89796
200122552,GSE122552
200120579,GSE120579
200120371,GSE120371
200119002,GSE119002
200116131,GSE116131
200113902,GSE113902
200106910,GSE106910
200122485,GSE122485
200122461,GSE122461
200122459,GSE122459
200121877,GSE121877
200116250,GSE116250
200115788,GSE115788
200115266,GSE115266
200114019,GSE114019
200113399,GSE113399
200109844,GSE109844
200108293,GSE108293
200121070,GSE121070
200121065,GSE121065
200115462,GSE115462
200111389,GSE111389
200118318,GSE118318
200107224,GSE107224
200114708,GSE114708
200122380,GSE122380
200121919,GSE121919
200105041,GSE105041
200093126,GSE93126
200122334,GSE122334
200112898,GSE112898
200117407,GSE117407
200075711,GSE75711
200122229,GSE122229
200106617,GSE106617
200102113,GSE102113
200122193,GSE122193
200122168,GSE122168
200121871,GSE121871
200114063,GSE114063
200110775,GSE110775
200107000,GSE107000
200099662,GSE99662
200113041,GSE113041
200112996,GSE112996
200122088,GSE122088
200122071,GSE122071
200114710,GSE114710
200110045,GSE110045
200106560,GSE106560
200104105,GSE104105
200122018,GSE122018
200121428,GSE121428
200121307,GSE121307
200120411,GSE120411
200119757,GSE119757
200119449,GSE119449
200117838,GSE117838
200117720,GSE117720
200117632,GSE117632
200115449,GSE115449
200113227,GSE113227
200108521,GSE108521
200107878,GSE107878
200106407,GSE106407
200106394,GSE106394
200106392,GSE106392
200106338,GSE106338
200099526,GSE99526
200098948,GSE98948
200097435,GSE97435
200122002,GSE122002
200121964,GSE121964
200121857,GSE121857
200119688,GSE119688
200119290,GSE119290
200117469,GSE117469
200115334,GSE115334
200113812,GSE113812
200111556,GSE111556
200110309,GSE110309
200106848,GSE106848
200105253,GSE105253
200103928,GSE103928
200088942,GSE88942
200121927,GSE121927
200119315,GSE119315
200117875,GSE117875
200115542,GSE115542
200113868,GSE113868
200111341,GSE111341
200106566,GSE106566
200106537,GSE106537
200106311,GSE106311
200105016,GSE105016
200104950,GSE104950
200104425,GSE104425
200103864,GSE103864
200112277,GSE112277
200111881,GSE111881
200111880,GSE111880
200116816,GSE116816
200106290,GSE106290
200106283,GSE106283
200121575,GSE121575
200119047,GSE119047
200118538,GSE118538
200115237,GSE115237
200112608,GSE112608
200109700,GSE109700
200104837,GSE104837
200101503,GSE101503
200085522,GSE85522
200114296,GSE114296
200109648,GSE109648
200089266,GSE89266
200121697,GSE121697
200121679,GSE121679
200121476,GSE121476
200114510,GSE114510
200113008,GSE113008
200106116,GSE106116
200101860,GSE101860
200121627,GSE121627
200121584,GSE121584
200121580,GSE121580
200121578,GSE121578
200121559,GSE121559
200121553,GSE121553
200120710,GSE120710
200118548,GSE118548
200118490,GSE118490
200117497,GSE117497
200117264,GSE117264
200117168,GSE117168
200114607,GSE114607
200094807,GSE94807
200074333,GSE74333
200121188,GSE121188
200119579,GSE119579
200119578,GSE119578
200116642,GSE116642
200102335,GSE102335
200113493,GSE113493
200121534,GSE121534
200121519,GSE121519
200120913,GSE120913
200120767,GSE120767
200120766,GSE120766
200098009,GSE98009
200121485,GSE121485
200121411,GSE121411
200118488,GSE118488
200118435,GSE118435
200114765,GSE114765
200121385,GSE121385
200121376,GSE121376
200118504,GSE118504
200117796,GSE117796
200117562,GSE117562
200114529,GSE114529
200113972,GSE113972
200113261,GSE113261
200111906,GSE111906
200088965,GSE88965
200107648,GSE107648
200101531,GSE101531
200121277,GSE121277
200121276,GSE121276
200121241,GSE121241
200121238,GSE121238
200113529,GSE113529
200112339,GSE112339
200110638,GSE110638
200110451,GSE110451
200108933,GSE108933
200074261,GSE74261
200120621,GSE120621
200110193,GSE110193
200120466,GSE120466
200100441,GSE100441
200121155,GSE121155
200121137,GSE121137
200121127,GSE121127
200121117,GSE121117
200119320,GSE119320
200108094,GSE108094
200104872,GSE104872
200101913,GSE101913
200121072,GSE121072
200121049,GSE121049
200118990,GSE118990
200116650,GSE116650
200111177,GSE111177
200121095,GSE121095
200121093,GSE121093
200121007,GSE121007
200120996,GSE120996
200116133,GSE116133
200111571,GSE111571
200110968,GSE110968
200104744,GSE104744
200112295,GSE112295
200077216,GSE77216
200120844,GSE120844
200118310,GSE118310
200118307,GSE118307
200115024,GSE115024
200113883,GSE113883
200113171,GSE113171
200088888,GSE88888
200120886,GSE120886
200113090,GSE113090
200106881,GSE106881
200120852,GSE120852
200120834,GSE120834
200120004,GSE120004
200118206,GSE118206
200111405,GSE111405
200106899,GSE106899
200104607,GSE104607
200100860,GSE100860
200120805,GSE120805
200120800,GSE120800
200120798,GSE120798
200120795,GSE120795
200120783,GSE120783
200120756,GSE120756
200120702,GSE120702
200120649,GSE120649
200115632,GSE115632
200112623,GSE112623
200106851,GSE106851
200101108,GSE101108
200120763,GSE120763
200120741,GSE120741
200120734,GSE120734
200114597,GSE114597
200111878,GSE111878
200102069,GSE102069
200100743,GSE100743
200120691,GSE120691
200115655,GSE115655
200115654,GSE115654
200115653,GSE115653
200115423,GSE115423
200112589,GSE112589
200112586,GSE112586
200094013,GSE94013
200118923,GSE118923
200118014,GSE118014
200116797,GSE116797
200114191,GSE114191
200113863,GSE113863
200108773,GSE108773
200108749,GSE108749
200108464,GSE108464
200103761,GSE103761
200103756,GSE103756
200089020,GSE89020
200087592,GSE87592
200120660,GSE120660
200119827,GSE119827
200118995,GSE118995
200108223,GSE108223
200103852,GSE103852
200120612,GSE120612
200120567,GSE120567
200120562,GSE120562
200107600,GSE107600
200120502,GSE120502
200110486,GSE110486
200107611,GSE107611
200104926,GSE104926
200120468,GSE120468
200119088,GSE119088
200118951,GSE118951
200118049,GSE118049
200117836,GSE117836
200117738,GSE117738
200109843,GSE109843
200084135,GSE84135
200120364,GSE120364
200120355,GSE120355
200112356,GSE112356
200102336,GSE102336
200119378,GSE119378
200116006,GSE116006
200114165,GSE114165
200102311,GSE102311
200078149,GSE78149
200120306,GSE120306
200120299,GSE120299
200111634,GSE111634
200104141,GSE104141
200089393,GSE89393
200120246,GSE120246
200117299,GSE117299
200114789,GSE114789
200114425,GSE114425
200104570,GSE104570
200120222,GSE120222
200113369,GSE113369
200108266,GSE108266
200102777,GSE102777
200097469,GSE97469
200120095,GSE120095
200120021,GSE120021
200101435,GSE101435
200120079,GSE120079
200097352,GSE97352
200117254,GSE117254
200106564,GSE106564
200103643,GSE103643
200073226,GSE73226
200073092,GSE73092
200102408,GSE102408
200102407,GSE102407
200119954,GSE119954
200119937,GSE119937
200119918,GSE119918
200119909,GSE119909
200100009,GSE100009
200119868,GSE119868
200116185,GSE116185
200105127,GSE105127
200119794,GSE119794
200119773,GSE119773
200117362,GSE117362
200116559,GSE116559
200113031,GSE113031
200103729,GSE103729
200101389,GSE101389
200119705,GSE119705
200115318,GSE115318
200111379,GSE111379
200110636,GSE110636
200110635,GSE110635
200110634,GSE110634
200110633,GSE110633
200110632,GSE110632
200109860,GSE109860
200118305,GSE118305
200115168,GSE115168
200111652,GSE111652
200110669,GSE110669
200108995,GSE108995
200108676,GSE108676
200095077,GSE95077
200114003,GSE114003
200112221,GSE112221
200072862,GSE72862
200119678,GSE119678
200119674,GSE119674
200119622,GSE119622
200115533,GSE115533
200119615,GSE119615
200119606,GSE119606
200119513,GSE119513
200119512,GSE119512
200119511,GSE119511
200119510,GSE119510
200116002,GSE116002
200114383,GSE114383
200103537,GSE103537
200118165,GSE118165
200104973,GSE104973
200103843,GSE103843
200103604,GSE103604
200119145,GSE119145
200118088,GSE118088
200115650,GSE115650
200108149,GSE108149
200118939,GSE118939
200115601,GSE115601
200107685,GSE107685
200103510,GSE103510
200119317,GSE119317
200117744,GSE117744
200116567,GSE116567
200116188,GSE116188
200115789,GSE115789
200113371,GSE113371
200111231,GSE111231
200104458,GSE104458
200092387,GSE92387
200070466,GSE70466
200062818,GSE62818
200119232,GSE119232
200118954,GSE118954
200117669,GSE117669
200115686,GSE115686
200115550,GSE115550
200112031,GSE112031
200099302,GSE99302
200119209,GSE119209
200119204,GSE119204
200119192,GSE119192
200119191,GSE119191
200116744,GSE116744
200114987,GSE114987
200114260,GSE114260
200111151,GSE111151
200108545,GSE108545
200107176,GSE107176
200106638,GSE106638
200103201,GSE103201
200102268,GSE102268
200064341,GSE64341
200063701,GSE63701
200119161,GSE119161
200119117,GSE119117
200107693,GSE107693
200107514,GSE107514
200098758,GSE98758
200119113,GSE119113
200117444,GSE117444
200115205,GSE115205
200107319,GSE107319
200085880,GSE85880
200115429,GSE115429
200114946,GSE114946
200111619,GSE111619
200119021,GSE119021
200111584,GSE111584
200084080,GSE84080
200119025,GSE119025
200119013,GSE119013
200118901,GSE118901
200103477,GSE103477
200100451,GSE100451
200096931,GSE96931
200110424,GSE110424
200108157,GSE108157
200106166,GSE106166
200103637,GSE103637
200102908,GSE102908
200118816,GSE118816
200118772,GSE118772
200115146,GSE115146
200113113,GSE113113
200109062,GSE109062
200083834,GSE83834
200115821,GSE115821
200103329,GSE103329
200103165,GSE103165
200102983,GSE102983
200102770,GSE102770
200109161,GSE109161
200118686,GSE118686
200102813,GSE102813
200118637,GSE118637
200118624,GSE118624
200107956,GSE107956
200107954,GSE107954
200107897,GSE107897
200118566,GSE118566
200111332,GSE111332
200111036,GSE111036
200097709,GSE97709
200118514,GSE118514
200105264,GSE105264
200102661,GSE102661
200098514,GSE98514
200118497,GSE118497
200118449,GSE118449
200118104,GSE118104
200102806,GSE102806
200102653,GSE102653
200110608,GSE110608
200106344,GSE106344
200118384,GSE118384
200103057,GSE103057
200098007,GSE98007
200113550,GSE113550
200102498,GSE102498
200118301,GSE118301
200118285,GSE118285
200113348,GSE113348
200106420,GSE106420
200118239,GSE118239
200114573,GSE114573
200111134,GSE111134
200110471,GSE110471
200118158,GSE118158
200116815,GSE116815
200113609,GSE113609
200107010,GSE107010
200106577,GSE106577
200097616,GSE97616
200097615,GSE97615
200078928,GSE78928
200117637,GSE117637
200111178,GSE111178
200102315,GSE102315
200102250,GSE102250
200083107,GSE83107
200111272,GSE111272
200118113,GSE118113
200118105,GSE118105
200118046,GSE118046
200117671,GSE117671
200107566,GSE107566
200105028,GSE105028
200103706,GSE103706
200103584,GSE103584
200117966,GSE117966
200115731,GSE115731
200111507,GSE111507
200110656,GSE110656
200108413,GSE108413
200117159,GSE117159
200116327,GSE116327
200116159,GSE116159
200116099,GSE116099
200116098,GSE116098
200113375,GSE113375
200112516,GSE112516
200112401,GSE112401
200111927,GSE111927
200111582,GSE111582
200102228,GSE102228
200102112,GSE102112
200101794,GSE101794
200098941,GSE98941
200089475,GSE89475
200088752,GSE88752
200084958,GSE84958
200117885,GSE117885
200113926,GSE113926
200108265,GSE108265
200098343,GSE98343
200084536,GSE84536
200110073,GSE110073
200106915,GSE106915
200102371,GSE102371
200117828,GSE117828
200117798,GSE117798
200117769,GSE117769
200117765,GSE117765
200117685,GSE117685
200111754,GSE111754
200104949,GSE104949
200117664,GSE117664
200117614,GSE117614
200116172,GSE116172
200113891,GSE113891
200113698,GSE113698
200117610,GSE117610
200117580,GSE117580
200115310,GSE115310
200109720,GSE109720
200116178,GSE116178
200101833,GSE101833
200082281,GSE82281
200071192,GSE71192
200117459,GSE117459
200101726,GSE101726
200117405,GSE117405
200117110,GSE117110
200115687,GSE115687
200110206,GSE110206
200102146,GSE102146
200102145,GSE102145
200117337,GSE117337
200115348,GSE115348
200112509,GSE112509
200111789,GSE111789
200110951,GSE110951
200108392,GSE108392
200102045,GSE102045
200117238,GSE117238
200117160,GSE117160
200108986,GSE108986
200095499,GSE95499
200117162,GSE117162
200117133,GSE117133
200101525,GSE101525
200095670,GSE95670
200109320,GSE109320
200112458,GSE112458
200108589,GSE108589
200102746,GSE102746
200117060,GSE117060
200117012,GSE117012
200116622,GSE116622
200113816,GSE113816
200116971,GSE116971
200116936,GSE116936
200116909,GSE116909
200116675,GSE116675
200113790,GSE113790
200087254,GSE87254
200116900,GSE116900
200116899,GSE116899
200116865,GSE116865
200116860,GSE116860
200116170,GSE116170
200109503,GSE109503
200099958,GSE99958
200116810,GSE116810
200116782,GSE116782
200116770,GSE116770
200113798,GSE113798
200110805,GSE110805
200107934,GSE107934
200101050,GSE101050
200112686,GSE112686
200098547,GSE98547
200094582,GSE94582
200089123,GSE89123
200116688,GSE116688
200116686,GSE116686
200116637,GSE116637
200113764,GSE113764
200111643,GSE111643
200112729,GSE112729
200106669,GSE106669
200100885,GSE100885
200115259,GSE115259
200104033,GSE104033
200116501,GSE116501
200116499,GSE116499
200116405,GSE116405
200108502,GSE108502
200101300,GSE101300
200116472,GSE116472
200116369,GSE116369
200114794,GSE114794
200113485,GSE113485
200112886,GSE112886
200112058,GSE112058
200109731,GSE109731
200108906,GSE108906
200107304,GSE107304
200106699,GSE106699
200101743,GSE101743
200100803,GSE100803
200100347,GSE100347
200095634,GSE95634
200090469,GSE90469
200083781,GSE83781
200083699,GSE83699
200081928,GSE81928
200079776,GSE79776
200115142,GSE115142
200107473,GSE107473
200102638,GSE102638
200100328,GSE100328
200116324,GSE116324
200116087,GSE116087
200104320,GSE104320
200111377,GSE111377
200109111,GSE109111
200106640,GSE106640
200100670,GSE100670
200095120,GSE95120
200082183,GSE82183
200116243,GSE116243
200115827,GSE115827
200106378,GSE106378
200102474,GSE102474
200102209,GSE102209
200100565,GSE100565
200085163,GSE85163
200116193,GSE116193
200111793,GSE111793
200101766,GSE101766
200101758,GSE101758
200101750,GSE101750
200070268,GSE70268
200116166,GSE116166
200100399,GSE100399
200116124,GSE116124
200116073,GSE116073
200115122,GSE115122
200114922,GSE114922
200112786,GSE112786
200115832,GSE115832
200114970,GSE114970
200108126,GSE108126
200102620,GSE102620
200099490,GSE99490
200090726,GSE90726
200115979,GSE115979
200107676,GSE107676
200100292,GSE100292
200092346,GSE92346
200083512,GSE83512
200115969,GSE115969
200115940,GSE115940
200114554,GSE114554
200114543,GSE114543
200114542,GSE114542
200113604,GSE113604
200100261,GSE100261
200115831,GSE115831
200115464,GSE115464
200111900,GSE111900
200106368,GSE106368
200083475,GSE83475
200115898,GSE115898
200115867,GSE115867
200113333,GSE113333
200095536,GSE95536
200092521,GSE92521
200069891,GSE69891
200115737,GSE115737
200104103,GSE104103
200099373,GSE99373
200115698,GSE115698
200100484,GSE100484
200099992,GSE99992
200115643,GSE115643
200115609,GSE115609
200115608,GSE115608
200115594,GSE115594
200110229,GSE110229
200109260,GSE109260
200099501,GSE99501
200097928,GSE97928
200087785,GSE87785
200077295,GSE77295
200115598,GSE115598
200115256,GSE115256
200104759,GSE104759
200099769,GSE99769
200103528,GSE103528
200099737,GSE99737
200069738,GSE69738
200115509,GSE115509
200115442,GSE115442
200108469,GSE108469
200107767,GSE107767
200107766,GSE107766
200095354,GSE95354
200111007,GSE111007
200110054,GSE110054
200115075,GSE115075
200107405,GSE107405
200099790,GSE99790
200115311,GSE115311
200113573,GSE113573
200109342,GSE109342
200108418,GSE108418
200107399,GSE107399
200102118,GSE102118
200115240,GSE115240
200113711,GSE113711
200112483,GSE112483
200112482,GSE112482
200112289,GSE112289
200108621,GSE108621
200103356,GSE103356
200100796,GSE100796
200099647,GSE99647
200097541,GSE97541
200101988,GSE101988
200114959,GSE114959
200114916,GSE114916
200114850,GSE114850
200114471,GSE114471
200114111,GSE114111
200114109,GSE114109
200114105,GSE114105
200113839,GSE113839
200112787,GSE112787
200111651,GSE111651
200108863,GSE108863
200106637,GSE106637
200106534,GSE106534
200104354,GSE104354
200103557,GSE103557
200099776,GSE99776
200090785,GSE90785
200115166,GSE115166
200115099,GSE115099
200114065,GSE114065
200108027,GSE108027
200108026,GSE108026
200102956,GSE102956
200102534,GSE102534
200101921,GSE101921
200100676,GSE100676
200099789,GSE99789
200099675,GSE99675
200099378,GSE99378
200097587,GSE97587
200093991,GSE93991
200081106,GSE81106
200113194,GSE113194
200110713,GSE110713
200110610,GSE110610
200103905,GSE103905
200102947,GSE102947
200101577,GSE101577
200114966,GSE114966
200112057,GSE112057
200107564,GSE107564
200081484,GSE81484
200097326,GSE97326
200114941,GSE114941
200114907,GSE114907
200111583,GSE111583
200110677,GSE110677
200108084,GSE108084
200061517,GSE61517
200113476,GSE113476
200107620,GSE107620
200099263,GSE99263
200114796,GSE114796
200114781,GSE114781
200107104,GSE107104
200104756,GSE104756
200099768,GSE99768
200084476,GSE84476
200114738,GSE114738
200114716,GSE114716
200112491,GSE112491
200099531,GSE99531
200099240,GSE99240
200114685,GSE114685
200114013,GSE114013
200114012,GSE114012
200095863,GSE95863
200095122,GSE95122
200114636,GSE114636
200111406,GSE111406
200114625,GSE114625
200104131,GSE104131
200099048,GSE99048
200090600,GSE90600
200114559,GSE114559
200114553,GSE114553
200114541,GSE114541
200114514,GSE114514
200113588,GSE113588
200113585,GSE113585
200113191,GSE113191
200112124,GSE112124
200102767,GSE102767
200101342,GSE101342
200093386,GSE93386
200083327,GSE83327
200109460,GSE109460
200108177,GSE108177
200098060,GSE98060
200114493,GSE114493
200111949,GSE111949
200108347,GSE108347
200099181,GSE99181
200099175,GSE99175
200108197,GSE108197
200046846,GSE46846
200114360,GSE114360
200112155,GSE112155
200106634,GSE106634
200098805,GSE98805
200071808,GSE71808
200114189,GSE114189
200110685,GSE110685
200109367,GSE109367
200109322,GSE109322
200105486,GSE105486
200099085,GSE99085
200098797,GSE98797
200113107,GSE113107
200108651,GSE108651
200107001,GSE107001
200113848,GSE113848
200103046,GSE103046
200114051,GSE114051
200114007,GSE114007
200111310,GSE111310
200113976,GSE113976
200111908,GSE111908
200111163,GSE111163
200101571,GSE101571
200111977,GSE111977
200108663,GSE108663
200101788,GSE101788
200088735,GSE88735
200113519,GSE113519
200109326,GSE109326
200108352,GSE108352
200107728,GSE107728
200106169,GSE106169
200106159,GSE106159
200104602,GSE104602
200103325,GSE103325
200102187,GSE102187
200101541,GSE101541
200101540,GSE101540
200100269,GSE100269
200098836,GSE98836
200098508,GSE98508
200087767,GSE87767
200113648,GSE113648
200113287,GSE113287
200110616,GSE110616
200107965,GSE107965
200106476,GSE106476
200103846,GSE103846
200102730,GSE102730
200100400,GSE100400
200080829,GSE80829
200113804,GSE113804
200113777,GSE113777
200113753,GSE113753
200104050,GSE104050
200103811,GSE103811
200093675,GSE93675
200113670,GSE113670
200113659,GSE113659
200109823,GSE109823
200109598,GSE109598
200107230,GSE107230
200096711,GSE96711
200095511,GSE95511
200113601,GSE113601
200111210,GSE111210
200111199,GSE111199
200110935,GSE110935
200109231,GSE109231
200105773,GSE105773
200104729,GSE104729
200101074,GSE101074
200099536,GSE99536
200098208,GSE98208
200113060,GSE113060
200102352,GSE102352
200100215,GSE100215
200098812,GSE98812
200098768,GSE98768
200098559,GSE98559
200098111,GSE98111
200094578,GSE94578
200113504,GSE113504
200113426,GSE113426
200100368,GSE100368
200106443,GSE106443
200101005,GSE101005
200101004,GSE101004
200080609,GSE80609
200113474,GSE113474
200108694,GSE108694
200113353,GSE113353
200107994,GSE107994
200107993,GSE107993
200107992,GSE107992
200107991,GSE107991
200099697,GSE99697
200113259,GSE113259
200113247,GSE113247
200113244,GSE113244
200113218,GSE113218
200111222,GSE111222
200110948,GSE110948
200104910,GSE104910
200099247,GSE99247
200098922,GSE98922
200097990,GSE97990
200088757,GSE88757
200113193,GSE113193
200108534,GSE108534
200107785,GSE107785
200101413,GSE101413
200099421,GSE99421
200109690,GSE109690
200108938,GSE108938
200108539,GSE108539
200106500,GSE106500
200101560,GSE101560
200097205,GSE97205
200079544,GSE79544
200080352,GSE80352
200080313,GSE80313
200080305,GSE80305
200113126,GSE113126
200113117,GSE113117
200113071,GSE113071
200113070,GSE113070
200113035,GSE113035
200113024,GSE113024
200109825,GSE109825
200104853,GSE104853
200095477,GSE95477
200085214,GSE85214
200104296,GSE104296
200103293,GSE103293
200094438,GSE94438
200089975,GSE89975
200111085,GSE111085
200110536,GSE110536
200104382,GSE104382
200103990,GSE103990
200101942,GSE101942
200101485,GSE101485
200112695,GSE112695
200112345,GSE112345
200101824,GSE101824
200096538,GSE96538
200094396,GSE94396
200112486,GSE112486
200111457,GSE111457
200111005,GSE111005
200109090,GSE109090
200109089,GSE109089
200108907,GSE108907
200100708,GSE100708
200111084,GSE111084
200086064,GSE86064
200079879,GSE79879
200111968,GSE111968
200110952,GSE110952
200109265,GSE109265
200098206,GSE98206
200111345,GSE111345
200111320,GSE111320
200109270,GSE109270
200108012,GSE108012
200107932,GSE107932
200107593,GSE107593
200105153,GSE105153
200105152,GSE105152
200085170,GSE85170
200108638,GSE108638
200111876,GSE111876
200111511,GSE111511
200112362,GSE112362
200106292,GSE106292
200104621,GSE104621
200112365,GSE112365
200112335,GSE112335
200109625,GSE109625
200089957,GSE89957
200112068,GSE112068
200096783,GSE96783
200063217,GSE63217
200106288,GSE106288
200090642,GSE90642
200085606,GSE85606
200112201,GSE112201
200112007,GSE112007
200083999,GSE83999
200110826,GSE110826
200104091,GSE104091
200093935,GSE93935
200112087,GSE112087
200112083,GSE112083
200108519,GSE108519
200103486,GSE103486
200100132,GSE100132
200099949,GSE99949
200089443,GSE89443
200087577,GSE87577
200112026,GSE112026
200101803,GSE101803
200090715,GSE90715
200109604,GSE109604
200109422,GSE109422
200105436,GSE105436
200107216,GSE107216
200097382,GSE97382
200096784,GSE96784
200095180,GSE95180
200103489,GSE103489
200101880,GSE101880
200110736,GSE110736
200096852,GSE96852
200096659,GSE96659
200090684,GSE90684
200090639,GSE90639
200098104,GSE98104
200096596,GSE96596
200074253,GSE74253
200111741,GSE111741
200109892,GSE109892
200107633,GSE107633
200110097,GSE110097
200109491,GSE109491
200107980,GSE107980
200106573,GSE106573
200100144,GSE100144
200087757,GSE87757
200111655,GSE111655
200110492,GSE110492
200107201,GSE107201
200106887,GSE106887
200103940,GSE103940
200095028,GSE95028
200093535,GSE93535
200068836,GSE68836
200111538,GSE111538
200100576,GSE100576
200100469,GSE100469
200098289,GSE98289
200098010,GSE98010
200107273,GSE107273
200105161,GSE105161
200104704,GSE104704
200102493,GSE102493
200093996,GSE93996
200083443,GSE83443
200080741,GSE80741
200077879,GSE77879
200110853,GSE110853
200110325,GSE110325
200104174,GSE104174
200094111,GSE94111
200078931,GSE78931
200066632,GSE66632
200106579,GSE106579
200100572,GSE100572
200099287,GSE99287
200090514,GSE90514
200109182,GSE109182
200095706,GSE95706
200089056,GSE89056
200111305,GSE111305
200102505,GSE102505
200101821,GSE101821
200095648,GSE95648
200095644,GSE95644
200109870,GSE109870
200108928,GSE108928
200108841,GSE108841
200107472,GSE107472
200106776,GSE106776
200106359,GSE106359
200104545,GSE104545
200097296,GSE97296
200096083,GSE96083
200096077,GSE96077
200095640,GSE95640
200095079,GSE95079
200094660,GSE94660
200111195,GSE111195
200111168,GSE111168
200109607,GSE109607
200104721,GSE104721
200102881,GSE102881
200101993,GSE101993
200101774,GSE101774
200098645,GSE98645
200089484,GSE89484
200109177,GSE109177
200108029,GSE108029
200103082,GSE103082
200103068,GSE103068
200102128,GSE102128
200101904,GSE101904
200097265,GSE97265
200094859,GSE94859
200111082,GSE111082
200103383,GSE103383
200108050,GSE108050
200098894,GSE98894
200096760,GSE96760
200089183,GSE89183
200066304,GSE66304
200110999,GSE110999
200109652,GSE109652
200106589,GSE106589
200095386,GSE95386
200094241,GSE94241
200092459,GSE92459
200069810,GSE69810
200110936,GSE110936
200105050,GSE105050
200104664,GSE104664
200103666,GSE103666
200102873,GSE102873
200100882,GSE100882
200100232,GSE100232
200100207,GSE100207
200100063,GSE100063
200099985,GSE99985
200098230,GSE98230
200095461,GSE95461
200095369,GSE95369
200095243,GSE95243
200093229,GSE93229
200080033,GSE80033
200110903,GSE110903
200109298,GSE109298
200106297,GSE106297
200103945,GSE103945
200099350,GSE99350
200099248,GSE99248
200090569,GSE90569
200090468,GSE90468
200110810,GSE110810
200107971,GSE107971
200107376,GSE107376
200101595,GSE101595
200101594,GSE101594
200100323,GSE100323
200095153,GSE95153
200094863,GSE94863
200097648,GSE97648
200110762,GSE110762
200110709,GSE110709
200098675,GSE98675
200108498,GSE108498
200104594,GSE104594
200103327,GSE103327
200099745,GSE99745
200094919,GSE94919
200093090,GSE93090
200083990,GSE83990
200080537,GSE80537
200109001,GSE109001
200107650,GSE107650
200106552,GSE106552
200101410,GSE101410
200100764,GSE100764
200057401,GSE57401
200110390,GSE110390
200105764,GSE105764
200105414,GSE105414
200104178,GSE104178
200104168,GSE104168
200104020,GSE104020
200102230,GSE102230
200102220,GSE102220
200100859,GSE100859
200099483,GSE99483
200097851,GSE97851
200096962,GSE96962
200095072,GSE95072
200094693,GSE94693
200094367,GSE94367
200091051,GSE91051
200086549,GSE86549
200086430,GSE86430
200083342,GSE83342
200109003,GSE109003
200107770,GSE107770
200104542,GSE104542
200104423,GSE104423
200104295,GSE104295
200103488,GSE103488
200100687,GSE100687
200099963,GSE99963
200097728,GSE97728
200097356,GSE97356
200096877,GSE96877
200094155,GSE94155
200093543,GSE93543
200092250,GSE92250
200086232,GSE86232
200081951,GSE81951
200110467,GSE110467
200103170,GSE103170
200102301,GSE102301
200065975,GSE65975
200106503,GSE106503
200106502,GSE106502
200109064,GSE109064
200108500,GSE108500
200103938,GSE103938
200102854,GSE102854
200102852,GSE102852
200094928,GSE94928
200110386,GSE110386
200107313,GSE107313
200104120,GSE104120
200110220,GSE110220
200107555,GSE107555
200103549,GSE103549
200102744,GSE102744
200097831,GSE97831
200069770,GSE69770
200110180,GSE110180
200110114,GSE110114
200108693,GSE108693
200095027,GSE95027
200079788,GSE79788
200110149,GSE110149
200108830,GSE108830
200101437,GSE101437
200098192,GSE98192
200094570,GSE94570
200097986,GSE97986
200110041,GSE110041
200108601,GSE108601
200104730,GSE104730
200104559,GSE104559
200098485,GSE98485
200065523,GSE65523
200107047,GSE107047
200105447,GSE105447
200105088,GSE105088
200103831,GSE103831
200101287,GSE101287
200100472,GSE100472
200100127,GSE100127
200099688,GSE99688
200094874,GSE94874
200086457,GSE86457
200109903,GSE109903
200109830,GSE109830
200103531,GSE103531
200103520,GSE103520
200103420,GSE103420
200102155,GSE102155
200097224,GSE97224
200094332,GSE94332
200092917,GSE92917
200092244,GSE92244
200092243,GSE92243
200092241,GSE92241
200087624,GSE87624
200086247,GSE86247
200069157,GSE69157
200107111,GSE107111
200105783,GSE105783
200091019,GSE91019
200080153,GSE80153
200109290,GSE109290
200106414,GSE106414
200104864,GSE104864
200103539,GSE103539
200099231,GSE99231
200090455,GSE90455
200109686,GSE109686
200109683,GSE109683
200094150,GSE94150
200094149,GSE94149
200106989,GSE106989
200099088,GSE99088
200109528,GSE109528
200109483,GSE109483
200109481,GSE109481
200107307,GSE107307
200107029,GSE107029
200103790,GSE103790
200103021,GSE103021
200102616,GSE102616
200101705,GSE101705
200099621,GSE99621
200098454,GSE98454
200109484,GSE109484
200109419,GSE109419
200109313,GSE109313
200107838,GSE107838
200106261,GSE106261
200105083,GSE105083
200097159,GSE97159
200095132,GSE95132
200093627,GSE93627
200091061,GSE91061
200109082,GSE109082
200107542,GSE107542
200093911,GSE93911
200065193,GSE65193
200109463,GSE109463
200109420,GSE109420
200108763,GSE108763
200104465,GSE104465
200101665,GSE101665
200093895,GSE93895
200109373,GSE109373
200105248,GSE105248
200095013,GSE95013
200108923,GSE108923
200100684,GSE100684
200093709,GSE93709
200109185,GSE109185
200101477,GSE101477
200098183,GSE98183
200095703,GSE95703
200074230,GSE74230
200109140,GSE109140
200093744,GSE93744
200109108,GSE109108
200109072,GSE109072
200104552,GSE104552
200103405,GSE103405
200101480,GSE101480
200100075,GSE100075
200097513,GSE97513
200090830,GSE90830
200104690,GSE104690
200102004,GSE102004
200099149,GSE99149
200109028,GSE109028
200108971,GSE108971
200086855,GSE86855
200108905,GSE108905
200108901,GSE108901
200108883,GSE108883
200108308,GSE108308
200107096,GSE107096
200106991,GSE106991
200099246,GSE99246
200096634,GSE96634
200074863,GSE74863
200104308,GSE104308
200104282,GSE104282
200104227,GSE104227
200104149,GSE104149
200099202,GSE99202
200092724,GSE92724
200108757,GSE108757
200107196,GSE107196
200106688,GSE106688
200103907,GSE103907
200099215,GSE99215
200097183,GSE97183
200108495,GSE108495
200107871,GSE107871
200100813,GSE100813
200100092,GSE100092
200093069,GSE93069
200107898,GSE107898
200102870,GSE102870
200081198,GSE81198
200107923,GSE107923
200107574,GSE107574
200106844,GSE106844
200103934,GSE103934
200103719,GSE103719
200103602,GSE103602
200099867,GSE99867
200099637,GSE99637
200099349,GSE99349
200098091,GSE98091
200093904,GSE93904
200090519,GSE90519
200086867,GSE86867
200077140,GSE77140
200107762,GSE107762
200104348,GSE104348
200102305,GSE102305
200100710,GSE100710
200100709,GSE100709
200099668,GSE99668
200099626,GSE99626
200098871,GSE98871
200093629,GSE93629
200092772,GSE92772
200089588,GSE89588
200085263,GSE85263
200084712,GSE84712
200083645,GSE83645
200080619,GSE80619
200080358,GSE80358
200079988,GSE79988
200075742,GSE75742
200075741,GSE75741
200108643,GSE108643
200097443,GSE97443
200097408,GSE97408
200094330,GSE94330
200081802,GSE81802
200107680,GSE107680
200107218,GSE107218
200092971,GSE92971
200108526,GSE108526
200108465,GSE108465
200094243,GSE94243
200100297,GSE100297
200108391,GSE108391
200089799,GSE89799
200107590,GSE107590
200106823,GSE106823
200088741,GSE88741
200087040,GSE87040
200083231,GSE83231
200108322,GSE108322
200108270,GSE108270
200107173,GSE107173
200100530,GSE100530
200097266,GSE97266
200095587,GSE95587
200094999,GSE94999
200094528,GSE94528
200092659,GSE92659
200078957,GSE78957
200102132,GSE102132
200097987,GSE97987
200096715,GSE96715
200096713,GSE96713
200091087,GSE91087
200101878,GSE101878
200108140,GSE108140
200096035,GSE96035
200108111,GSE108111
200108072,GSE108072
200106393,GSE106393
200102762,GSE102762
200095293,GSE95293
200081084,GSE81084
200108023,GSE108023
200108013,GSE108013
200106493,GSE106493
200091062,GSE91062
200087190,GSE87190
200087189,GSE87189
200087187,GSE87187
200108003,GSE108003
200107981,GSE107981
200105039,GSE105039
200103850,GSE103850
200100745,GSE100745
200098580,GSE98580
200098050,GSE98050
200094296,GSE94296
200107894,GSE107894
200107848,GSE107848
200106148,GSE106148
200101972,GSE101972
200100755,GSE100755
200084013,GSE84013
200064082,GSE64082
200092322,GSE92322
200107821,GSE107821
200107649,GSE107649
200107030,GSE107030
200107735,GSE107735
200106605,GSE106605
200105216,GSE105216
200104827,GSE104827
200091000,GSE91000
200100982,GSE100982
200100606,GSE100606
200099400,GSE99400
200095374,GSE95374
200094267,GSE94267
200077639,GSE77639
200077638,GSE77638
200077108,GSE77108
200107654,GSE107654
200107006,GSE107006
200105137,GSE105137
200104537,GSE104537
200103270,GSE103270
200097033,GSE97033
200092447,GSE92447
200084204,GSE84204
200107601,GSE107601
200107581,GSE107581
200085431,GSE85431
200106804,GSE106804
200106520,GSE106520
200106336,GSE106336
200103242,GSE103242
200100081,GSE100081
200095750,GSE95750
200092316,GSE92316
200089726,GSE89726
200087540,GSE87540
200087399,GSE87399
200085001,GSE85001
200084852,GSE84852
200084815,GSE84815
200084814,GSE84814
200082320,GSE82320
200079989,GSE79989
200103001,GSE103001
200101708,GSE101708
200107363,GSE107363
200107308,GSE107308
200094613,GSE94613
200089569,GSE89569
200087326,GSE87326
200085083,GSE85083
200085082,GSE85082
200083763,GSE83763
200107245,GSE107245
200101638,GSE101638
200101209,GSE101209
200107149,GSE107149
200074896,GSE74896
200103075,GSE103075
200094872,GSE94872
200103868,GSE103868
200102842,GSE102842
200097358,GSE97358
200096975,GSE96975
200096860,GSE96860
200096859,GSE96859
200107181,GSE107181
200107174,GSE107174
200104766,GSE104766
200100730,GSE100730
200063546,GSE63546
200106694,GSE106694
200106681,GSE106681
200104583,GSE104583
200084068,GSE84068
200063356,GSE63356
200104736,GSE104736
200106984,GSE106984
200103307,GSE103307
200087585,GSE87585
200106918,GSE106918
200106917,GSE106917
200099923,GSE99923
200094488,GSE94488
200086387,GSE86387
200106886,GSE106886
200106885,GSE106885
200102652,GSE102652
200102215,GSE102215
200095623,GSE95623
200084389,GSE84389
200083786,GSE83786
200106847,GSE106847
200102511,GSE102511
200098122,GSE98122
200084073,GSE84073
200089087,GSE89087
200063230,GSE63230
200100862,GSE100862
200099304,GSE99304
200089745,GSE89745
200101497,GSE101497
200098386,GSE98386
200094853,GSE94853
200089701,GSE89701
200098431,GSE98431
200098428,GSE98428
200099641,GSE99641
200089672,GSE89672
200106545,GSE106545
200102628,GSE102628
200089478,GSE89478
200101646,GSE101646
200087563,GSE87563
200074118,GSE74118
200106387,GSE106387
200103530,GSE103530
200103152,GSE103152
200102910,GSE102910
200100971,GSE100971
200099687,GSE99687
200098898,GSE98898
200090552,GSE90552
200089403,GSE89403
200086503,GSE86503
200086497,GSE86497
200085557,GSE85557
200085556,GSE85556
200102492,GSE102492
200094947,GSE94947
200094888,GSE94888
200093676,GSE93676
200092744,GSE92744
200090781,GSE90781
200084070,GSE84070
200079463,GSE79463
200070810,GSE70810
200069599,GSE69599
200104280,GSE104280
200103305,GSE103305
200097419,GSE97419
200089124,GSE89124
200106289,GSE106289
200098670,GSE98670
200097367,GSE97367
200095277,GSE95277
200106170,GSE106170
200101923,GSE101923
200074345,GSE74345
200106092,GSE106092
200103567,GSE103567
200095412,GSE95412
200088823,GSE88823
200101419,GSE101419
200089127,GSE89127
200071876,GSE71876
200102392,GSE102392
200094502,GSE94502
200101770,GSE101770
200104947,GSE104947
200099317,GSE99317
200105142,GSE105142
200069506,GSE69506
200103715,GSE103715
200103559,GSE103559
200101575,GSE101575
200105019,GSE105019
200103147,GSE103147
200102246,GSE102246
200099479,GSE99479
200099209,GSE99209
200091377,GSE91377
200087541,GSE87541
200102728,GSE102728
200104969,GSE104969
200104874,GSE104874
200104873,GSE104873
200104854,GSE104854
200094776,GSE94776
200094533,GSE94533
200093526,GSE93526
200084275,GSE84275
200104836,GSE104836
200097072,GSE97072
200074397,GSE74397
200104784,GSE104784
200097919,GSE97919
200097644,GSE97644
200096601,GSE96601
200103672,GSE103672
200099794,GSE99794
200097575,GSE97575
200088710,GSE88710
200099381,GSE99381
200096056,GSE96056
200095413,GSE95413
200069626,GSE69626
200104714,GSE104714
200104711,GSE104711
200104209,GSE104209
200100624,GSE100624
200085089,GSE85089
200103930,GSE103930
200076377,GSE76377
200094892,GSE94892
200092478,GSE92478
200092277,GSE92277
200090982,GSE90982
200088977,GSE88977
200102875,GSE102875
200101927,GSE101927
200101754,GSE101754
200104527,GSE104527
200104522,GSE104522
200096642,GSE96642
200087554,GSE87554
200103252,GSE103252
200100562,GSE100562
200075852,GSE75852
200102676,GSE102676
200102170,GSE102170
200101868,GSE101868
200095513,GSE95513
200093590,GSE93590
200087535,GSE87535
200087198,GSE87198
200086237,GSE86237
200072577,GSE72577
200087534,GSE87534
200101974,GSE101974
200101966,GSE101966
200099466,GSE99466
200093813,GSE93813
200104310,GSE104310
200104193,GSE104193
200100183,GSE100183
200099017,GSE99017
200097158,GSE97158
200097009,GSE97009
200072842,GSE72842
200072840,GSE72840
200069876,GSE69876
200104288,GSE104288
200101547,GSE101547
200097862,GSE97862
200097861,GSE97861
200054878,GSE54878
200104177,GSE104177
200104001,GSE104001
200103309,GSE103309
200099825,GSE99825
200094408,GSE94408
200094374,GSE94374
200101655,GSE101655
200099313,GSE99313
200087169,GSE87169
200104018,GSE104018
200102639,GSE102639
200061955,GSE61955
200103997,GSE103997
200103547,GSE103547
200098834,GSE98834
200097438,GSE97438
200097165,GSE97165
200087476,GSE87476
200086602,GSE86602
200103501,GSE103501
200094964,GSE94964
200094724,GSE94724
200102182,GSE102182
200098623,GSE98623
200097725,GSE97725
200093807,GSE93807
200090718,GSE90718
200079253,GSE79253
200094099,GSE94099
200101234,GSE101234
200101232,GSE101232
200101167,GSE101167
200101166,GSE101166
200101157,GSE101157
200096987,GSE96987
200103872,GSE103872
200101467,GSE101467
200100359,GSE100359
200089840,GSE89840
200089839,GSE89839
200089838,GSE89838
200089831,GSE89831
200089062,GSE89062
200061405,GSE61405
200103844,GSE103844
200103837,GSE103837
200103826,GSE103826
200102283,GSE102283
200101756,GSE101756
200097768,GSE97768
200097003,GSE97003
200090748,GSE90748
200074620,GSE74620
200103763,GSE103763
200103711,GSE103711
200103688,GSE103688
200103687,GSE103687
200102864,GSE102864
200098274,GSE98274
200097774,GSE97774
200103449,GSE103449
200103394,GSE103394
200103650,GSE103650
200094410,GSE94410
200103658,GSE103658
200103630,GSE103630
200101661,GSE101661
200087581,GSE87581
200081301,GSE81301
200080016,GSE80016
200103410,GSE103410
200103409,GSE103409
200102819,GSE102819
200102582,GSE102582
200085538,GSE85538
200084603,GSE84603
200071651,GSE71651
200099770,GSE99770
200099321,GSE99321
200098752,GSE98752
200080819,GSE80819
200076922,GSE76922
200075299,GSE75299
200100688,GSE100688
200089179,GSE89179
200086394,GSE86394
200103114,GSE103114
200102902,GSE102902
200100408,GSE100408
200100242,GSE100242
200099065,GSE99065
200097527,GSE97527
200097215,GSE97215
200089385,GSE89385
200086333,GSE86333
200080239,GSE80239
200079112,GSE79112
200103299,GSE103299
200100291,GSE100291
200095106,GSE95106
200092651,GSE92651
200089980,GSE89980
200087679,GSE87679
200084865,GSE84865
200076326,GSE76326
200093841,GSE93841
200082236,GSE82236
200076404,GSE76404
200103175,GSE103175
200102460,GSE102460
200097590,GSE97590
200085324,GSE85324
200082312,GSE82312
200062563,GSE62563
200072437,GSE72437
200103122,GSE103122
200103071,GSE103071
200103029,GSE103029
200093656,GSE93656
200086986,GSE86986
200079577,GSE79577
200103016,GSE103016
200100520,GSE100520
200099454,GSE99454
200099179,GSE99179
200094277,GSE94277
200089063,GSE89063
200085984,GSE85984
200070909,GSE70909
200102924,GSE102924
200102923,GSE102923
200102798,GSE102798
200102718,GSE102718
200102244,GSE102244
200102183,GSE102183
200094140,GSE94140
200089917,GSE89917
200085941,GSE85941
200076421,GSE76421
200075184,GSE75184
200072482,GSE72482
200102860,GSE102860
200102101,GSE102101
200102097,GSE102097
200099715,GSE99715
200097815,GSE97815
200096775,GSE96775
200096048,GSE96048
200095097,GSE95097
200094687,GSE94687
200093365,GSE93365
200092565,GSE92565
200088722,GSE88722
200086219,GSE86219
200086165,GSE86165
200080411,GSE80411
200079833,GSE79833
200102560,GSE102560
200100791,GSE100791
200100266,GSE100266
200100099,GSE100099
200098946,GSE98946
200098856,GSE98856
200097440,GSE97440
200094035,GSE94035
200086451,GSE86451
200087456,GSE87456
200102838,GSE102838
200102812,GSE102812
200102796,GSE102796
200102786,GSE102786
200101629,GSE101629
200101628,GSE101628
200097204,GSE97204
200094270,GSE94270
200085799,GSE85799
200079884,GSE79884
200075664,GSE75664
200102741,GSE102741
200099651,GSE99651
200099062,GSE99062
200099060,GSE99060
200096637,GSE96637
200090489,GSE90489
200075643,GSE75643
200074383,GSE74383
200089843,GSE89843
200087087,GSE87087
200085671,GSE85671
200099028,GSE99028
200083277,GSE83277
200102556,GSE102556
200102481,GSE102481
200102237,GSE102237
200099999,GSE99999
200099045,GSE99045
200094907,GSE94907
200086001,GSE86001
200081620,GSE81620
200078930,GSE78930
200068535,GSE68535
200060321,GSE60321
200102461,GSE102461
200102395,GSE102395
200101938,GSE101938
200100943,GSE100943
200092887,GSE92887
200084730,GSE84730
200102364,GSE102364
200102349,GSE102349
200100878,GSE100878
200098867,GSE98867
200098866,GSE98866
200085474,GSE85474
200100027,GSE100027
200102033,GSE102033
200102025,GSE102025
200097239,GSE97239
200102188,GSE102188
200102185,GSE102185
200099385,GSE99385
200102138,GSE102138
200101738,GSE101738
200102073,GSE102073
200100327,GSE100327
200100040,GSE100040
200099015,GSE99015
200096774,GSE96774
200095131,GSE95131
200087318,GSE87318
200087088,GSE87088
200070424,GSE70424
200099310,GSE99310
200099299,GSE99299
200099059,GSE99059
200094766,GSE94766
200090087,GSE90087
200089725,GSE89725
200085020,GSE85020
200080746,GSE80746
200097019,GSE97019
200102000,GSE102000
200083539,GSE83539
200101968,GSE101968
200090944,GSE90944
200098710,GSE98710
200059819,GSE59819
200059818,GSE59818
200059817,GSE59817
200101872,GSE101872
200099812,GSE99812
200099356,GSE99356
200084610,GSE84610
200099987,GSE99987
200095351,GSE95351
200084773,GSE84773
200078213,GSE78213
200101668,GSE101668
200092375,GSE92375
200084694,GSE84694
200101642,GSE101642
200086906,GSE86906
200076203,GSE76203
200101565,GSE101565
200101528,GSE101528
200101521,GSE101521
200101343,GSE101343
200100432,GSE100432
200076271,GSE76271
200099839,GSE99839
200101396,GSE101396
200087701,GSE87701
200084405,GSE84405
200089597,GSE89597
200088750,GSE88750
200087617,GSE87617
200087615,GSE87615
200101168,GSE101168
200101133,GSE101133
200097806,GSE97806
200098884,GSE98884
200094937,GSE94937
200085331,GSE85331
200084706,GSE84706
200096689,GSE96689
200100925,GSE100925
200100855,GSE100855
200099392,GSE99392
200087750,GSE87750
200083687,GSE83687
200083403,GSE83403
200076663,GSE76663
200100891,GSE100891
200100839,GSE100839
200095227,GSE95227
200092739,GSE92739
200089334,GSE89334
200097388,GSE97388
200100751,GSE100751
200100258,GSE100258
200098368,GSE98368
200097647,GSE97647
200097591,GSE97591
200095299,GSE95299
200095176,GSE95176
200094494,GSE94494
200094055,GSE94055
200094043,GSE94043
200093071,GSE93071
200093070,GSE93070
200092628,GSE92628
200086926,GSE86926
200085037,GSE85037
200084325,GSE84325
200059483,GSE59483
200039167,GSE39167
200099508,GSE99508
200084211,GSE84211
200084209,GSE84209
200083772,GSE83772
200083518,GSE83518
200081405,GSE81405
200081827,GSE81827
200081345,GSE81345
200081268,GSE81268
200071359,GSE71359
200100574,GSE100574
200100568,GSE100568
200100531,GSE100531
200098135,GSE98135
200092652,GSE92652
200089790,GSE89790
200087517,GSE87517
200086610,GSE86610
200085159,GSE85159
200084661,GSE84661
200072627,GSE72627
200097317,GSE97317
200095352,GSE95352
200094549,GSE94549
200100007,GSE100007
200097036,GSE97036
200096075,GSE96075
200095860,GSE95860
200087285,GSE87285
200085761,GSE85761
200084359,GSE84359
200084358,GSE84358
200100210,GSE100210
200092625,GSE92625
200100427,GSE100427
200100417,GSE100417
200100392,GSE100392
200100382,GSE100382
200100268,GSE100268
200090878,GSE90878
200090874,GSE90874
200086550,GSE86550
200086336,GSE86336
200083493,GSE83493
200100338,GSE100338
200083611,GSE83611
200080655,GSE80655
200077128,GSE77128
200083816,GSE83816
200095721,GSE95721
200093624,GSE93624
200090926,GSE90926
200083647,GSE83647
200080582,GSE80582
200080523,GSE80523
200100206,GSE100206
200090729,GSE90729
200090728,GSE90728
200089408,GSE89408
200088945,GSE88945
200084461,GSE84461
200083245,GSE83245
200082207,GSE82207
200077250,GSE77250
200083480,GSE83480
200100077,GSE100077
200098273,GSE98273
200089205,GSE89205
200089134,GSE89134
200083527,GSE83527
200099298,GSE99298
200097619,GSE97619
200079928,GSE79928
200099944,GSE99944
200096718,GSE96718
200096717,GSE96717
200096716,GSE96716
200096714,GSE96714
200094126,GSE94126
200092661,GSE92661
200092293,GSE92293
200089930,GSE89930
200085995,GSE85995
200083254,GSE83254
200071081,GSE71081
200058492,GSE58492
200093871,GSE93871
200092340,GSE92340
200090599,GSE90599
200087660,GSE87660
200084826,GSE84826
200082102,GSE82102
200080386,GSE80386
200076445,GSE76445
200072273,GSE72273
200085294,GSE85294
200099843,GSE99843
200085579,GSE85579
200083547,GSE83547
200076457,GSE76457
200099819,GSE99819
200097471,GSE97471
200092456,GSE92456
200086504,GSE86504
200084776,GSE84776
200083560,GSE83560
200063018,GSE63018
200085378,GSE85378
200083652,GSE83652
200083649,GSE83649
200095296,GSE95296
200089970,GSE89970
200098984,GSE98984
200081063,GSE81063
200099596,GSE99596
200090068,GSE90068
200089888,GSE89888
200099552,GSE99552
200095558,GSE95558
200099503,GSE99503
200098541,GSE98541
200097589,GSE97589
200093831,GSE93831
200092874,GSE92874
200092341,GSE92341
200084525,GSE84525
200083923,GSE83923
200083083,GSE83083
200082147,GSE82147
200099407,GSE99407
200098288,GSE98288
200097262,GSE97262
200094587,GSE94587
200089647,GSE89647
200078519,GSE78519
200078003,GSE78003
200099389,GSE99389
200082032,GSE82032
200075990,GSE75990
200095455,GSE95455
200095453,GSE95453
200095452,GSE95452
200081322,GSE81322
200080538,GSE80538
200097632,GSE97632
200099293,GSE99293
200097668,GSE97668
200096917,GSE96917
200084631,GSE84631
200079210,GSE79210
200079209,GSE79209
200097827,GSE97827
200090772,GSE90772
200089972,GSE89972
200076998,GSE76998
200098393,GSE98393
200097323,GSE97323
200097140,GSE97140
200083664,GSE83664
200083662,GSE83662
200081687,GSE81687
200080963,GSE80963
200099180,GSE99180
200092506,GSE92506
200085402,GSE85402
200082115,GSE82115
200076511,GSE76511
200099074,GSE99074
200099069,GSE99069
200098476,GSE98476
200090914,GSE90914
200090444,GSE90444
200074365,GSE74365
200069047,GSE69047
200083719,GSE83719
200081518,GSE81518
200076878,GSE76878
200097100,GSE97100
200078271,GSE78271
200086910,GSE86910
200074053,GSE74053
200081429,GSE81429
200093619,GSE93619
200098720,GSE98720
200096777,GSE96777
200093681,GSE93681
200081396,GSE81396
200094849,GSE94849
200094696,GSE94696
200083132,GSE83132
200081259,GSE81259
200098624,GSE98624
200097273,GSE97273
200096619,GSE96619
200089807,GSE89807
200094464,GSE94464
200081474,GSE81474
200097672,GSE97672
200081144,GSE81144
200098394,GSE98394
200094993,GSE94993
200092632,GSE92632
200091384,GSE91384
200087042,GSE87042
200083381,GSE83381
200081236,GSE81236
200081043,GSE81043
200098411,GSE98411
200093705,GSE93705
200072061,GSE72061
200071800,GSE71800
200071689,GSE71689
200071686,GSE71686
200095397,GSE95397
200094963,GSE94963
200094827,GSE94827
200094405,GSE94405
200093748,GSE93748
200093395,GSE93395
200076877,GSE76877
200093657,GSE93657
200098310,GSE98310
200097214,GSE97214
200093783,GSE93783
200093610,GSE93610
200092262,GSE92262
200084897,GSE84897
200072634,GSE72634
200070741,GSE70741
200083724,GSE83724
200079111,GSE79111
200057152,GSE57152
200098212,GSE98212
200098177,GSE98177
200095561,GSE95561
200090491,GSE90491
200098136,GSE98136
200098088,GSE98088
200094153,GSE94153
200093124,GSE93124
200057078,GSE57078
200085187,GSE85187
200093650,GSE93650
200084684,GSE84684
200097949,GSE97949
200081965,GSE81965
200098030,GSE98030
200094259,GSE94259
200089623,GSE89623
200083296,GSE83296
200080688,GSE80688
200097979,GSE97979
200096682,GSE96682
200089368,GSE89368
200089367,GSE89367
200089365,GSE89365
200080589,GSE80589
200079671,GSE79671
200093750,GSE93750
200089189,GSE89189
200080389,GSE80389
200080388,GSE80388
200092547,GSE92547
200085857,GSE85857
200085800,GSE85800
200085510,GSE85510
200094053,GSE94053
200097384,GSE97384
200097744,GSE97744
200093594,GSE93594
200097156,GSE97156
200088848,GSE88848
200085565,GSE85565
200097577,GSE97577
200092472,GSE92472
200077229,GSE77229
200084504,GSE84504
200097460,GSE97460
200097404,GSE97404
200093578,GSE93578
200087055,GSE87055
200080732,GSE80732
200079044,GSE79044
200080774,GSE80774
200097324,GSE97324
200096049,GSE96049
200094989,GSE94989
200094019,GSE94019
200085306,GSE85306
200075747,GSE75747
200075746,GSE75746
200092852,GSE92852
200089110,GSE89110
200086021,GSE86021
200096643,GSE96643
200094493,GSE94493
200090749,GSE90749
200080450,GSE80450
200079587,GSE79587
200079586,GSE79586
200079249,GSE79249
200074516,GSE74516
200073708,GSE73708
200095516,GSE95516
200094897,GSE94897
200094631,GSE94631
200094280,GSE94280
200089115,GSE89115
200079953,GSE79953
200072379,GSE72379
200097154,GSE97154
200096560,GSE96560
200096800,GSE96800
200092882,GSE92882
200097084,GSE97084
200094730,GSE94730
200087515,GSE87515
200085685,GSE85685
200085161,GSE85161
200085155,GSE85155
200084346,GSE84346
200097041,GSE97041
200097038,GSE97038
200093636,GSE93636
200089223,GSE89223
200086452,GSE86452
200075665,GSE75665
200094423,GSE94423
200087626,GSE87626
200092626,GSE92626
200095304,GSE95304
200086821,GSE86821
200093155,GSE93155
200096788,GSE96788
200095820,GSE95820
200092867,GSE92867
200087281,GSE87281
200085455,GSE85455
200095343,GSE95343
200090834,GSE90834
200067122,GSE67122
200096649,GSE96649
200094479,GSE94479
200080409,GSE80409
200096590,GSE96590
200072041,GSE72041
200071840,GSE71840
200096544,GSE96544
200094808,GSE94808
200090566,GSE90566
200090111,GSE90111
200088997,GSE88997
200085223,GSE85223
200086874,GSE86874
200083392,GSE83392
200076240,GSE76240
200095466,GSE95466
200095465,GSE95465
200095464,GSE95464
200093424,GSE93424
200090884,GSE90884
200086316,GSE86316
200074085,GSE74085
200095778,GSE95778
200091383,GSE91383
200085910,GSE85910
200082110,GSE82110
200082104,GSE82104
200095744,GSE95744
200095743,GSE95743
200087768,GSE87768
200083849,GSE83849
200077649,GSE77649
200095540,GSE95540
200094783,GSE94783
200093902,GSE93902
200084675,GSE84675
200083549,GSE83549
200095605,GSE95605
200095059,GSE95059
200094427,GSE94427
200075035,GSE75035
200095573,GSE95573
200092532,GSE92532
200086958,GSE86958
200086956,GSE86956
200082204,GSE82204
200078853,GSE78853
200094800,GSE94800
200094728,GSE94728
200094588,GSE94588
200094395,GSE94395
200093870,GSE93870
200093206,GSE93206
200093153,GSE93153
200092996,GSE92996
200092995,GSE92995
200092939,GSE92939
200092723,GSE92723
200092653,GSE92653
200086538,GSE86538
200085493,GSE85493
200085201,GSE85201
200084829,GSE84829
200083525,GSE83525
200081511,GSE81511
200077829,GSE77829
200095392,GSE95392
200095375,GSE95375
200094948,GSE94948
200083886,GSE83886
200078801,GSE78801
200055405,GSE55405
200095297,GSE95297
200087110,GSE87110
200086506,GSE86506
200086244,GSE86244
200087320,GSE87320
200084902,GSE84902
200082117,GSE82117
200078195,GSE78195
200087748,GSE87748
200093315,GSE93315
200092583,GSE92583
200092239,GSE92239
200091011,GSE91011
200091010,GSE91010
200092581,GSE92581
200067295,GSE67295
200078081,GSE78081
200094969,GSE94969
200093385,GSE93385
200081840,GSE81840
200081839,GSE81839
200077509,GSE77509
200076903,GSE76903
200073555,GSE73555
200092494,GSE92494
200085417,GSE85417
200084884,GSE84884
200094869,GSE94869
200083968,GSE83968
200077926,GSE77926
200069446,GSE69446
200092910,GSE92910
200083637,GSE83637
200081194,GSE81194
200080237,GSE80237
200079477,GSE79477
200077992,GSE77992
200073696,GSE73696
200072713,GSE72713
200066011,GSE66011
200086239,GSE86239
200086151,GSE86151
200085771,GSE85771
200084863,GSE84863
200077352,GSE77352
200074308,GSE74308
200074289,GSE74289
200094736,GSE94736
200084076,GSE84076
200081796,GSE81796
200079134,GSE79134
200070665,GSE70665
200069842,GSE69842
200069205,GSE69205
200064017,GSE64017
200063950,GSE63950
200056882,GSE56882
200087360,GSE87360
200084337,GSE84337
200084336,GSE84336
200084335,GSE84335
200084293,GSE84293
200080714,GSE80714
200079256,GSE79256
200077743,GSE77743
200071797,GSE71797
200070404,GSE70404
200069797,GSE69797
200068872,GSE68872
200067713,GSE67713
200065655,GSE65655
200064850,GSE64850
200062905,GSE62905
200057501,GSE57501
200056742,GSE56742
200084296,GSE84296
200084237,GSE84237
200084231,GSE84231
200078102,GSE78102
200077737,GSE77737
200074041,GSE74041
200089413,GSE89413
200081978,GSE81978
200076354,GSE76354
200094518,GSE94518
200077568,GSE77568
200094461,GSE94461
200094437,GSE94437
200094304,GSE94304
200094234,GSE94234
200094225,GSE94225
200094218,GSE94218
200094215,GSE94215
200094214,GSE94214
200094210,GSE94210
200094208,GSE94208
200094207,GSE94207
200094205,GSE94205
200094204,GSE94204
200094197,GSE94197
200094194,GSE94194
200094191,GSE94191
200094189,GSE94189
200094188,GSE94188
200094180,GSE94180
200094176,GSE94176
200094171,GSE94171
200094169,GSE94169
200094165,GSE94165
200094162,GSE94162
200093500,GSE93500
200093499,GSE93499
200093498,GSE93498
200093497,GSE93497
200093493,GSE93493
200093490,GSE93490
200093489,GSE93489
200093486,GSE93486
200093482,GSE93482
200093481,GSE93481
200093480,GSE93480
200093479,GSE93479
200093478,GSE93478
200093448,GSE93448
200093447,GSE93447
200093446,GSE93446
200093445,GSE93445
200093444,GSE93444
200093443,GSE93443
200093442,GSE93442
200093441,GSE93441
200093440,GSE93440
200093439,GSE93439
200093438,GSE93438
200093437,GSE93437
200093436,GSE93436
200090657,GSE90657
200083126,GSE83126
200094384,GSE94384
200094372,GSE94372
200092839,GSE92839
200077938,GSE77938
200094147,GSE94147
200094057,GSE94057
200093960,GSE93960
200093814,GSE93814
200093256,GSE93256
200090897,GSE90897
200090876,GSE90876
200085143,GSE85143
200085142,GSE85142
200084868,GSE84868
200078011,GSE78011
200077466,GSE77466
200054641,GSE54641
200094116,GSE94116
200087708,GSE87708
200086344,GSE86344
200083492,GSE83492
200083402,GSE83402
200074417,GSE74417
200074269,GSE74269
200074251,GSE74251
200089152,GSE89152
200081781,GSE81781
200077415,GSE77415
200094120,GSE94120
200077422,GSE77422
200092345,GSE92345
200088931,GSE88931
200077219,GSE77219
200094036,GSE94036
200093999,GSE93999
200093988,GSE93988
200090889,GSE90889
200087328,GSE87328
200074557,GSE74557
200093925,GSE93925
200079899,GSE79899
200058345,GSE58345
200093877,GSE93877
200093848,GSE93848
200087419,GSE87419
200084114,GSE84114
200093740,GSE93740
200079613,GSE79613
200092496,GSE92496
200089942,GSE89942
200089940,GSE89940
200078705,GSE78705
200093620,GSE93620
200087809,GSE87809
200076883,GSE76883
200085271,GSE85271
200083717,GSE83717
200083671,GSE83671
200084197,GSE84197
200093330,GSE93330
200091358,GSE91358
200091311,GSE91311
200091305,GSE91305
200091303,GSE91303
200091284,GSE91284
200091281,GSE91281
200091255,GSE91255
200091243,GSE91243
200091229,GSE91229
200091222,GSE91222
200091212,GSE91212
200091198,GSE91198
200089404,GSE89404
200081524,GSE81524
200080492,GSE80492
200093292,GSE93292
200081626,GSE81626
200075473,GSE75473
200093280,GSE93280
200093263,GSE93263
200093237,GSE93237
200093236,GSE93236
200093226,GSE93226
200089485,GSE89485
200089226,GSE89226
200085567,GSE85567
200076614,GSE76614
200093133,GSE93133
200093057,GSE93057
200092226,GSE92226
200092220,GSE92220
200092215,GSE92215
200092214,GSE92214
200092212,GSE92212
200092211,GSE92211
200092205,GSE92205
200092204,GSE92204
200092201,GSE92201
200092200,GSE92200
200092191,GSE92191
200092186,GSE92186
200092185,GSE92185
200092182,GSE92182
200092181,GSE92181
200092180,GSE92180
200092179,GSE92179
200092178,GSE92178
200092175,GSE92175
200092174,GSE92174
200092171,GSE92171
200092170,GSE92170
200092168,GSE92168
200092166,GSE92166
200092165,GSE92165
200092163,GSE92163
200092161,GSE92161
200092160,GSE92160
200092158,GSE92158
200092155,GSE92155
200092149,GSE92149
200092146,GSE92146
200092142,GSE92142
200092141,GSE92141
200092135,GSE92135
200092133,GSE92133
200092128,GSE92128
200092127,GSE92127
200092120,GSE92120
200092119,GSE92119
200092118,GSE92118
200092113,GSE92113
200092110,GSE92110
200092108,GSE92108
200092107,GSE92107
200092105,GSE92105
200092100,GSE92100
200092099,GSE92099
200092098,GSE92098
200092096,GSE92096
200092095,GSE92095
200092094,GSE92094
200092091,GSE92091
200092090,GSE92090
200092089,GSE92089
200092088,GSE92088
200092087,GSE92087
200092086,GSE92086
200092084,GSE92084
200092082,GSE92082
200092080,GSE92080
200092079,GSE92079
200092074,GSE92074
200092073,GSE92073
200092072,GSE92072
200092069,GSE92069
200092065,GSE92065
200092063,GSE92063
200092061,GSE92061
200092056,GSE92056
200092049,GSE92049
200092047,GSE92047
200092046,GSE92046
200092044,GSE92044
200092039,GSE92039
200092033,GSE92033
200092030,GSE92030
200092029,GSE92029
200092028,GSE92028
200092027,GSE92027
200092025,GSE92025
200092024,GSE92024
200092023,GSE92023
200092022,GSE92022
200092021,GSE92021
200092019,GSE92019
200092017,GSE92017
200092016,GSE92016
200092012,GSE92012
200092010,GSE92010
200092009,GSE92009
200092003,GSE92003
200091999,GSE91999
200091998,GSE91998
200091994,GSE91994
200091991,GSE91991
200091988,GSE91988
200091987,GSE91987
200091986,GSE91986
200091985,GSE91985
200091975,GSE91975
200091974,GSE91974
200091972,GSE91972
200091967,GSE91967
200091966,GSE91966
200091965,GSE91965
200091964,GSE91964
200091961,GSE91961
200091960,GSE91960
200091957,GSE91957
200091955,GSE91955
200091954,GSE91954
200091953,GSE91953
200091952,GSE91952
200091947,GSE91947
200091945,GSE91945
200091944,GSE91944
200091943,GSE91943
200091942,GSE91942
200091930,GSE91930
200091929,GSE91929
200091928,GSE91928
200091927,GSE91927
200091921,GSE91921
200091916,GSE91916
200091915,GSE91915
200091914,GSE91914
200091903,GSE91903
200091901,GSE91901
200091897,GSE91897
200091893,GSE91893
200091892,GSE91892
200091887,GSE91887
200091886,GSE91886
200091884,GSE91884
200091883,GSE91883
200091881,GSE91881
200091878,GSE91878
200091875,GSE91875
200091874,GSE91874
200091862,GSE91862
200091860,GSE91860
200091858,GSE91858
200091857,GSE91857
200091856,GSE91856
200091854,GSE91854
200091852,GSE91852
200091850,GSE91850
200091849,GSE91849
200091845,GSE91845
200091844,GSE91844
200091843,GSE91843
200091842,GSE91842
200091832,GSE91832
200091829,GSE91829
200091828,GSE91828
200091826,GSE91826
200091825,GSE91825
200091824,GSE91824
200091820,GSE91820
200091818,GSE91818
200091817,GSE91817
200091812,GSE91812
200091810,GSE91810
200091808,GSE91808
200091807,GSE91807
200091806,GSE91806
200091804,GSE91804
200091803,GSE91803
200091802,GSE91802
200091801,GSE91801
200091799,GSE91799
200091796,GSE91796
200091795,GSE91795
200091791,GSE91791
200091787,GSE91787
200091781,GSE91781
200091780,GSE91780
200091778,GSE91778
200091777,GSE91777
200091776,GSE91776
200091775,GSE91775
200091774,GSE91774
200091772,GSE91772
200091765,GSE91765
200091764,GSE91764
200091762,GSE91762
200091761,GSE91761
200091760,GSE91760
200091759,GSE91759
200091758,GSE91758
200091757,GSE91757
200091744,GSE91744
200091740,GSE91740
200091737,GSE91737
200091733,GSE91733
200091729,GSE91729
200091725,GSE91725
200091722,GSE91722
200091719,GSE91719
200091714,GSE91714
200091708,GSE91708
200091704,GSE91704
200091703,GSE91703
200091702,GSE91702
200091694,GSE91694
200091691,GSE91691
200091689,GSE91689
200091685,GSE91685
200091684,GSE91684
200091683,GSE91683
200091680,GSE91680
200091677,GSE91677
200091676,GSE91676
200091675,GSE91675
200091672,GSE91672
200091670,GSE91670
200091665,GSE91665
200091660,GSE91660
200091657,GSE91657
200091654,GSE91654
200091653,GSE91653
200091652,GSE91652
200091650,GSE91650
200091649,GSE91649
200091648,GSE91648
200091645,GSE91645
200091641,GSE91641
200091637,GSE91637
200091625,GSE91625
200091622,GSE91622
200091621,GSE91621
200091617,GSE91617
200091616,GSE91616
200091613,GSE91613
200091610,GSE91610
200091609,GSE91609
200091607,GSE91607
200091605,GSE91605
200091604,GSE91604
200091603,GSE91603
200091592,GSE91592
200091591,GSE91591
200091586,GSE91586
200091582,GSE91582
200091579,GSE91579
200091575,GSE91575
200091574,GSE91574
200091573,GSE91573
200091571,GSE91571
200091570,GSE91570
200091569,GSE91569
200091568,GSE91568
200091564,GSE91564
200091563,GSE91563
200091562,GSE91562
200091559,GSE91559
200091558,GSE91558
200091557,GSE91557
200091556,GSE91556
200091552,GSE91552
200091551,GSE91551
200091546,GSE91546
200091545,GSE91545
200091540,GSE91540
200091536,GSE91536
200091533,GSE91533
200091530,GSE91530
200091527,GSE91527
200091523,GSE91523
200091519,GSE91519
200091516,GSE91516
200091515,GSE91515
200091512,GSE91512
200091508,GSE91508
200091507,GSE91507
200091500,GSE91500
200091499,GSE91499
200091496,GSE91496
200081662,GSE81662
200065131,GSE65131
200091484,GSE91484
200091482,GSE91482
200091481,GSE91481
200091478,GSE91478
200091477,GSE91477
200091476,GSE91476
200091474,GSE91474
200091467,GSE91467
200091461,GSE91461
200091459,GSE91459
200091457,GSE91457
200091453,GSE91453
200091449,GSE91449
200091445,GSE91445
200091443,GSE91443
200091442,GSE91442
200091441,GSE91441
200091439,GSE91439
200091438,GSE91438
200091436,GSE91436
200091435,GSE91435
200091434,GSE91434
200091432,GSE91432
200091430,GSE91430
200091428,GSE91428
200091424,GSE91424
200091423,GSE91423
200091421,GSE91421
200091418,GSE91418
200091417,GSE91417
200091409,GSE91409
200091407,GSE91407
200091404,GSE91404
200088773,GSE88773
200084259,GSE84259
200092592,GSE92592
200089511,GSE89511
200086654,GSE86654
200086308,GSE86308
200083712,GSE83712
200083577,GSE83577
200077261,GSE77261
200076792,GSE76792
200073628,GSE73628
200068040,GSE68040
200068039,GSE68039
200066155,GSE66155
200064882,GSE64882
200093030,GSE93030
200089442,GSE89442
200087495,GSE87495
200084188,GSE84188
200081712,GSE81712
200080753,GSE80753
200074036,GSE74036
200073966,GSE73966
200073268,GSE73268
200071536,GSE71536
200070602,GSE70602
200070050,GSE70050
200069511,GSE69511
200088946,GSE88946
200087194,GSE87194
200059598,GSE59598
200092979,GSE92979
200087426,GSE87426
200085337,GSE85337
200088956,GSE88956
200079636,GSE79636
200072841,GSE72841
200080095,GSE80095
200067174,GSE67174
200089182,GSE89182
200079029,GSE79029
200078040,GSE78040
200092574,GSE92574
200090035,GSE90035
200085008,GSE85008
200084944,GSE84944
200084629,GSE84629
200082022,GSE82022
200079724,GSE79724
200076414,GSE76414
200066216,GSE66216
200086148,GSE86148
200079133,GSE79133
200076947,GSE76947
200080064,GSE80064
200085861,GSE85861
200090851,GSE90851
200085623,GSE85623
200079955,GSE79955
200076025,GSE76025
200076011,GSE76011
200089991,GSE89991
200084577,GSE84577
200081995,GSE81995
200075719,GSE75719
200074924,GSE74924
200085088,GSE85088
200091016,GSE91016
200087487,GSE87487
200077383,GSE77383
200090322,GSE90322
200090276,GSE90276
200090274,GSE90274
200090273,GSE90273
200090272,GSE90272
200090271,GSE90271
200090270,GSE90270
200090269,GSE90269
200090268,GSE90268
200090267,GSE90267
200090266,GSE90266
200090265,GSE90265
200090264,GSE90264
200090263,GSE90263
200090262,GSE90262
200090261,GSE90261
200090260,GSE90260
200090259,GSE90259
200090258,GSE90258
200090257,GSE90257
200090256,GSE90256
200090255,GSE90255
200090254,GSE90254
200090253,GSE90253
200090252,GSE90252
200090251,GSE90251
200090250,GSE90250
200090249,GSE90249
200090248,GSE90248
200090247,GSE90247
200090246,GSE90246
200090245,GSE90245
200090244,GSE90244
200090243,GSE90243
200090242,GSE90242
200090241,GSE90241
200090240,GSE90240
200090239,GSE90239
200090238,GSE90238
200090237,GSE90237
200090236,GSE90236
200090235,GSE90235
200090234,GSE90234
200090233,GSE90233
200090232,GSE90232
200090231,GSE90231
200090230,GSE90230
200090229,GSE90229
200090228,GSE90228
200090227,GSE90227
200090226,GSE90226
200090225,GSE90225
200090224,GSE90224
200090223,GSE90223
200090222,GSE90222
200090221,GSE90221
200090220,GSE90220
200079309,GSE79309
200076661,GSE76661
200076023,GSE76023
200060308,GSE60308
200076626,GSE76626
200063086,GSE63086
200089219,GSE89219
200084085,GSE84085
200053066,GSE53066
200090796,GSE90796
200087340,GSE87340
200090711,GSE90711
200089729,GSE89729
200089476,GSE89476
200086491,GSE86491
200085011,GSE85011
200084339,GSE84339
200079470,GSE79470
200078740,GSE78740
200078522,GSE78522
200077179,GSE77179
200074981,GSE74981
200074886,GSE74886
200074791,GSE74791
200090682,GSE90682
200085541,GSE85541
200081617,GSE81617
200075859,GSE75859
200075524,GSE75524
200089154,GSE89154
200058663,GSE58663
200090523,GSE90523
200073934,GSE73934
200090081,GSE90081
200089448,GSE89448
200089446,GSE89446
200086348,GSE86348
200085988,GSE85988
200084666,GSE84666
200079395,GSE79395
200077312,GSE77312
200076978,GSE76978
200066200,GSE66200
200076647,GSE76647
200073305,GSE73305
200085531,GSE85531
200085530,GSE85530
200071511,GSE71511
200071505,GSE71505
200071503,GSE71503
200090013,GSE90013
200085243,GSE85243
200081550,GSE81550
200073313,GSE73313
200089926,GSE89926
200089057,GSE89057
200080183,GSE80183
200077382,GSE77382
200077381,GSE77381
200089879,GSE89879
200086518,GSE86518
200089872,GSE89872
200089225,GSE89225
200088858,GSE88858
200087831,GSE87831
200087516,GSE87516
200084471,GSE84471
200081975,GSE81975
200076464,GSE76464
200089777,GSE89777
200079400,GSE79400
200077513,GSE77513
200089779,GSE89779
200077635,GSE77635
200075291,GSE75291
200089775,GSE89775
200089774,GSE89774
200087257,GSE87257
200089714,GSE89714
200075270,GSE75270
200080045,GSE80045
200075906,GSE75906
200047597,GSE47597
200088696,GSE88696
200088693,GSE88693
200088692,GSE88692
200088691,GSE88691
200088690,GSE88690
200088689,GSE88689
200088688,GSE88688
200088687,GSE88687
200088686,GSE88686
200088685,GSE88685
200088684,GSE88684
200088683,GSE88683
200088682,GSE88682
200088681,GSE88681
200088678,GSE88678
200088677,GSE88677
200088676,GSE88676
200088675,GSE88675
200088674,GSE88674
200088672,GSE88672
200088671,GSE88671
200088670,GSE88670
200088669,GSE88669
200088668,GSE88668
200088667,GSE88667
200088666,GSE88666
200088665,GSE88665
200088664,GSE88664
200088663,GSE88663
200088661,GSE88661
200088660,GSE88660
200088659,GSE88659
200088658,GSE88658
200088657,GSE88657
200088656,GSE88656
200088655,GSE88655
200088654,GSE88654
200088653,GSE88653
200088652,GSE88652
200088651,GSE88651
200088650,GSE88650
200088649,GSE88649
200088648,GSE88648
200088647,GSE88647
200088646,GSE88646
200088645,GSE88645
200088642,GSE88642
200088641,GSE88641
200088640,GSE88640
200088639,GSE88639
200088638,GSE88638
200088637,GSE88637
200088636,GSE88636
200088635,GSE88635
200088634,GSE88634
200088633,GSE88633
200088632,GSE88632
200088631,GSE88631
200088630,GSE88630
200088629,GSE88629
200088628,GSE88628
200088627,GSE88627
200088626,GSE88626
200088625,GSE88625
200088624,GSE88624
200088623,GSE88623
200088622,GSE88622
200088621,GSE88621
200088620,GSE88620
200088617,GSE88617
200088616,GSE88616
200088615,GSE88615
200088614,GSE88614
200088612,GSE88612
200088611,GSE88611
200088610,GSE88610
200088609,GSE88609
200088607,GSE88607
200088606,GSE88606
200088605,GSE88605
200088604,GSE88604
200088603,GSE88603
200088602,GSE88602
200088601,GSE88601
200088600,GSE88600
200088599,GSE88599
200088598,GSE88598
200088597,GSE88597
200088596,GSE88596
200088595,GSE88595
200088594,GSE88594
200088593,GSE88593
200088592,GSE88592
200088591,GSE88591
200088590,GSE88590
200088589,GSE88589
200088588,GSE88588
200088587,GSE88587
200088586,GSE88586
200088584,GSE88584
200088583,GSE88583
200088582,GSE88582
200088581,GSE88581
200088580,GSE88580
200088579,GSE88579
200088578,GSE88578
200088577,GSE88577
200088576,GSE88576
200088575,GSE88575
200088574,GSE88574
200088573,GSE88573
200088572,GSE88572
200088571,GSE88571
200088570,GSE88570
200088569,GSE88569
200088568,GSE88568
200088566,GSE88566
200088564,GSE88564
200088563,GSE88563
200088562,GSE88562
200088561,GSE88561
200088560,GSE88560
200088558,GSE88558
200088557,GSE88557
200088556,GSE88556
200088555,GSE88555
200088553,GSE88553
200088552,GSE88552
200088551,GSE88551
200088549,GSE88549
200088548,GSE88548
200088547,GSE88547
200088546,GSE88546
200088545,GSE88545
200088544,GSE88544
200088543,GSE88543
200088542,GSE88542
200088541,GSE88541
200088540,GSE88540
200088539,GSE88539
200088538,GSE88538
200088537,GSE88537
200088536,GSE88536
200088535,GSE88535
200088533,GSE88533
200088532,GSE88532
200088530,GSE88530
200088529,GSE88529
200088528,GSE88528
200088527,GSE88527
200088526,GSE88526
200088525,GSE88525
200088524,GSE88524
200088523,GSE88523
200088522,GSE88522
200088521,GSE88521
200088520,GSE88520
200088519,GSE88519
200088518,GSE88518
200088516,GSE88516
200088515,GSE88515
200088514,GSE88514
200088513,GSE88513
200088512,GSE88512
200088511,GSE88511
200088510,GSE88510
200088509,GSE88509
200088508,GSE88508
200088507,GSE88507
200088506,GSE88506
200088505,GSE88505
200088504,GSE88504
200088503,GSE88503
200088502,GSE88502
200088501,GSE88501
200088500,GSE88500
200088498,GSE88498
200088497,GSE88497
200088496,GSE88496
200088495,GSE88495
200088493,GSE88493
200088492,GSE88492
200088491,GSE88491
200088489,GSE88489
200088488,GSE88488
200088487,GSE88487
200088486,GSE88486
200088485,GSE88485
200088484,GSE88484
200088483,GSE88483
200088482,GSE88482
200088481,GSE88481
200088480,GSE88480
200088479,GSE88479
200088478,GSE88478
200088477,GSE88477
200088476,GSE88476
200088475,GSE88475
200088474,GSE88474
200088473,GSE88473
200088472,GSE88472
200088471,GSE88471
200088470,GSE88470
200088469,GSE88469
200088468,GSE88468
200088467,GSE88467
200088466,GSE88466
200088464,GSE88464
200088463,GSE88463
200088462,GSE88462
200088461,GSE88461
200088460,GSE88460
200088459,GSE88459
200088458,GSE88458
200088457,GSE88457
200088456,GSE88456
200088455,GSE88455
200088454,GSE88454
200088453,GSE88453
200088452,GSE88452
200088451,GSE88451
200088450,GSE88450
200088449,GSE88449
200088448,GSE88448
200088447,GSE88447
200088446,GSE88446
200088445,GSE88445
200088443,GSE88443
200088442,GSE88442
200088441,GSE88441
200088440,GSE88440
200088439,GSE88439
200088438,GSE88438
200088437,GSE88437
200088436,GSE88436
200088435,GSE88435
200088434,GSE88434
200088433,GSE88433
200088431,GSE88431
200088430,GSE88430
200088429,GSE88429
200088428,GSE88428
200088427,GSE88427
200088425,GSE88425
200088423,GSE88423
200088422,GSE88422
200088421,GSE88421
200088420,GSE88420
200088419,GSE88419
200088418,GSE88418
200088417,GSE88417
200088416,GSE88416
200088415,GSE88415
200088414,GSE88414
200088413,GSE88413
200088412,GSE88412
200088411,GSE88411
200088410,GSE88410
200088409,GSE88409
200088408,GSE88408
200088407,GSE88407
200088406,GSE88406
200088405,GSE88405
200088403,GSE88403
200088402,GSE88402
200088401,GSE88401
200088400,GSE88400
200088398,GSE88398
200088397,GSE88397
200088396,GSE88396
200088395,GSE88395
200088394,GSE88394
200088392,GSE88392
200088391,GSE88391
200088390,GSE88390
200088389,GSE88389
200088388,GSE88388
200088387,GSE88387
200088386,GSE88386
200088385,GSE88385
200088384,GSE88384
200088383,GSE88383
200088382,GSE88382
200088380,GSE88380
200088378,GSE88378
200088377,GSE88377
200088376,GSE88376
200088375,GSE88375
200088374,GSE88374
200088373,GSE88373
200088372,GSE88372
200088371,GSE88371
200088370,GSE88370
200088368,GSE88368
200088367,GSE88367
200088366,GSE88366
200088364,GSE88364
200088363,GSE88363
200088362,GSE88362
200088361,GSE88361
200088360,GSE88360
200088358,GSE88358
200088357,GSE88357
200088356,GSE88356
200088355,GSE88355
200088354,GSE88354
200088352,GSE88352
200088351,GSE88351
200088350,GSE88350
200088349,GSE88349
200088348,GSE88348
200088347,GSE88347
200088346,GSE88346
200088345,GSE88345
200088343,GSE88343
200088342,GSE88342
200088341,GSE88341
200088340,GSE88340
200088339,GSE88339
200088338,GSE88338
200088337,GSE88337
200088336,GSE88336
200088335,GSE88335
200088334,GSE88334
200088332,GSE88332
200088331,GSE88331
200088330,GSE88330
200088329,GSE88329
200088328,GSE88328
200088326,GSE88326
200088325,GSE88325
200088324,GSE88324
200088323,GSE88323
200088322,GSE88322
200088321,GSE88321
200088320,GSE88320
200088319,GSE88319
200088318,GSE88318
200088317,GSE88317
200088316,GSE88316
200088315,GSE88315
200088314,GSE88314
200088313,GSE88313
200088312,GSE88312
200088311,GSE88311
200088310,GSE88310
200088309,GSE88309
200088307,GSE88307
200088305,GSE88305
200088304,GSE88304
200088303,GSE88303
200088302,GSE88302
200088301,GSE88301
200088300,GSE88300
200088299,GSE88299
200088298,GSE88298
200088297,GSE88297
200088296,GSE88296
200088295,GSE88295
200088294,GSE88294
200088293,GSE88293
200088292,GSE88292
200088291,GSE88291
200088290,GSE88290
200088289,GSE88289
200088288,GSE88288
200088287,GSE88287
200088286,GSE88286
200088285,GSE88285
200088284,GSE88284
200088283,GSE88283
200088282,GSE88282
200088281,GSE88281
200088280,GSE88280
200088279,GSE88279
200088278,GSE88278
200088277,GSE88277
200088276,GSE88276
200088275,GSE88275
200088273,GSE88273
200088272,GSE88272
200088271,GSE88271
200088270,GSE88270
200088269,GSE88269
200088268,GSE88268
200088267,GSE88267
200088266,GSE88266
200088265,GSE88265
200088264,GSE88264
200088263,GSE88263
200088262,GSE88262
200088261,GSE88261
200088259,GSE88259
200088258,GSE88258
200088257,GSE88257
200088256,GSE88256
200088255,GSE88255
200088254,GSE88254
200088253,GSE88253
200088252,GSE88252
200088250,GSE88250
200088249,GSE88249
200088248,GSE88248
200088247,GSE88247
200088246,GSE88246
200088245,GSE88245
200088244,GSE88244
200088243,GSE88243
200088242,GSE88242
200088241,GSE88241
200088240,GSE88240
200088239,GSE88239
200088238,GSE88238
200088237,GSE88237
200088235,GSE88235
200088234,GSE88234
200088233,GSE88233
200088231,GSE88231
200088230,GSE88230
200088229,GSE88229
200088228,GSE88228
200088226,GSE88226
200088225,GSE88225
200088224,GSE88224
200088223,GSE88223
200088222,GSE88222
200088221,GSE88221
200088220,GSE88220
200088219,GSE88219
200088218,GSE88218
200088217,GSE88217
200088216,GSE88216
200088215,GSE88215
200088214,GSE88214
200088213,GSE88213
200088212,GSE88212
200088211,GSE88211
200088210,GSE88210
200088209,GSE88209
200088208,GSE88208
200088207,GSE88207
200088206,GSE88206
200088205,GSE88205
200088204,GSE88204
200088203,GSE88203
200088201,GSE88201
200088200,GSE88200
200088199,GSE88199
200088198,GSE88198
200088196,GSE88196
200088195,GSE88195
200088194,GSE88194
200088193,GSE88193
200088192,GSE88192
200088191,GSE88191
200088190,GSE88190
200088189,GSE88189
200088187,GSE88187
200088186,GSE88186
200088185,GSE88185
200088184,GSE88184
200088182,GSE88182
200088181,GSE88181
200088180,GSE88180
200088179,GSE88179
200088178,GSE88178
200088176,GSE88176
200088175,GSE88175
200088174,GSE88174
200088172,GSE88172
200088171,GSE88171
200088170,GSE88170
200088168,GSE88168
200088167,GSE88167
200088165,GSE88165
200088163,GSE88163
200088162,GSE88162
200088160,GSE88160
200088159,GSE88159
200088158,GSE88158
200088157,GSE88157
200088156,GSE88156
200088155,GSE88155
200088154,GSE88154
200088152,GSE88152
200088151,GSE88151
200088150,GSE88150
200088149,GSE88149
200088148,GSE88148
200088145,GSE88145
200088144,GSE88144
200088143,GSE88143
200088142,GSE88142
200088141,GSE88141
200088140,GSE88140
200088139,GSE88139
200088138,GSE88138
200088137,GSE88137
200088135,GSE88135
200088134,GSE88134
200088133,GSE88133
200088132,GSE88132
200088131,GSE88131
200088130,GSE88130
200088129,GSE88129
200088127,GSE88127
200088126,GSE88126
200088125,GSE88125
200088124,GSE88124
200088122,GSE88122
200088121,GSE88121
200088120,GSE88120
200088119,GSE88119
200088118,GSE88118
200088117,GSE88117
200088116,GSE88116
200088115,GSE88115
200088114,GSE88114
200088112,GSE88112
200088111,GSE88111
200088110,GSE88110
200088109,GSE88109
200088108,GSE88108
200088107,GSE88107
200088106,GSE88106
200088105,GSE88105
200088104,GSE88104
200088102,GSE88102
200088101,GSE88101
200088100,GSE88100
200088099,GSE88099
200088098,GSE88098
200088097,GSE88097
200088096,GSE88096
200088095,GSE88095
200088092,GSE88092
200088091,GSE88091
200088090,GSE88090
200088089,GSE88089
200088088,GSE88088
200088087,GSE88087
200088086,GSE88086
200088085,GSE88085
200088084,GSE88084
200088083,GSE88083
200088082,GSE88082
200088081,GSE88081
200088080,GSE88080
200088078,GSE88078
200088077,GSE88077
200088076,GSE88076
200088075,GSE88075
200088074,GSE88074
200088073,GSE88073
200088072,GSE88072
200088070,GSE88070
200088069,GSE88069
200088068,GSE88068
200088067,GSE88067
200088066,GSE88066
200088065,GSE88065
200088064,GSE88064
200088063,GSE88063
200088062,GSE88062
200088061,GSE88061
200088060,GSE88060
200088059,GSE88059
200088058,GSE88058
200088056,GSE88056
200088055,GSE88055
200088054,GSE88054
200088053,GSE88053
200088052,GSE88052
200088051,GSE88051
200088050,GSE88050
200088049,GSE88049
200088048,GSE88048
200088047,GSE88047
200088046,GSE88046
200088045,GSE88045
200088044,GSE88044
200088043,GSE88043
200088042,GSE88042
200088041,GSE88041
200088040,GSE88040
200088039,GSE88039
200088038,GSE88038
200088037,GSE88037
200088036,GSE88036
200088035,GSE88035
200088034,GSE88034
200088033,GSE88033
200088032,GSE88032
200088031,GSE88031
200088030,GSE88030
200088029,GSE88029
200088028,GSE88028
200088026,GSE88026
200088025,GSE88025
200088024,GSE88024
200088023,GSE88023
200088022,GSE88022
200088021,GSE88021
200088020,GSE88020
200088018,GSE88018
200088016,GSE88016
200088015,GSE88015
200088014,GSE88014
200088013,GSE88013
200088012,GSE88012
200088011,GSE88011
200088010,GSE88010
200088009,GSE88009
200088008,GSE88008
200088007,GSE88007
200088006,GSE88006
200088005,GSE88005
200088004,GSE88004
200088003,GSE88003
200088002,GSE88002
200088001,GSE88001
200088000,GSE88000
200087999,GSE87999
200087998,GSE87998
200087997,GSE87997
200087996,GSE87996
200087995,GSE87995
200087994,GSE87994
200087993,GSE87993
200087992,GSE87992
200087990,GSE87990
200087989,GSE87989
200087988,GSE87988
200087987,GSE87987
200087986,GSE87986
200087985,GSE87985
200087984,GSE87984
200087983,GSE87983
200087982,GSE87982
200087981,GSE87981
200087980,GSE87980
200087979,GSE87979
200087978,GSE87978
200087977,GSE87977
200087975,GSE87975
200087974,GSE87974
200087973,GSE87973
200087972,GSE87972
200087971,GSE87971
200087970,GSE87970
200087969,GSE87969
200087968,GSE87968
200087967,GSE87967
200087966,GSE87966
200087964,GSE87964
200087963,GSE87963
200087962,GSE87962
200087961,GSE87961
200087960,GSE87960
200087958,GSE87958
200087957,GSE87957
200087956,GSE87956
200087955,GSE87955
200087954,GSE87954
200087953,GSE87953
200087952,GSE87952
200087951,GSE87951
200087950,GSE87950
200087948,GSE87948
200087947,GSE87947
200087946,GSE87946
200087943,GSE87943
200087942,GSE87942
200087941,GSE87941
200087940,GSE87940
200087939,GSE87939
200087938,GSE87938
200087937,GSE87937
200087936,GSE87936
200087935,GSE87935
200087934,GSE87934
200087933,GSE87933
200087932,GSE87932
200087931,GSE87931
200087930,GSE87930
200087929,GSE87929
200087928,GSE87928
200087927,GSE87927
200087926,GSE87926
200087925,GSE87925
200087924,GSE87924
200087923,GSE87923
200087922,GSE87922
200087921,GSE87921
200087532,GSE87532
200074798,GSE74798
200063344,GSE63344
200089542,GSE89542
200084722,GSE84722
200084172,GSE84172
200066627,GSE66627
200089339,GSE89339
200078688,GSE78688
200089049,GSE89049
200086940,GSE86940
200081810,GSE81810
200081525,GSE81525
200075369,GSE75369
200075329,GSE75329
200074270,GSE74270
200075061,GSE75061
200068538,GSE68538
200085870,GSE85870
200074508,GSE74508
200083905,GSE83905
200081493,GSE81493
200079968,GSE79968
200089008,GSE89008
200086931,GSE86931
200089140,GSE89140
200078913,GSE78913
200074377,GSE74377
200089122,GSE89122
200085297,GSE85297
200081809,GSE81809
200078285,GSE78285
200076495,GSE76495
200075452,GSE75452
200067073,GSE67073
200080802,GSE80802
200080651,GSE80651
200079656,GSE79656
200063124,GSE63124
200089065,GSE89065
200062613,GSE62613
200087231,GSE87231
200083438,GSE83438
200077784,GSE77784
200074235,GSE74235
200088944,GSE88944
200088943,GSE88943
200087891,GSE87891
200086040,GSE86040
200080126,GSE80126
200088802,GSE88802
200082241,GSE82241
200080106,GSE80106
200077328,GSE77328
200073583,GSE73583
200072400,GSE72400
200084697,GSE84697
200082177,GSE82177
200081080,GSE81080
200081074,GSE81074
200082052,GSE82052
200086661,GSE86661
200086660,GSE86660
200086659,GSE86659
200086658,GSE86658
200086657,GSE86657
200076487,GSE76487
200076486,GSE76486
200070299,GSE70299
200085854,GSE85854
200085852,GSE85852
200085851,GSE85851
200079888,GSE79888
200079684,GSE79684
200077057,GSE77057
200086896,GSE86896
200080351,GSE80351
200086813,GSE86813
200085897,GSE85897
200085447,GSE85447
200077682,GSE77682
200086903,GSE86903
200087273,GSE87273
200079835,GSE79835
200087710,GSE87710
200085899,GSE85899
200087668,GSE87668
200086035,GSE86035
200084432,GSE84432
200075234,GSE75234
200072932,GSE72932
200083860,GSE83860
200080258,GSE80258
200070089,GSE70089
200082289,GSE82289
200076371,GSE76371
200075773,GSE75773
200075297,GSE75297
200063764,GSE63764
200085709,GSE85709
200084875,GSE84875
200083559,GSE83559
200062852,GSE62852
200087497,GSE87497
200086190,GSE86190
200080136,GSE80136
200086356,GSE86356
200085953,GSE85953
200085864,GSE85864
200087400,GSE87400
200087392,GSE87392
200085465,GSE85465
200080463,GSE80463
200080333,GSE80333
200087372,GSE87372
200087365,GSE87365
200087290,GSE87290
200081534,GSE81534
200086422,GSE86422
200085839,GSE85839
200084022,GSE84022
200081593,GSE81593
200079872,GSE79872
200079871,GSE79871
200074698,GSE74698
200087307,GSE87307
200087240,GSE87240
200079572,GSE79572
200087186,GSE87186
200087167,GSE87167
200077538,GSE77538
200076717,GSE76717
200076712,GSE76712
200070935,GSE70935
200085461,GSE85461
200086564,GSE86564
200086563,GSE86563
200086562,GSE86562
200081478,GSE81478
200078922,GSE78922
200086857,GSE86857
200086791,GSE86791
200082061,GSE82061
200073853,GSE73853
200050958,GSE50958
200084537,GSE84537
200084186,GSE84186
200076586,GSE76586
200060191,GSE60191
200086214,GSE86214
200085791,GSE85791
200085969,GSE85969
200080467,GSE80467
200080176,GSE80176
200078512,GSE78512
200086884,GSE86884
200086846,GSE86846
200084320,GSE84320
200081982,GSE81982
200080249,GSE80249
200073065,GSE73065
200084930,GSE84930
200083635,GSE83635
200073458,GSE73458
200086611,GSE86611
200086577,GSE86577
200083484,GSE83484
200086532,GSE86532
200081916,GSE81916
200080397,GSE80397
200079859,GSE79859
200079301,GSE79301
200072820,GSE72820
200085227,GSE85227
200083930,GSE83930
200073471,GSE73471
200081046,GSE81046
200073502,GSE73502
200060217,GSE60217
200086337,GSE86337
200082143,GSE82143
200078936,GSE78936
200072536,GSE72536
200071401,GSE71401
200071088,GSE71088
200077950,GSE77950
200077120,GSE77120
200077085,GSE77085
200086202,GSE86202
200086159,GSE86159
200084166,GSE84166
200083321,GSE83321
200077034,GSE77034
200077032,GSE77032
200077031,GSE77031
200085361,GSE85361
200084430,GSE84430
200083314,GSE83314
200072475,GSE72475
200086053,GSE86053
200083601,GSE83601
200081826,GSE81826
200086014,GSE86014
200086007,GSE86007
200080442,GSE80442
200079428,GSE79428
200079426,GSE79426
200079424,GSE79424
200076743,GSE76743
200085935,GSE85935
200083668,GSE83668
200079564,GSE79564
200077808,GSE77808
200075699,GSE75699
200080434,GSE80434
200075070,GSE75070
200074718,GSE74718
200085107,GSE85107
200075515,GSE75515
200075364,GSE75364
200085133,GSE85133
200085840,GSE85840
200072259,GSE72259
200078167,GSE78167
200085724,GSE85724
200084986,GSE84986
200080715,GSE80715
200074439,GSE74439
200085712,GSE85712
200085689,GSE85689
200084639,GSE84639
200077460,GSE77460
200071756,GSE71756
200060833,GSE60833
200072524,GSE72524
200059288,GSE59288
200080336,GSE80336
200077282,GSE77282
200084285,GSE84285
200076453,GSE76453
200075776,GSE75776
200084582,GSE84582
200083100,GSE83100
200067124,GSE67124
200083638,GSE83638
200081157,GSE81157
200076688,GSE76688
200075042,GSE75042
200085118,GSE85118
200083520,GSE83520
200081601,GSE81601
200085050,GSE85050
200081507,GSE81507
200071993,GSE71993
200082223,GSE82223
200081254,GSE81254
200078199,GSE78199
200067659,GSE67659
200080135,GSE80135
200071710,GSE71710
200084531,GSE84531
200079842,GSE79842
200071551,GSE71551
200084896,GSE84896
200082260,GSE82260
200081513,GSE81513
200084877,GSE84877
200071340,GSE71340
200081795,GSE81795
200066388,GSE66388
200063537,GSE63537
200078960,GSE78960
200084636,GSE84636
200083115,GSE83115
200082329,GSE82329
200077072,GSE77072
200075146,GSE75146
200072930,GSE72930
200067141,GSE67141
200073663,GSE73663
200073109,GSE73109
200051984,GSE51984
200048843,GSE48843
200082336,GSE82336
200080137,GSE80137
200071831,GSE71831
200081817,GSE81817
200081469,GSE81469
200078172,GSE78172
200061490,GSE61490
200084425,GSE84425
200084385,GSE84385
200083660,GSE83660
200070959,GSE70959
200065838,GSE65838
200084322,GSE84322
200080988,GSE80988
200081167,GSE81167
200076308,GSE76308
200083785,GSE83785
200080131,GSE80131
200079804,GSE79804
200077356,GSE77356
200071139,GSE71139
200070084,GSE70084
200069092,GSE69092
200067528,GSE67528
200075327,GSE75327
200079304,GSE79304
200079293,GSE79293
200082333,GSE82333
200061549,GSE61549
200081498,GSE81498
200081497,GSE81497
200072696,GSE72696
200077704,GSE77704
200077702,GSE77702
200076514,GSE76514
200067540,GSE67540
200081402,GSE81402
200081328,GSE81328
200083939,GSE83939
200083584,GSE83584
200083482,GSE83482
200079492,GSE79492
200077443,GSE77443
200073470,GSE73470
200071541,GSE71541
200070150,GSE70150
200083888,GSE83888
200070189,GSE70189
200068799,GSE68799
200057871,GSE57871
200043726,GSE43726
200083808,GSE83808
200071058,GSE71058
200075410,GSE75410
200075247,GSE75247
200067892,GSE67892
200057681,GSE57681
200081439,GSE81439
200066086,GSE66086
200073982,GSE73982
200070230,GSE70230
200083551,GSE83551
200072407,GSE72407
200072404,GSE72404
200083592,GSE83592
200083531,GSE83531
200081417,GSE81417
200081148,GSE81148
200081147,GSE81147
200075733,GSE75733
200071203,GSE71203
200083479,GSE83479
200083415,GSE83415
200081214,GSE81214
200079782,GSE79782
200080372,GSE80372
200083322,GSE83322
200076173,GSE76173
200075797,GSE75797
200070211,GSE70211
200083266,GSE83266
200080591,GSE80591
200079666,GSE79666
200078078,GSE78078
200071812,GSE71812
200071777,GSE71777
200069735,GSE69735
200079669,GSE79669
200079668,GSE79668
200077039,GSE77039
200069896,GSE69896
200063144,GSE63144
200082184,GSE82184
200080182,GSE80182
200080072,GSE80072
200077841,GSE77841
200074142,GSE74142
200082227,GSE82227
200062483,GSE62483
200078236,GSE78236
200081062,GSE81062
200080722,GSE80722
200068873,GSE68873
200082226,GSE82226
200069604,GSE69604
200079923,GSE79923
200075792,GSE75792
200074716,GSE74716
200069905,GSE69905
200082071,GSE82071
200081089,GSE81089
200080366,GSE80366
200080365,GSE80365
200078276,GSE78276
200075011,GSE75011
200074958,GSE74958
200074935,GSE74935
200073527,GSE73527
200073213,GSE73213
200069434,GSE69434
200077742,GSE77742
200059233,GSE59233
200080282,GSE80282
200073737,GSE73737
200066539,GSE66539
200061290,GSE61290
200081460,GSE81460
200080952,GSE80952
200080951,GSE80951
200080950,GSE80950
200080949,GSE80949
200080948,GSE80948
200080947,GSE80947
200080946,GSE80946
200080945,GSE80945
200080944,GSE80944
200080943,GSE80943
200080942,GSE80942
200080941,GSE80941
200080940,GSE80940
200080939,GSE80939
200080938,GSE80938
200080937,GSE80937
200080936,GSE80936
200080935,GSE80935
200080934,GSE80934
200080933,GSE80933
200080932,GSE80932
200080931,GSE80931
200080930,GSE80930
200080929,GSE80929
200080928,GSE80928
200080927,GSE80927
200080926,GSE80926
200080925,GSE80925
200080924,GSE80924
200080923,GSE80923
200080922,GSE80922
200080921,GSE80921
200080920,GSE80920
200080919,GSE80919
200080918,GSE80918
200080917,GSE80917
200080916,GSE80916
200080915,GSE80915
200080914,GSE80914
200080913,GSE80913
200080912,GSE80912
200080910,GSE80910
200080909,GSE80909
200080908,GSE80908
200080907,GSE80907
200080906,GSE80906
200080905,GSE80905
200080904,GSE80904
200080903,GSE80903
200080902,GSE80902
200080901,GSE80901
200080900,GSE80900
200080899,GSE80899
200080898,GSE80898
200080897,GSE80897
200080896,GSE80896
200080895,GSE80895
200080894,GSE80894
200080893,GSE80893
200080892,GSE80892
200080891,GSE80891
200080890,GSE80890
200080889,GSE80889
200080888,GSE80888
200080886,GSE80886
200080885,GSE80885
200080884,GSE80884
200080883,GSE80883
200080882,GSE80882
200080881,GSE80881
200080880,GSE80880
200080879,GSE80879
200080878,GSE80878
200080876,GSE80876
200080875,GSE80875
200080874,GSE80874
200080873,GSE80873
200080872,GSE80872
200080871,GSE80871
200080870,GSE80870
200080869,GSE80869
200080868,GSE80868
200080867,GSE80867
200080866,GSE80866
200080865,GSE80865
200080864,GSE80864
200080863,GSE80863
200080862,GSE80862
200080861,GSE80861
200080860,GSE80860
200080859,GSE80859
200080858,GSE80858
200080857,GSE80857
200080856,GSE80856
200080855,GSE80855
200080854,GSE80854
200080853,GSE80853
200080852,GSE80852
200080851,GSE80851
200080849,GSE80849
200080848,GSE80848
200080847,GSE80847
200080846,GSE80846
200080845,GSE80845
200080844,GSE80844
200080843,GSE80843
200080842,GSE80842
200080841,GSE80841
200080840,GSE80840
200080839,GSE80839
200080838,GSE80838
200080837,GSE80837
200080836,GSE80836
200080835,GSE80835
200076608,GSE76608
200069415,GSE69415
200081814,GSE81814
200069234,GSE69234
200069233,GSE69233
200081791,GSE81791
200077902,GSE77902
200077901,GSE77901
200070833,GSE70833
200080048,GSE80048
200075949,GSE75949
200069420,GSE69420
200081548,GSE81548
200059093,GSE59093
200081579,GSE81579
200081485,GSE81485
200075215,GSE75215
200079338,GSE79338
200069637,GSE69637
200076151,GSE76151
200076684,GSE76684
200076683,GSE76683
200076682,GSE76682
200072534,GSE72534
200080525,GSE80525
200081443,GSE81443
200075853,GSE75853
200075823,GSE75823
200074927,GSE74927
200080979,GSE80979
200080167,GSE80167
200073845,GSE73845
200081266,GSE81266
200077370,GSE77370
200075217,GSE75217
200081239,GSE81239
200071577,GSE71577
200076656,GSE76656
200076654,GSE76654
200081087,GSE81087
200071560,GSE71560
200067931,GSE67931
200076199,GSE76199
200068005,GSE68005
200081032,GSE81032
200077314,GSE77314
200080716,GSE80716
200079735,GSE79735
200079284,GSE79284
200076860,GSE76860
200075962,GSE75962
200075811,GSE75811
200074031,GSE74031
200065518,GSE65518
200080953,GSE80953
200069737,GSE69737
200080780,GSE80780
200079917,GSE79917
200080635,GSE80635
200079120,GSE79120
200070685,GSE70685
200069583,GSE69583
200068673,GSE68673
200068248,GSE68248
200080611,GSE80611
200073398,GSE73398
200072460,GSE72460
200068327,GSE68327
200080563,GSE80563
200069312,GSE69312
200068229,GSE68229
200080073,GSE80073
200064486,GSE64486
200076476,GSE76476
200071854,GSE71854
200066430,GSE66430
200063734,GSE63734
200078527,GSE78527
200068395,GSE68395
200080306,GSE80306
200074324,GSE74324
200057973,GSE57973
200080207,GSE80207
200080170,GSE80170
200051281,GSE51281
200080156,GSE80156
200074999,GSE74999
200080082,GSE80082
200080062,GSE80062
200079970,GSE79970
200076987,GSE76987
200073325,GSE73325
200064367,GSE64367
200057430,GSE57430
200080039,GSE80039
200078507,GSE78507
200076507,GSE76507
200071326,GSE71326
200071325,GSE71325
200052260,GSE52260
200079978,GSE79978
200079861,GSE79861
200073016,GSE73016
200072712,GSE72712
200070620,GSE70620
200075491,GSE75491
200075489,GSE75489
200075487,GSE75487
200079664,GSE79664
200078725,GSE78725
200073784,GSE73784
200069787,GSE69787
200076801,GSE76801
200077253,GSE77253
200075844,GSE75844
200071747,GSE71747
200070831,GSE70831
200079680,GSE79680
200079688,GSE79688
200075220,GSE75220
200072956,GSE72956
200077629,GSE77629
200046597,GSE46597
200074928,GSE74928
200076389,GSE76389
200069982,GSE69982
200068108,GSE68108
200079362,GSE79362
200067250,GSE67250
200077915,GSE77915
200077913,GSE77913
200071972,GSE71972
200069206,GSE69206
200079373,GSE79373
200078687,GSE78687
200078686,GSE78686
200078685,GSE78685
200078684,GSE78684
200078683,GSE78683
200078682,GSE78682
200078681,GSE78681
200078680,GSE78680
200078679,GSE78679
200078678,GSE78678
200078677,GSE78677
200078676,GSE78676
200078674,GSE78674
200078672,GSE78672
200078671,GSE78671
200078670,GSE78670
200078666,GSE78666
200078665,GSE78665
200078664,GSE78664
200078663,GSE78663
200078662,GSE78662
200078661,GSE78661
200078660,GSE78660
200078659,GSE78659
200078658,GSE78658
200078657,GSE78657
200078656,GSE78656
200078655,GSE78655
200078653,GSE78653
200078652,GSE78652
200078651,GSE78651
200078650,GSE78650
200078649,GSE78649
200078648,GSE78648
200078647,GSE78647
200078646,GSE78646
200078645,GSE78645
200078644,GSE78644
200078643,GSE78643
200078642,GSE78642
200078641,GSE78641
200078640,GSE78640
200078639,GSE78639
200078637,GSE78637
200078636,GSE78636
200078635,GSE78635
200078632,GSE78632
200078631,GSE78631
200078629,GSE78629
200078628,GSE78628
200078627,GSE78627
200078626,GSE78626
200078625,GSE78625
200078624,GSE78624
200078623,GSE78623
200078621,GSE78621
200078619,GSE78619
200078618,GSE78618
200078617,GSE78617
200078616,GSE78616
200078615,GSE78615
200078614,GSE78614
200078613,GSE78613
200078611,GSE78611
200078609,GSE78609
200078608,GSE78608
200078606,GSE78606
200078605,GSE78605
200078604,GSE78604
200078603,GSE78603
200078602,GSE78602
200078601,GSE78601
200078600,GSE78600
200078599,GSE78599
200078597,GSE78597
200078595,GSE78595
200078594,GSE78594
200078593,GSE78593
200078592,GSE78592
200078591,GSE78591
200078590,GSE78590
200078589,GSE78589
200078588,GSE78588
200078587,GSE78587
200078586,GSE78586
200078585,GSE78585
200078582,GSE78582
200078581,GSE78581
200078580,GSE78580
200078579,GSE78579
200078578,GSE78578
200078577,GSE78577
200078576,GSE78576
200078575,GSE78575
200078574,GSE78574
200078573,GSE78573
200078572,GSE78572
200078571,GSE78571
200078570,GSE78570
200078569,GSE78569
200078568,GSE78568
200078567,GSE78567
200078566,GSE78566
200078565,GSE78565
200078564,GSE78564
200078563,GSE78563
200078562,GSE78562
200078561,GSE78561
200078560,GSE78560
200078559,GSE78559
200078558,GSE78558
200078557,GSE78557
200078556,GSE78556
200078555,GSE78555
200078554,GSE78554
200078553,GSE78553
200078552,GSE78552
200078551,GSE78551
200078550,GSE78550
200078549,GSE78549
200078548,GSE78548
200078547,GSE78547
200078546,GSE78546
200078545,GSE78545
200078541,GSE78541
200078540,GSE78540
200078537,GSE78537
200078536,GSE78536
200078534,GSE78534
200078533,GSE78533
200078532,GSE78532
200078531,GSE78531
200078530,GSE78530
200078529,GSE78529
200078528,GSE78528
200078474,GSE78474
200078459,GSE78459
200078416,GSE78416
200078395,GSE78395
200078382,GSE78382
200078220,GSE78220
200079272,GSE79272
200077530,GSE77530
200076528,GSE76528
200066993,GSE66993
200074953,GSE74953
200071456,GSE71456
200079160,GSE79160
200079157,GSE79157
200077033,GSE77033
200063738,GSE63738
200079147,GSE79147
200079027,GSE79027
200078158,GSE78158
200078925,GSE78925
200074734,GSE74734
200072483,GSE72483
200078918,GSE78918
200078711,GSE78711
200077661,GSE77661
200076490,GSE76490
200074881,GSE74881
200075591,GSE75591
200073610,GSE73610
200062982,GSE62982
200078785,GSE78785
200075059,GSE75059
200069667,GSE69667
200069125,GSE69125
200068085,GSE68085
200060989,GSE60989
200077734,GSE77734
200074737,GSE74737
200073362,GSE73362
200071569,GSE71569
200066798,GSE66798
200061910,GSE61910
200070785,GSE70785
200063183,GSE63183
200066593,GSE66593
200078506,GSE78506
200078275,GSE78275
200074263,GSE74263
200066238,GSE66238
200078138,GSE78138
200070285,GSE70285
200069753,GSE69753
200066092,GSE66092
200077946,GSE77946
200072156,GSE72156
200071095,GSE71095
200059820,GSE59820
200053698,GSE53698
200053697,GSE53697
200077920,GSE77920
200074016,GSE74016
200065952,GSE65952
200077597,GSE77597
200063085,GSE63085
200066148,GSE66148
200055030,GSE55030
200074760,GSE74760
200075168,GSE75168
200071740,GSE71740
200070485,GSE70485
200068279,GSE68279
200060052,GSE60052
200064032,GSE64032
200046613,GSE46613
200077675,GSE77675
200077624,GSE77624
200077598,GSE77598
200073941,GSE73941
200070462,GSE70462
200066158,GSE66158
200076970,GSE76970
200071890,GSE71890
200069476,GSE69476
200065943,GSE65943
200076307,GSE76307
200076220,GSE76220
200076081,GSE76081
200075652,GSE75652
200075602,GSE75602
200075432,GSE75432
200075354,GSE75354
200074484,GSE74484
200074457,GSE74457
200072299,GSE72299
200071334,GSE71334
200065515,GSE65515
200073866,GSE73866
200069121,GSE69121
200060630,GSE60630
200073719,GSE73719
200073718,GSE73718
200056545,GSE56545
200077260,GSE77260
200072141,GSE72141
200073318,GSE73318
200073317,GSE73317
200068378,GSE68378
200064801,GSE64801
200057961,GSE57961
200054734,GSE54734
200076234,GSE76234
200056331,GSE56331
200073857,GSE73857
200059884,GSE59884
200076433,GSE76433
200070389,GSE70389
200065545,GSE65545
200065107,GSE65107
200070503,GSE70503
200064558,GSE64558
200063577,GSE63577
200076931,GSE76931
200074977,GSE74977
200068719,GSE68719
200064962,GSE64962
200064854,GSE64854
200073526,GSE73526
200063034,GSE63034
200076747,GSE76747
200076125,GSE76125
200069352,GSE69352
200063265,GSE63265
200076627,GSE76627
200076578,GSE76578
200076572,GSE76572
200069383,GSE69383
200064818,GSE64818
200063582,GSE63582
200070390,GSE70390
200064317,GSE64317
200074978,GSE74978
200074850,GSE74850
200074550,GSE74550
200072986,GSE72986
200070000,GSE70000
200066859,GSE66859
200064642,GSE64642
200063634,GSE63634
200069284,GSE69284
200076367,GSE76367
200074729,GSE74729
200067963,GSE67963
200060942,GSE60942
200057073,GSE57073
200053292,GSE53292
200074339,GSE74339
200069596,GSE69596
200068416,GSE68416
200067519,GSE67519
200064644,GSE64644
200064025,GSE64025
200053510,GSE53510
200075290,GSE75290
200062544,GSE62544
200064513,GSE64513
200076268,GSE76268
200070106,GSE70106
200071284,GSE71284
200061045,GSE61045
200075530,GSE75530
200075398,GSE75398
200073742,GSE73742
200071195,GSE71195
200071074,GSE71074
200073887,GSE73887
200062076,GSE62076
200061958,GSE61958
200049159,GSE49159
200075839,GSE75839
200059275,GSE59275
200075935,GSE75935
200074493,GSE74493
200073721,GSE73721
200067952,GSE67952
200067951,GSE67951
200067947,GSE67947
200067759,GSE67759
200067758,GSE67758
200067757,GSE67757
200062171,GSE62171
200073942,GSE73942
200073376,GSE73376
200065999,GSE65999
200072589,GSE72589
200071900,GSE71900
200071898,GSE71898
200071893,GSE71893
200069333,GSE69333
200055492,GSE55492
200064810,GSE64810
200064529,GSE64529
200075627,GSE75627
200075440,GSE75440
200059528,GSE59528
200057780,GSE57780
200075147,GSE75147
200069567,GSE69567
200067115,GSE67115
200063807,GSE63807
200052912,GSE52912
200075428,GSE75428
200072055,GSE72055
200074232,GSE74232
200068323,GSE68323
200071763,GSE71763
200067493,GSE67493
200069692,GSE69692
200071645,GSE71645
200075130,GSE75130
200074866,GSE74866
200073986,GSE73986
200071878,GSE71878
200063703,GSE63703
200063700,GSE63700
200058604,GSE58604
200074697,GSE74697
200073893,GSE73893
200064451,GSE64451
200060955,GSE60955
200074974,GSE74974
200065885,GSE65885
200073136,GSE73136
200067382,GSE67382
200074442,GSE74442
200069889,GSE69889
200073588,GSE73588
200062909,GSE62909
200071208,GSE71208
200074665,GSE74665
200074461,GSE74461
200071594,GSE71594
200074658,GSE74658
200066928,GSE66928
200066789,GSE66789
200062920,GSE62920
200062919,GSE62919
200071421,GSE71421
200071216,GSE71216
200069906,GSE69906
200063900,GSE63900
200063485,GSE63485
200074322,GSE74322
200072955,GSE72955
200066553,GSE66553
200071848,GSE71848
200068086,GSE68086
200058933,GSE58933
200071382,GSE71382
200066250,GSE66250
200058708,GSE58708
200062731,GSE62731
200073570,GSE73570
200073405,GSE73405
200073370,GSE73370
200073211,GSE73211
200072819,GSE72819
200072001,GSE72001
200071204,GSE71204
200062718,GSE62718
200060570,GSE60570
200074220,GSE74220
200074201,GSE74201
200069239,GSE69239
200071557,GSE71557
200074029,GSE74029
200066556,GSE66556
200065145,GSE65145
200062093,GSE62093
200066230,GSE66230
200070078,GSE70078
200068180,GSE68180
200071191,GSE71191
200070767,GSE70767
200072915,GSE72915
200073114,GSE73114
200063079,GSE63079
200073678,GSE73678
200071520,GSE71520
200071519,GSE71519
200069822,GSE69822
200071552,GSE71552
200062276,GSE62276
200062207,GSE62207
200058963,GSE58963
200058122,GSE58122
200073579,GSE73579
200073075,GSE73075
200072202,GSE72202
200071446,GSE71446
200068815,GSE68815
200068671,GSE68671
200065832,GSE65832
200071154,GSE71154
200070544,GSE70544
200066592,GSE66592
200066590,GSE66590
200061794,GSE61794
200071164,GSE71164
200065105,GSE65105
200065030,GSE65030
200071261,GSE71261
200070068,GSE70068
200067937,GSE67937
200068482,GSE68482
200062247,GSE62247
200073277,GSE73277
200073189,GSE73189
200056022,GSE56022
200073099,GSE73099
200073060,GSE73060
200072509,GSE72509
200072502,GSE72502
200072501,GSE72501
200072500,GSE72500
200065099,GSE65099
200062854,GSE62854
200072994,GSE72994
200071595,GSE71595
200065705,GSE65705
200065185,GSE65185
200062520,GSE62520
200058989,GSE58989
200072983,GSE72983
200072468,GSE72468
200071289,GSE71289
200072821,GSE72821
200072815,GSE72815
200072769,GSE72769
200072790,GSE72790
200071709,GSE71709
200063935,GSE63935
200063782,GSE63782
200050598,GSE50598
200072748,GSE72748
200065991,GSE65991
200063346,GSE63346
200066182,GSE66182
200060988,GSE60988
200071862,GSE71862
200068109,GSE68109
200069656,GSE69656
200069241,GSE69241
200068559,GSE68559
200067902,GSE67902
200064590,GSE64590
200057254,GSE57254
200072082,GSE72082
200070537,GSE70537
200065634,GSE65634
200069308,GSE69308
200067004,GSE67004
200062889,GSE62889
200067128,GSE67128
200026880,GSE26880
200064553,GSE64553
200068401,GSE68401
200065473,GSE65473
200063511,GSE63511
200067785,GSE67785
200064332,GSE64332
200056924,GSE56924
200060481,GSE60481
200072131,GSE72131
200069549,GSE69549
200071275,GSE71275
200070668,GSE70668
200070408,GSE70408
200040069,GSE40069
200071960,GSE71960
200069687,GSE69687
200066744,GSE66744
200071299,GSE71299
200061946,GSE61946
200061945,GSE61945
200064113,GSE64113
200070073,GSE70073
200069472,GSE69472
200066962,GSE66962
200066446,GSE66446
200060559,GSE60559
200069259,GSE69259
200068890,GSE68890
200063189,GSE63189
200071414,GSE71414
200071012,GSE71012
200071009,GSE71009
200069240,GSE69240
200070764,GSE70764
200069164,GSE69164
200071100,GSE71100
200067109,GSE67109
200069825,GSE69825
200068611,GSE68611
200061220,GSE61220
200067196,GSE67196
200059621,GSE59621
200071070,GSE71070
200057353,GSE57353
200070513,GSE70513
200062772,GSE62772
200061476,GSE61476
200061390,GSE61390
200070694,GSE70694
200066207,GSE66207
200062228,GSE62228
200060391,GSE60391
200070871,GSE70871
200067184,GSE67184
200070830,GSE70830
200068219,GSE68219
200066767,GSE66767
200069827,GSE69827
200067237,GSE67237
200067039,GSE67039
200066917,GSE66917
200066306,GSE66306
200065683,GSE65683
200062190,GSE62190
200055536,GSE55536
200061130,GSE61130
200069585,GSE69585
200067898,GSE67898
200069197,GSE69197
200066448,GSE66448
200070330,GSE70330
200069110,GSE69110
200068221,GSE68221
200067994,GSE67994
200067488,GSE67488
200067447,GSE67447
200067401,GSE67401
200066550,GSE66550
200064588,GSE64588
200062968,GSE62968
200059028,GSE59028
200048953,GSE48953
200070380,GSE70380
200069322,GSE69322
200066135,GSE66135
200043126,GSE43126
200068800,GSE68800
200066809,GSE66809
200069622,GSE69622
200064283,GSE64283
200068645,GSE68645
200060477,GSE60477
200066173,GSE66173
200045162,GSE45162
200070061,GSE70061
200068919,GSE68919
200066879,GSE66879
200064233,GSE64233
200063234,GSE63234
200058586,GSE58586
200064713,GSE64713
200068938,GSE68938
200068331,GSE68331
200066895,GSE66895
200069678,GSE69678
200069114,GSE69114
200066769,GSE66769
200065235,GSE65235
200063591,GSE63591
200067543,GSE67543
200069618,GSE69618
200069597,GSE69597
200063655,GSE63655
200069529,GSE69529
200061600,GSE61600
200068631,GSE68631
200068228,GSE68228
200064182,GSE64182
200064179,GSE64179
200062820,GSE62820
200038393,GSE38393
200068975,GSE68975
200067866,GSE67866
200063392,GSE63392
200068341,GSE68341
200065621,GSE65621
200063283,GSE63283
200059717,GSE59717
200068358,GSE68358
200068042,GSE68042
200069021,GSE69021
200059066,GSE59066
200060585,GSE60585
200045510,GSE45510
200068987,GSE68987
200055699,GSE55699
200068813,GSE68813
200068925,GSE68925
200054968,GSE54968
200068795,GSE68795
200052285,GSE52285
200065349,GSE65349
200062913,GSE62913
200061730,GSE61730
200066755,GSE66755
200057503,GSE57503
200067945,GSE67945
200066014,GSE66014
200060603,GSE60603
200053133,GSE53133
200064758,GSE64758
200067240,GSE67240
200066186,GSE66186
200064912,GSE64912
200059822,GSE59822
200057803,GSE57803
200067070,GSE67070
200062518,GSE62518
200065996,GSE65996
200068230,GSE68230
200065926,GSE65926
200066261,GSE66261
200061332,GSE61332
200060358,GSE60358
200065644,GSE65644
200068027,GSE68027
200063570,GSE63570
200055005,GSE55005
200066385,GSE66385
200055727,GSE55727
200067915,GSE67915
200067844,GSE67844
200063015,GSE63015
200067812,GSE67812
200062829,GSE62829
200062056,GSE62056
200061515,GSE61515
200067770,GSE67770
200065112,GSE65112
200058123,GSE58123
200060530,GSE60530
200057637,GSE57637
200067617,GSE67617
200063887,GSE63887
200057925,GSE57925
200062077,GSE62077
200066228,GSE66228
200061966,GSE61966
200057325,GSE57325
200067333,GSE67333
200065039,GSE65039
200067427,GSE67427
200065540,GSE65540
200065485,GSE65485
200061162,GSE61162
200052935,GSE52935
200064741,GSE64741
200059966,GSE59966
200053499,GSE53499
200056152,GSE56152
200060212,GSE60212
200044461,GSE44461
200057732,GSE57732
200066876,GSE66876
200064098,GSE64098
200066777,GSE66777
200066742,GSE66742
200066719,GSE66719
200055769,GSE55769
200066573,GSE66573
200061474,GSE61474
200060182,GSE60182
200066622,GSE66622
200066506,GSE66506
200060664,GSE60664
200059765,GSE59765
200059531,GSE59531
200066478,GSE66478
200062789,GSE62789
200065985,GSE65985
200057009,GSE57009
200065000,GSE65000
200063966,GSE63966
200058838,GSE58838
200056235,GSE56235
200065354,GSE65354
200063555,GSE63555
200061141,GSE61141
200061052,GSE61052
200059290,GSE59290
200065778,GSE65778
200064813,GSE64813
200056010,GSE56010
200066301,GSE66301
200063733,GSE63733
200054505,GSE54505
200066117,GSE66117
200057397,GSE57397
200057148,GSE57148
200055275,GSE55275
200063122,GSE63122
200060482,GSE60482
200064712,GSE64712
200065949,GSE65949
200065912,GSE65912
200062591,GSE62591
200055008,GSE55008
200064078,GSE64078
200065761,GSE65761
200064927,GSE64927
200063487,GSE63487
200064615,GSE64615
200060462,GSE60462
200054760,GSE54760
200065508,GSE65508
200065507,GSE65507
200065420,GSE65420
200065335,GSE65335
200064443,GSE64443
200060340,GSE60340
200058202,GSE58202
200065469,GSE65469
200065446,GSE65446
200065380,GSE65380
200055195,GSE55195
200063420,GSE63420
200063202,GSE63202
200062966,GSE62966
200060590,GSE60590
200057369,GSE57369
200059846,GSE59846
200063452,GSE63452
200063872,GSE63872
200062974,GSE62974
200054136,GSE54136
200063816,GSE63816
200062241,GSE62241
200062074,GSE62074
200064795,GSE64795
200063776,GSE63776
200059781,GSE59781
200056087,GSE56087
200064655,GSE64655
200060424,GSE60424
200063314,GSE63314
200063863,GSE63863
200063646,GSE63646
200063190,GSE63190
200063042,GSE63042
200061255,GSE61255
200060514,GSE60514
200059089,GSE59089
200057344,GSE57344
200043984,GSE43984
200043785,GSE43785
200063513,GSE63513
200062098,GSE62098
200059364,GSE59364
200064550,GSE64550
200062936,GSE62936
200058910,GSE58910
200060138,GSE60138
200059841,GSE59841
200052666,GSE52666
200063397,GSE63397
200062679,GSE62679
200062678,GSE62678
200062675,GSE62675
200058507,GSE58507
200061742,GSE61742
200050576,GSE50576
200064185,GSE64185
200062526,GSE62526
200060581,GSE60581
200063755,GSE63755
200053330,GSE53330
200062930,GSE62930
200059703,GSE59703
200052201,GSE52201
200062448,GSE62448
200063979,GSE63979
200060237,GSE60237
200063843,GSE63843
200063840,GSE63840
200062296,GSE62296
200062063,GSE62063
200059626,GSE59626
200063721,GSE63721
200061674,GSE61674
200058441,GSE58441
200034736,GSE34736
200063609,GSE63609
200063608,GSE63608
200061398,GSE61398
200058434,GSE58434
200058111,GSE58111
200058107,GSE58107
200056512,GSE56512
200055458,GSE55458
200052834,GSE52834
200052248,GSE52248
200043986,GSE43986
200052934,GSE52934
200063602,GSE63602
200054729,GSE54729
200063375,GSE63375
200062187,GSE62187
200052946,GSE52946
200063569,GSE63569
200061727,GSE61727
200063475,GSE63475
200055326,GSE55326
200050499,GSE50499
200046516,GSE46516
200063381,GSE63381
200057433,GSE57433
200046030,GSE46030
200063288,GSE63288
200063311,GSE63311
200063091,GSE63091
200056660,GSE56660
200053172,GSE53172
200060902,GSE60902
200058740,GSE58740
200060453,GSE60453
200061656,GSE61656
200060883,GSE60883
200058450,GSE58450
200058966,GSE58966
200052975,GSE52975
200052973,GSE52973
200053837,GSE53837
200062193,GSE62193
200060949,GSE60949
200060890,GSE60890
200060889,GSE60889
200057896,GSE57896
200056727,GSE56727
200053665,GSE53665
200062182,GSE62182
200061950,GSE61950
200061566,GSE61566
200062000,GSE62000
200061999,GSE61999
200061410,GSE61410
200058596,GSE58596
200058335,GSE58335
200052642,GSE52642
200062642,GSE62642
200060997,GSE60997
200056066,GSE56066
200055370,GSE55370
200053470,GSE53470
200051518,GSE51518
200062540,GSE62540
200059223,GSE59223
200057561,GSE57561
200057299,GSE57299
200052600,GSE52600
200055862,GSE55862
200062288,GSE62288
200062212,GSE62212
200053567,GSE53567
200060271,GSE60271
200056862,GSE56862
200044646,GSE44646
200061603,GSE61603
200062121,GSE62121
200062118,GSE62118
200062115,GSE62115
200061491,GSE61491
200059020,GSE59020
200053463,GSE53463
200062046,GSE62046
200060292,GSE60292
200043770,GSE43770
200056691,GSE56691
200056689,GSE56689
200055949,GSE55949
200053327,GSE53327
200053326,GSE53326
200052429,GSE52429
200060548,GSE60548
200060178,GSE60178
200056826,GSE56826
200060171,GSE60171
200058310,GSE58310
200056052,GSE56052
200060426,GSE60426
200057862,GSE57862
200054950,GSE54950
200041180,GSE41180
200054478,GSE54478
200058871,GSE58871
200061586,GSE61586
200061544,GSE61544
200058594,GSE58594
200058352,GSE58352
200051005,GSE51005
200049110,GSE49110
200058365,GSE58365
200061375,GSE61375
200054879,GSE54879
200060047,GSE60047
200057278,GSE57278
200061238,GSE61238
200060996,GSE60996
200060106,GSE60106
200040632,GSE40632
200057253,GSE57253
200050630,GSE50630
200060487,GSE60487
200058200,GSE58200
200061071,GSE61071
200056701,GSE56701
200060873,GSE60873
200058679,GSE58679
200057478,GSE57478
200056961,GSE56961
200054201,GSE54201
200051261,GSE51261
200045910,GSE45910
200060065,GSE60065
200050760,GSE50760
200060939,GSE60939
200058168,GSE58168
200054308,GSE54308
200051424,GSE51424
200060529,GSE60529
200060467,GSE60467
200057982,GSE57982
200031528,GSE31528
200059688,GSE59688
200058626,GSE58626
200055048,GSE55048
200038003,GSE38003
200059810,GSE59810
200060296,GSE60296
200060216,GSE60216
200060197,GSE60197
200047774,GSE47774
200052148,GSE52148
200060119,GSE60119
200059376,GSE59376
200057488,GSE57488
200049716,GSE49716
200057723,GSE57723
200056568,GSE56568
200056148,GSE56148
200059987,GSE59987
200059980,GSE59980
200059317,GSE59317
200058834,GSE58834
200057821,GSE57821
200057222,GSE57222
200059599,GSE59599
200059855,GSE59855
200056887,GSE56887
200057945,GSE57945
200057227,GSE57227
200049608,GSE49608
200059612,GSE59612
200049828,GSE49828
200048865,GSE48865
200059536,GSE59536
200059535,GSE59535
200056179,GSE56179
200055572,GSE55572
200053280,GSE53280
200053279,GSE53279
200049074,GSE49074
200050244,GSE50244
200055282,GSE55282
200059386,GSE59386
200058608,GSE58608
200058387,GSE58387
200059335,GSE59335
200057662,GSE57662
200048812,GSE48812
200059251,GSE59251
200055922,GSE55922
200044672,GSE44672
200053094,GSE53094
200051584,GSE51584
200056788,GSE56788
200055320,GSE55320
200056787,GSE56787
200054693,GSE54693
200049155,GSE49155
200038274,GSE38274
200056796,GSE56796
200055903,GSE55903
200055758,GSE55758
200055123,GSE55123
200054112,GSE54112
200043093,GSE43093
200057530,GSE57530
200053300,GSE53300
200038945,GSE38945
200058640,GSE58640
200057892,GSE57892
200054416,GSE54416
200052036,GSE52036
200057480,GSE57480
200045732,GSE45732
200058326,GSE58326
200058464,GSE58464
200058418,GSE58418
200058379,GSE58379
200058135,GSE58135
200047944,GSE47944
200058150,GSE58150
200057494,GSE57494
200053993,GSE53993
200058323,GSE58323
200049133,GSE49133
200051428,GSE51428
200050174,GSE50174
200049833,GSE49833
200057243,GSE57243
200053667,GSE53667
200053450,GSE53450
200044875,GSE44875
200058114,GSE58114
200049379,GSE49379
200057989,GSE57989
200058008,GSE58008
200033776,GSE33776
200049890,GSE49890
200047042,GSE47042
200057866,GSE57866
200055689,GSE55689
200057826,GSE57826
200050445,GSE50445
200047095,GSE47095
200057096,GSE57096
200055391,GSE55391
200057666,GSE57666
200053964,GSE53964
200042420,GSE42420
200051264,GSE51264
200048035,GSE48035
200048034,GSE48034
200047117,GSE47117
200056055,GSE56055
200047058,GSE47058
200048327,GSE48327
200057116,GSE57116
200047718,GSE47718
200054602,GSE54602
200047462,GSE47462
200054401,GSE54401
200056900,GSE56900
200051878,GSE51878
200046513,GSE46513
200055296,GSE55296
200054333,GSE54333
200057027,GSE57027
200056930,GSE56930
200056361,GSE56361
200042735,GSE42735
200052257,GSE52257
200056785,GSE56785
200056016,GSE56016
200055215,GSE55215
200052367,GSE52367
200056748,GSE56748
200054460,GSE54460
200056614,GSE56614
200056623,GSE56623
200055504,GSE55504
200056293,GSE56293
200055534,GSE55534
200045263,GSE45263
200056343,GSE56343
200056267,GSE56267
200048599,GSE48599
200040243,GSE40243
200052463,GSE52463
200054922,GSE54922
200051975,GSE51975
200054384,GSE54384
200053983,GSE53983
200053554,GSE53554
200051769,GSE51769
200055271,GSE55271
200055716,GSE55716
200054066,GSE54066
200047121,GSE47121
200039112,GSE39112
200054733,GSE54733
200053532,GSE53532
200054413,GSE54413
200052503,GSE52503
200052996,GSE52996
200050491,GSE50491
200053655,GSE53655
200052607,GSE52607
200051224,GSE51224
200048423,GSE48423
200054912,GSE54912
200037376,GSE37376
200055259,GSE55259
200055193,GSE55193
200039878,GSE39878
200053370,GSE53370
200050781,GSE50781
200044866,GSE44866
200048603,GSE48603
200050599,GSE50599
200051307,GSE51307
200042951,GSE42951
200053220,GSE53220
200046224,GSE46224
200054799,GSE54799
200052489,GSE52489
200047226,GSE47226
200054161,GSE54161
200054159,GSE54159
200052656,GSE52656
200044585,GSE44585
200048889,GSE48889
200036761,GSE36761
200054409,GSE54409
200054456,GSE54456
200054392,GSE54392
200052431,GSE52431
200052385,GSE52385
200049295,GSE49295
200046718,GSE46718
200043520,GSE43520
200054178,GSE54178
200054122,GSE54122
200050582,GSE50582
200050580,GSE50580
200053949,GSE53949
200053239,GSE53239
200040718,GSE40718
200051403,GSE51403
200050535,GSE50535
200052687,GSE52687
200050792,GSE50792
200052778,GSE52778
200046502,GSE46502
200043788,GSE43788
200043143,GSE43143
200052090,GSE52090
200047428,GSE47428
200046228,GSE46228
200040199,GSE40199
200053635,GSE53635
200052745,GSE52745
200052490,GSE52490
200046486,GSE46486
200053481,GSE53481
200050676,GSE50676
200048166,GSE48166
200046056,GSE46056
200040740,GSE40740
200050721,GSE50721
200044267,GSE44267
200045803,GSE45803
200043586,GSE43586
200048918,GSE48918
200051124,GSE51124
200045419,GSE45419
200049831,GSE49831
200044457,GSE44457
200052530,GSE52530
200052527,GSE52527
200052249,GSE52249
200052077,GSE52077
200035842,GSE35842
200049339,GSE49339
200046705,GSE46705
200052447,GSE52447
200025599,GSE25599
200052657,GSE52657
200052643,GSE52643
200042948,GSE42948
200052133,GSE52133
200051684,GSE51684
200052194,GSE52194
200052166,GSE52166
200051310,GSE51310
200052202,GSE52202
200048037,GSE48037
200049642,GSE49642
200049601,GSE49601
200048846,GSE48846
200046562,GSE46562
200043306,GSE43306
200043296,GSE43296
200051861,GSE51861
200048678,GSE48678
200051607,GSE51607
200048850,GSE48850
200047626,GSE47626
200048240,GSE48240
200043070,GSE43070
200051415,GSE51415
200050893,GSE50893
200049682,GSE49682
200048933,GSE48933
200048785,GSE48785
200040131,GSE40131
200041476,GSE41476
200040955,GSE40955
200048403,GSE48403
200050782,GSE50782
200045883,GSE45883
200045332,GSE45332
200042485,GSE42485
200040591,GSE40591
200050177,GSE50177
200051217,GSE51217
200038233,GSE38233
200050957,GSE50957
200046622,GSE46622
200041586,GSE41586
200046044,GSE46044
200046989,GSE46989
200050514,GSE50514
200045144,GSE45144
200044976,GSE44976
200045326,GSE45326
200043526,GSE43526
200050386,GSE50386
200047933,GSE47933
200043549,GSE43549
200049712,GSE49712
200048213,GSE48213
200047806,GSE47806
200047805,GSE47805
200047488,GSE47488
200047938,GSE47938
200045735,GSE45735
200045734,GSE45734
200045258,GSE45258
200042142,GSE42142
200046490,GSE46490
200029282,GSE29282
200047502,GSE47502
200048263,GSE48263
200048230,GSE48230
200040524,GSE40524
200038100,GSE38100
200047114,GSE47114
200042212,GSE42212
200044384,GSE44384
200045669,GSE45669
200044379,GSE44379
200044378,GSE44378
200044377,GSE44377
200044376,GSE44376
200046323,GSE46323
200048286,GSE48286
200047966,GSE47966
200035774,GSE35774
200048305,GSE48305
200045504,GSE45504
200045453,GSE45453
200048159,GSE48159
200047976,GSE47976
200043834,GSE43834
200048003,GSE48003
200047997,GSE47997
200047399,GSE47399
200045237,GSE45237
200039527,GSE39527
200039121,GSE39121
200045822,GSE45822
200045785,GSE45785
200045157,GSE45157
200045133,GSE45133
200041074,GSE41074
200046611,GSE46611
200033912,GSE33912
200045428,GSE45428
200040996,GSE40996
200040705,GSE40705
200045982,GSE45982
200037764,GSE37764
200043835,GSE43835
200044718,GSE44718
200046665,GSE46665
200046514,GSE46514
200046130,GSE46130
200037918,GSE37918
200044769,GSE44769
200038541,GSE38541
200046217,GSE46217
200038957,GSE38957
200045176,GSE45176
200041324,GSE41324
200041323,GSE41323
200044061,GSE44061
200042960,GSE42960
200033294,GSE33294
200041166,GSE41166
200039776,GSE39776
200036866,GSE36866
200045442,GSE45442
200039537,GSE39537
200042509,GSE42509
200036695,GSE36695
200045202,GSE45202
200036522,GSE36522
200042326,GSE42326
200029160,GSE29160
200040548,GSE40548
200042006,GSE42006
200038140,GSE38140
200043572,GSE43572
200044450,GSE44450
200040132,GSE40132
200039263,GSE39263
200044256,GSE44256
200043362,GSE43362
200043440,GSE43440
200043603,GSE43603
200042701,GSE42701
200040739,GSE40739
200043472,GSE43472
200041616,GSE41616
200041009,GSE41009
200035178,GSE35178
200039957,GSE39957
200035420,GSE35420
200042563,GSE42563
200034260,GSE34260
200040890,GSE40890
200037703,GSE37703
200042146,GSE42146
200032424,GSE32424
200039841,GSE39841
200042630,GSE42630
200041279,GSE41279
200031454,GSE31454
200038676,GSE38676
200035394,GSE35394
200036242,GSE36242
200034740,GSE34740
200033281,GSE33281
200040114,GSE40114
200041716,GSE41716
200040291,GSE40291
200039068,GSE39068
200041761,GSE41761
200040783,GSE40783
200033601,GSE33601
200041745,GSE41745
200040778,GSE40778
200040228,GSE40228
200040121,GSE40121
200041357,GSE41357
200036350,GSE36350
200041264,GSE41264
200040218,GSE40218
200040859,GSE40859
200036952,GSE36952
200037211,GSE37211
200039661,GSE39661
200023730,GSE23730
200028875,GSE28875
200036200,GSE36200
200033154,GSE33154
200028866,GSE28866
200033782,GSE33782
200037731,GSE37731
200034780,GSE34780
200037524,GSE37524
200039170,GSE39170
200038770,GSE38770
200033480,GSE33480
200038805,GSE38805
200037769,GSE37769
200032213,GSE32213
200022666,GSE22666
200036710,GSE36710
200038886,GSE38886
200038916,GSE38916
200033592,GSE33592
200038234,GSE38234
200034914,GSE34914
200035585,GSE35585
200038447,GSE38447
200038356,GSE38356
200029968,GSE29968
200028115,GSE28115
200037752,GSE37752
200029714,GSE29714
200038006,GSE38006
200034097,GSE34097
200033092,GSE33092
200035584,GSE35584
200037004,GSE37004
200037003,GSE37003
200037002,GSE37002
200037001,GSE37001
200027452,GSE27452
200037061,GSE37061
200032340,GSE32340
200035126,GSE35126
200029660,GSE29660
200029738,GSE29738
200033013,GSE33013
200028254,GSE28254
200035197,GSE35197
200032874,GSE32874
200035296,GSE35296
200025882,GSE25882
200036217,GSE36217
200035799,GSE35799
200034995,GSE34995
200034993,GSE34993
200035871,GSE35871
200034491,GSE34491
200033772,GSE33772
200035468,GSE35468
200033665,GSE33665
200030017,GSE30017
200034791,GSE34791
200034329,GSE34329
200030251,GSE30251
200030250,GSE30250
200033816,GSE33816
200025115,GSE25115
200027125,GSE27125
200033328,GSE33328
200030708,GSE30708
200030352,GSE30352
200032307,GSE32307
200032625,GSE32625
200031486,GSE31486
200028040,GSE28040
200029119,GSE29119
200030995,GSE30995
200029038,GSE29038
200029098,GSE29098
200030554,GSE30554
200025183,GSE25183
200029116,GSE29116
200026439,GSE26439
200030811,GSE30811
200030786,GSE30786
200030290,GSE30290
200030567,GSE30567
200030573,GSE30573
200030400,GSE30400
200026501,GSE26501
200029943,GSE29943
200030198,GSE30198
200029006,GSE29006
200029580,GSE29580
200028864,GSE28864
200029155,GSE29155
200027463,GSE27463
200022260,GSE22260
200022932,GSE22932
200027315,GSE27315
200027003,GSE27003
200015780,GSE15780
200025450,GSE25450
200024111,GSE24111
200027221,GSE27221
200026463,GSE26463
200024399,GSE24399
200026109,GSE26109
200023109,GSE23109
200024565,GSE24565
200018245,GSE18245
200024283,GSE24283
200016921,GSE16921
200023776,GSE23776
200021992,GSE21992
200023316,GSE23316
200022765,GSE22765
200021975,GSE21975
200021918,GSE21918
200020071,GSE20071
200020309,GSE20309
200021227,GSE21227
200019166,GSE19166
200019481,GSE19481
200019466,GSE19466
200020301,GSE20301
200019480,GSE19480
200019373,GSE19373
200018927,GSE18927
200017274,GSE17274
200018156,GSE18156
200016642,GSE16642
200017312,GSE17312
200016256,GSE16256
200016190,GSE16190
200014362,GSE14362
200013652,GSE13652
200012946,GSE12946
200011892,GSE11892
