gds_uid,accession,pmids,pmcids
200219269,GSE219269,39384814,PMC11464917
200266548,GSE266548,38820414,PMC11339052
200241456,GSE241456,39151930,PMC11331892
200234819,GSE234819,40838977,PMC12492970
200196591,GSE196591,39087397,PMC11342319
200272827,GSE272827,40857153;41002383,PMC12468769
200270967,GSE270967,39125649,PMC11311431
200269935,GSE269935,39107297,PMC11303523
200247623,GSE247623,39537588,PMC11560925
200225822,GSE225822,39107297,PMC11303523
200275628,GSE275628,39244627,PMC11473817
200275451,GSE275451,39341825,PMC11438962
200254326,GSE254326,38994683,PMC11293458
200246505,GSE246505,39506072,PMC11628400
200246503,GSE246503,39506072,PMC11628400
200228606,GSE228606,39300486,PMC11414060
200272061,GSE272061,39199676,PMC11353109
200238195,GSE238195,39904979,PMC11794601
200273153,GSE273153,39235528,PMC11380151
200273152,GSE273152,39235528,PMC11380151
200253779,GSE253779,39269169,PMC11481869
200241802,GSE241802,39472692,PMC11894169
200275391,GSE275391,39367093,PMC12797303
200274074,GSE274074,40586312,PMC12207402
200274071,GSE274071,40586312,PMC12207402
200274069,GSE274069,40586312,PMC12207402
200217563,GSE217563,39468212,PMC12185099
200273404,GSE273404,39149696,PMC11321993
200273401,GSE273401,39149696,PMC11321993
200272737,GSE272737,9756423;39756423,PMC12083232
200267789,GSE267789,39138582,PMC11321151
200264190,GSE264190,39175947,PMC11340773
200251851,GSE251851,39175947,PMC11340773
200241816,GSE241816,39107431,PMC11303788
200213403,GSE213403,39173639,PMC11380577
200273796,GSE273796,39158066,PMC11522894
200269065,GSE269065,39364738,PMC11517738
200254362,GSE254362,39310771,PMC11416675
200249226,GSE249226,39407253,PMC11476802
200274983,GSE274983,39395787,PMC11949723
200271840,GSE271840,39201707,PMC11354775
200275048,GSE275048,40128216,PMC11933703
200262741,GSE262741,39483145,PMC11525470
200269922,GSE269922,38990725,PMC11316253
200268227,GSE268227,39277592,PMC11401928
200247760,GSE247760,38506769,PMC11269029
200247185,GSE247185,39119802,PMC11310761
200243546,GSE243546,38874474,PMC11317136
200229357,GSE229357,39300069,PMC11413393
200270565,GSE270565,39470689,PMC11528126
200270564,GSE270564,39470689,PMC11528126
200269645,GSE269645,39061232,PMC11274508
200247584,GSE247584,39143065,PMC11324870
200228213,GSE228213,39177582,PMC11530313
200274550,GSE274550,39289355,PMC11408661
200269831,GSE269831,39104719,PMC11299042
200262119,GSE262119,39353441,PMC11513842
200246237,GSE246237,39105183,PMC11298840
200245701,GSE245701,40467918,PMC12137548
200245700,GSE245700,40467918,PMC12137548
200241466,GSE241466,39101773,PMC11299988
200234324,GSE234324,39186674,PMC11534545
200274758,GSE274758,39732173,PMC11815684
200233847,GSE233847,39178863,PMC11390980
200233327,GSE233327,39178863,PMC11390980
200225063,GSE225063,39121849,PMC11346583
200266517,GSE266517,39149323;39168126,PMC11326252;PMC11455617
200245081,GSE245081,39112524,PMC11306563
200196509,GSE196509,39050705,PMC11267025
200253426,GSE253426,39478230,PMC11618090
200242786,GSE242786,39011117;41126128,PMC11247942;PMC12542088
200237840,GSE237840,39293390,PMC11525028
200237541,GSE237541,39293390,PMC11525028
200273699,GSE273699,39358322,PMC11446932
200271075,GSE271075,39090086,PMC11294535
200268034,GSE268034,39117798,PMC11436380
200248242,GSE248242,38982480,PMC11232239
200224643,GSE224643,39169219,PMC12042958
200271448,GSE271448,40739132,PMC12311135
200248336,GSE248336,39241017,PMC11410233
200206898,GSE206898,38971152,PMC11707800
200273485,GSE273485,39542248,PMC11665689
200273169,GSE273169,39199355,PMC11352488
200267213,GSE267213,39103936,PMC11299313
200255179,GSE255179,38997434,PMC11347370
200254681,GSE254681,39271940,PMC11399395
200254680,GSE254680,39271940,PMC11399395
200254679,GSE254679,39271940,PMC11399395
200226773,GSE226773,39095551,PMC11297167
200226772,GSE226772,39095551,PMC11297167
200273464,GSE273464,39227950,PMC11373117
200254808,GSE254808,39333103,PMC11436946
200253560,GSE253560,39024554,PMC11343604
200268860,GSE268860,39054537,PMC11270788
200268366,GSE268366,39135040,PMC11318271
200265922,GSE265922,39065267,PMC11278784
200263309,GSE263309,39044280,PMC11267830
200248894,GSE248894,38976323,PMC11337917
200246915,GSE246915,39048555,PMC11269669
200246909,GSE246909,39048555,PMC11269669
200240768,GSE240768,39292786,PMC11409972
200201418,GSE201418,39060340,PMC11282077
200200809,GSE200809,39209804,PMC11362569
200273294,GSE273294,39266501,PMC11393358
200273252,GSE273252,39227950,PMC11373117
200272261,GSE272261,39232581,PMC11865364
200271926,GSE271926,39123442,PMC11311482
200271133,GSE271133,39156764,PMC11324686
200261076,GSE261076,39117615,PMC11310505
200252347,GSE252347,39043845,PMC11266547
200250000,GSE250000,39294166,PMC11410958
200249466,GSE249466,39521616,PMC11551994
200241247,GSE241247,41054532,PMC12496224
200239560,GSE239560,39602541,PMC11601213
200234675,GSE234675,38386308,PMC11224597
200232374,GSE232374,41321622,PMC12663737
200227567,GSE227567,39131719,PMC11308089
200273158,GSE273158,39322746,PMC11496107
200268019,GSE268019,38927890,PMC11201464
200267387,GSE267387,39294495,PMC11525197
200266390,GSE266390,39408697,PMC11476988
200252807,GSE252807,39083617,PMC11290522
200250152,GSE250152,39588776,PMC12004989
200249960,GSE249960,39147845,PMC11489079
200248612,GSE248612,38937855;39556695,PMC11212226;PMC11653671
200248259,GSE248259,38915695;40253699,PMC11195051;PMC12149408
200247750,GSE247750,38926346,PMC11208621
200243371,GSE243371,38948436,PMC11212654
200243116,GSE243116,39467632;40537770,PMC11534032;PMC12177970
200240377,GSE240377,38937431,PMC11211456
200239734,GSE239734,38867543,PMC11448753
200237380,GSE237380,38971152,PMC11707800
200179817,GSE179817,39153475,PMC11455610
200273415,GSE273415,39115939,PMC11457862
200273321,GSE273321,39231952,PMC11375060
200273236,GSE273236,39105498,PMC11348483
200273000,GSE273000,39160299,PMC11333705
200263786,GSE263786,39028883,PMC11742070
200240855,GSE240855,38584493;40156072,PMC11227973;PMC11951844
200273349,GSE273349,39907037,PMC12322148
200273185,GSE273185,39337710,PMC11432385
200267614,GSE267614,40180916,PMC11968987
200214968,GSE214968,39304781,PMC11564103
200234239,GSE234239,39095374,PMC11297139
200264131,GSE264131,39060412,PMC11282102
200262480,GSE262480,39240351,PMC11604697
200247138,GSE247138,39174513,PMC11341823
200242463,GSE242463,39383220,PMC11463268
200242439,GSE242439,39383220,PMC11463268
200273106,GSE273106,39395839,PMC11474856
200271368,GSE271368,39207369,PMC11565166
200267811,GSE267811,39252968,PMC11381759
200248107,GSE248107,39011489,PMC11246879
200241342,GSE241342,39358506,PMC11499264
200241311,GSE241311,39358506,PMC11499264
200241308,GSE241308,39358506,PMC11499264
200231936,GSE231936,39333493,PMC11436821
200210847,GSE210847,39183332,PMC11345443
200272109,GSE272109,40301309,PMC12041347
200270741,GSE270741,39136013,PMC11317267
200270740,GSE270740,39136013,PMC11317267
200261337,GSE261337,39198401,PMC11358519
200270493,GSE270493,40233178,PMC12145117
200272752,GSE272752,39558356,PMC11575081
200265926,GSE265926,39121480,PMC11609823
200265907,GSE265907,39121480,PMC11609823
200265906,GSE265906,39121480,PMC11609823
200263237,GSE263237,39146182,PMC12035866
200272173,GSE272173,39376992,PMC11456566
200268568,GSE268568,39004623,PMC11247092
200242516,GSE242516,39058094,PMC11609825
200254720,GSE254720,39252959,PMC11382029
200271696,GSE271696,39088701,PMC11534543
200270672,GSE270672,38985769,PMC11260097
200270481,GSE270481,40536340,PMC12412466
200242924,GSE242924,38600695,PMC11306514
200237805,GSE237805,39028827,PMC11917452
200268498,GSE268498,38884602,PMC11230866
200267702,GSE267702,38987572,PMC11237081
200264373,GSE264373,38777143,PMC11237943
200261888,GSE261888,39001402,PMC11240374
200261186,GSE261186,39001472,PMC11240647
200252554,GSE252554,38992681,PMC11238352
200248169,GSE248169,38993562,PMC11234203
200247219,GSE247219,38993727,PMC11237348
200246493,GSE246493,38917002,PMC11228508
200244762,GSE244762,38984939,PMC11234646
200243554,GSE243554,38992221,PMC11239875
200239389,GSE239389,39007099,PMC11240288
200235350,GSE235350,38783095,PMC11229375
200234862,GSE234862,38783095,PMC11229375
200233589,GSE233589,38967943,PMC11232900
200209909,GSE209909,38676947,PMC11229315
200272013,GSE272013,39962243,PMC12325761
200271998,GSE271998,39008716,PMC11465051
200267426,GSE267426,39037997,PMC11534525
200262877,GSE262877,39117665;40838977,PMC11310309;PMC12492970
200253064,GSE253064,39004948,PMC11462940
200249359,GSE249359,39025841,PMC11258296
200246354,GSE246354,39120974,PMC11407228
200232632,GSE232632,39037997,PMC11534525
200271918,GSE271918,39119950,PMC11481226
200269962,GSE269962,39198433,PMC11358264
200266986,GSE266986,39033228,PMC11271448
200266130,GSE266130,39198433,PMC11358264
200252145,GSE252145,39062832,PMC11277027
200241149,GSE241149,39198433,PMC11358264
200241147,GSE241147,39198433,PMC11358264
200236521,GSE236521,39191740,PMC11349883
200231814,GSE231814,39002676,PMC11345648
200223057,GSE223057,39177021,PMC11343564
200271851,GSE271851,40670591,PMC12267751
200268124,GSE268124,39052835,PMC11295044
200224752,GSE224752,39169219,PMC12042958
200224748,GSE224748,39169219,PMC12042958
200271668,GSE271668,39951620,PMC12088755
200268894,GSE268894,38956074,PMC11220018
200268049,GSE268049,38912926,PMC11221527
200253548,GSE253548,38966281,PMC11222325
200253455,GSE253455,38959315,PMC11221522
200248938,GSE248938,38995840,PMC11245308
200245056,GSE245056,38426275,PMC11215345
200236570,GSE236570,38441553,PMC11217726
200236569,GSE236569,38441553,PMC11217726
200236568,GSE236568,38441553,PMC11217726
200234440,GSE234440,38956029,PMC11220028
200211462,GSE211462,38366847,PMC11226874
200202408,GSE202408,38959318,PMC11221514
200253449,GSE253449,39069167,PMC11423716
200247592,GSE247592,39227594,PMC11371910
200227098,GSE227098,39137729;40027823,PMC11370652;PMC11870559
200216549,GSE216549,39106160,PMC11381344
200211159,GSE211159,39106160,PMC11381344
200271483,GSE271483,39030166,PMC11271587
200269899,GSE269899,39103676,PMC11387499
200267309,GSE267309,39129317,PMC11332584
200260925,GSE260925,38773828,PMC12068558
200251708,GSE251708,39385030,PMC11578877
200250632,GSE250632,39385030,PMC11578877
200270924,GSE270924,39337710,PMC11432385
200270923,GSE270923,39337710,PMC11432385
200267961,GSE267961,38877132,PMC11286220
200266051,GSE266051,39014073,PMC11399106
200263696,GSE263696,39192144,PMC11490312
200251946,GSE251946,38984891,PMC11298703
200251945,GSE251945,38984891,PMC11298703
200251944,GSE251944,38984891,PMC11298703
200225620,GSE225620,38951894,PMC11218110
200268479,GSE268479,39301659,PMC11436261
200252369,GSE252369,38986569,PMC11235314
200245284,GSE245284,38961053,PMC11222427
200268001,GSE268001,38927507,PMC11201522
200262673,GSE262673,39152521,PMC11328480
200252239,GSE252239,38926398,PMC11208542
200249917,GSE249917,39103353,PMC11300456
200249916,GSE249916,39103353,PMC11300456
200246022,GSE246022,38948251,PMC11212277
200243988,GSE243988,38900797,PMC11214090
200231290,GSE231290,38964322,PMC11315470
200230029,GSE230029,38964322,PMC11315470
200222673,GSE222673,38734931,PMC11194450
200271247,GSE271247,39094577,PMC11384943
200270818,GSE270818,40369846,PMC12078864
200254156,GSE254156,38904097,PMC11298714
200240127,GSE240127,39341835,PMC11438863
200244460,GSE244460,38880659,PMC11459048
200243955,GSE243955,38520088,PMC11187912
200237454,GSE237454,39117659,PMC11310337
200236418,GSE236418,39352125,PMC11745583
200232857,GSE232857,38981482,PMC11344685
200271080,GSE271080,39368973,PMC11455938
200268158,GSE268158,39446525,PMC11889723
200235616,GSE235616,39210147,PMC11480203
200235615,GSE235615,39210147,PMC11480203
200235614,GSE235614,39210147,PMC11480203
200235613,GSE235613,39210147,PMC11480203
200217387,GSE217387,40199608,PMC11979601
200270918,GSE270918,38918490,PMC11327105
200250169,GSE250169,39152265,PMC11445549
200243840,GSE243840,38963759,PMC11290356
200196695,GSE196695,40008750,PMC12330939
200270984,GSE270984,40764753,PMC12436189
200270718,GSE270718,39433896,PMC11624269
200269984,GSE269984,38990731,PMC11444891
200267059,GSE267059,38883705,PMC11177969
200263089,GSE263089,38868185,PMC11166704
200259390,GSE259390,38903083,PMC11188071
200240956,GSE240956,39024547,PMC11444885
200269019,GSE269019,40127057,PMC11932464
200244754,GSE244754,38564636,PMC11009653
200239414,GSE239414,39137238,PMC11343471
200214916,GSE214916,38926853,PMC11210131
200270880,GSE270880,40842566,PMC12364865
200270210,GSE270210,39007350,PMC11310748
200268497,GSE268497,38895345,PMC11185800
200268457,GSE268457,38895345,PMC11185800
200262380,GSE262380,38917004,PMC11228486
200254413,GSE254413,39109172,PMC11302106
200252587,GSE252587,38911538,PMC11187030
200250539,GSE250539,38824577,PMC11143692
200220979,GSE220979,38572553,PMC11367191
200176490,GSE176490,38833522,PMC11292196
200176485,GSE176485,38833522,PMC11292196
200176362,GSE176362,38833522,PMC11292196
200176358,GSE176358,38833522,PMC11292196
200270435,GSE270435,35335198,PMC8954520
200261761,GSE261761,38662542,PMC11284644
200261760,GSE261760,38662542,PMC11284644
200258789,GSE258789,38989615,PMC11381347
200235886,GSE235886,38852945,PMC11461165
200213556,GSE213556,39122682,PMC11316114
200212456,GSE212456,39138218,PMC11322606
200244340,GSE244340,38917794,PMC11246229
200236390,GSE236390,38864832,PMC11449008
200221612,GSE221612,39093942,PMC11296706
200243836,GSE243836,39110807,PMC11305394
200236366,GSE236366,38867004,PMC11368932
200198157,GSE198157,39215099,PMC12206482
200269968,GSE269968,38937754,PMC11210052
200264145,GSE264145,38992029,PMC11239938
200232365,GSE232365,39198632,PMC11436365
200270330,GSE270330,38948702;40347939,PMC11212905;PMC12147910
200270282,GSE270282,39013911,PMC11252406
200263024,GSE263024,38980302,PMC11233136
200262661,GSE262661,38858714,PMC11163730
200253079,GSE253079,38877505,PMC11177363
200252306,GSE252306,38893249,PMC11171410
200247345,GSE247345,38700005,PMC11179898
200240616,GSE240616,38862471,PMC11166650
200208837,GSE208837,40751918,PMC12337174
200186207,GSE186207,39039193,PMC11405271
200186178,GSE186178,38325742,PMC10914488
200236549,GSE236549,39155303;40108134,PMC11330984;PMC11923212
200236545,GSE236545,39155303;40108134,PMC11330984;PMC11923212
200214084,GSE214084,39155279,PMC11330969
200213634,GSE213634,39155279,PMC11330969
200270004,GSE270004,32115849,PMC7191197
200270030,GSE270030,39021835,PMC11252033
200269985,GSE269985,38975874,PMC11528210
200255829,GSE255829,39302966,PMC11441511
200253929,GSE253929,38975886,PMC11528200
200253599,GSE253599,38975886,PMC11528200
200251905,GSE251905,39143213,PMC11424252
200246330,GSE246330,38862581,PMC11445280
200246221,GSE246221,39090079,PMC11294468
200152927,GSE152927,33878034,PMC8159685
200269684,GSE269684,40199855,PMC11978871
200268418,GSE268418,38904364,PMC11265424
200267860,GSE267860,38994944,PMC11240737
200249362,GSE249362,39029464,PMC11494612
200249258,GSE249258,39029464,PMC11494612
200244855,GSE244855,39019012,PMC11293342
200213839,GSE213839,39171293,PMC11338131
200267611,GSE267611,38826330,PMC11142045
200266011,GSE266011,38746115,PMC11092448
200249491,GSE249491,38587186,PMC11162808
200248825,GSE248825,38817856,PMC11134450
200245688,GSE245688,38830885,PMC11148022
200244140,GSE244140,38814866,PMC11161775
200243316,GSE243316,38713486,PMC11129188
200168618,GSE168618,38657866,PMC11126936
200269606,GSE269606,37873453;39068660,PMC10592681;PMC11406281
200268948,GSE268948,40770187,PMC12328658
200262506,GSE262506,38775808,PMC11372370
200263915,GSE263915,39885395,PMC11781035
200263134,GSE263134,39885395,PMC11781035
200246532,GSE246532,38914715,PMC11286515
200229398,GSE229398,37126722,PMC10175842
200198444,GSE198444,38927910,PMC11201718
200180481,GSE180481,39181868,PMC11344777
200235244,GSE235244,39039076,PMC11263607
200235233,GSE235233,39039076,PMC11263607
200268817,GSE268817,40204967,PMC11982384
200249045,GSE249045,38566431,PMC11132058
200245991,GSE245991,38693431,PMC11577304
200241025,GSE241025,38816533,PMC11139868
200227059,GSE227059,39223316,PMC12180585
200221141,GSE221141,38687617,PMC11142739
200207553,GSE207553,38799645,PMC11120281
200237935,GSE237935,38662435,PMC11178546
200268621,GSE268621,38879724,PMC11445238
200222567,GSE222567,39179644,PMC11343859
200266912,GSE266912,40152495,PMC12360040
200249813,GSE249813,40770266,PMC12328819
200267290,GSE267290,38968071,PMC11334074
200266932,GSE266932,38851818,PMC11162492
200266550,GSE266550,38891797,PMC11171474
200262460,GSE262460,40360465,PMC12075841
200252664,GSE252664,38779933,PMC11204039
200252505,GSE252505,38779933,PMC11204039
200248660,GSE248660,38927967,PMC11201527
200237789,GSE237789,39840049,PMC11747467
200234404,GSE234404,38263873,PMC10987123
200176474,GSE176474,40686605,PMC12275894
200268136,GSE268136,39079981,PMC11289481
200267358,GSE267358,39374214,PMC11457990
200263726,GSE263726,38922581,PMC11528209
200263725,GSE263725,38922581,PMC11528209
200253785,GSE253785,40021625,PMC11871043
200253110,GSE253110,39246444,PMC11379671
200246170,GSE246170,38838145,PMC11152127
200240308,GSE240308,39060228,PMC11282092
200240287,GSE240287,39060228,PMC11282092
200228075,GSE228075,38965210,PMC11224304
200264374,GSE264374,38766212,PMC11100879
200233331,GSE233331,38355577,PMC10868052
200228072,GSE228072,38965210,PMC11224304
200214302,GSE214302,37589744,PMC11072515
200268175,GSE268175,38894865,PMC11183323
200262505,GSE262505,38755637,PMC11097543
200253261,GSE253261,38801080,PMC11317157
200251869,GSE251869,38965263,PMC11224303
200249370,GSE249370,38789868,PMC11126486
200243991,GSE243991,38412240,PMC11109984
200236743,GSE236743,38789520,PMC11126619
200236641,GSE236641,38513139,PMC11112616
200231480,GSE231480,38965263,PMC11224303
200200790,GSE200790,38512451,PMC11093599
200200789,GSE200789,38512451,PMC11093599
200268502,GSE268502,39995041,PMC11850227
200234512,GSE234512,39737957,PMC11685991
200233772,GSE233772,39227578,PMC11372217
200232675,GSE232675,38773077,PMC11109217
200239586,GSE239586,39021788,PMC11253514
200264638,GSE264638,38790178,PMC11120797
200267818,GSE267818,38912065,PMC11190739
200267823,GSE267823,38886572,PMC11183062
200240473,GSE240473,38678233,PMC11055323
200211455,GSE211455,38678233,PMC11055323
200267810,GSE267810,38947012;39164287,PMC11213195;PMC11335891
200246011,GSE246011,39181865;40595621,PMC11344794;PMC12217155
200242540,GSE242540,38819630,PMC11850477
200242539,GSE242539,38819630,PMC11850477
200234572,GSE234572,38675895,PMC11053470
200195768,GSE195768,36944729,PMC10162941
200260783,GSE260783,38746415;40338073,PMC11092657;PMC12061476
200255352,GSE255352,38989468,PMC11233973
200241578,GSE241578,38961054,PMC11222469
200229046,GSE229046,38745909,PMC11091394
200192647,GSE192647,38741142,PMC11092202
200180777,GSE180777,39043664,PMC11266571
200267722,GSE267722,39062082,PMC11274714
200240854,GSE240854,38950202,PMC11361348
200237930,GSE237930,38514847,PMC11094112
200267522,GSE267522,38856766,PMC11164850
200261673,GSE261673,38987584,PMC11237029
200255844,GSE255844,38906680,PMC11610582
200250431,GSE250431,38922687,PMC11260491
200250340,GSE250340,38922687,PMC11260491
200232678,GSE232678,38762737,PMC11102232
200219230,GSE219230,38956053,PMC11219871
200267781,GSE267781,39728924,PMC11677240
200267759,GSE267759,38868025,PMC11168407
200265794,GSE265794,39404708,PMC11623029
200249721,GSE249721,38937474,PMC11211478
200243615,GSE243615,38956052,PMC11220168
200237697,GSE237697,38888469,PMC11325150
200236621,GSE236621,38737728,PMC11088231
200267560,GSE267560,38897168,PMC11228806
200248228,GSE248228,38637625,PMC11217363
200235223,GSE235223,38783045,PMC11116554
200267084,GSE267084,39170882,PMC11338243
200265995,GSE265995,39211054,PMC11361810
200263425,GSE263425,38754427,PMC11162335
200254942,GSE254942,38760583,PMC11101480
200254615,GSE254615,38609495,PMC11073974
200254614,GSE254614,38609495,PMC11073974
200253748,GSE253748,38454121,PMC11073986
200253362,GSE253362,39901019,PMC11903783
200249937,GSE249937,38725048,PMC11082093
200249527,GSE249527,38572746,PMC11077067
200248792,GSE248792,38711026;40468445,PMC11071218;PMC12139312
200247667,GSE247667,38725048,PMC11082093
200242210,GSE242210,38722955,PMC11081324
200241672,GSE241672,38846964,PMC11155298
200237177,GSE237177,38822082,PMC11143207
200221758,GSE221758,38805281,PMC11161746
200212671,GSE212671,38662454,PMC11142752
200267396,GSE267396,38785827,PMC11118023
200267128,GSE267128,39590378,PMC11592579
200262353,GSE262353,40583060,PMC12229664
200267310,GSE267310,38897168,PMC11228806
200266990,GSE266990,39920335,PMC11893880
200225508,GSE225508,38781242,PMC11152312
200169596,GSE169596,38773641,PMC11106976
200228889,GSE228889,38254728,PMC10813553
200266663,GSE266663,38786071,PMC11119907
200267153,GSE267153,39013872,PMC11252164
200267152,GSE267152,39013872,PMC11252164
200266210,GSE266210,39724755,PMC11729681
200242227,GSE242227,38744503,PMC11146596
200232258,GSE232258,38778217,PMC11369260
200229900,GSE229900,38649401,PMC11035649
200229899,GSE229899,38649401,PMC11035649
200221872,GSE221872,39273240;40869408;41373450,PMC11394958;PMC12386866;PMC12692539
200265923,GSE265923,38876105,PMC11240302
200264221,GSE264221,38702629,PMC11067193
200248620,GSE248620,39112494,PMC11306747
200243223,GSE243223,38554031,PMC11300018
200261182,GSE261182,38697979,PMC11066125
200252340,GSE252340,38227896,PMC11062818
200243427,GSE243427,38965385,PMC11699879
200243173,GSE243173,38513665,PMC11058479
200233122,GSE233122,38690580,PMC11059277
200233120,GSE233120,38690580,PMC11059277
200232709,GSE232709,38690580,PMC11059277
200232604,GSE232604,38690580,PMC11059277
200198427,GSE198427,38319712,PMC11063936
200198426,GSE198426,38319712,PMC11063936
200198425,GSE198425,38319712,PMC11063936
200193486,GSE193486,39304765,PMC11746141
200240343,GSE240343,38705393,PMC11157269
200239330,GSE239330,38951610,PMC11329685
200256070,GSE256070,38866783;39494508,PMC11169559;PMC11602144
200242770,GSE242770,38866783;39494508,PMC11169559;PMC11602144
200242766,GSE242766,38866783;39494508,PMC11169559;PMC11602144
200173984,GSE173984,39374583,PMC11699082
200253958,GSE253958,38700982,PMC11265541
200253957,GSE253957,38700982,PMC11265541
200255847,GSE255847,39103541,PMC11424490
200250032,GSE250032,39103541,PMC11424490
200225060,GSE225060,39103541,PMC11424490
200225059,GSE225059,39103541,PMC11424490
200174592,GSE174592,34247191,PMC8403155
200266434,GSE266434,38989576,PMC11335084
200264206,GSE264206,38834758,PMC11150386
200235099,GSE235099,38819641,PMC11292204
200266352,GSE266352,37149550,PMC11302389
200264554,GSE264554,39042920,PMC11401197
200262137,GSE262137,38668455,PMC11054796
200255344,GSE255344,38672614,PMC11049522
200254958,GSE254958,38402584,PMC11056028
200252567,GSE252567,39054323,PMC11272780
200252566,GSE252566,39054323,PMC11272780
200248659,GSE248659,40307891,PMC12042437
200248150,GSE248150,38645113;39966373,PMC11030528;PMC11836389
200246607,GSE246607,39901931,PMC11788928
200245161,GSE245161,38673926,PMC11050052
200244498,GSE244498,38653823;39768130,PMC11039668;PMC11674446
200241656,GSE241656,39303027,PMC11414721
200232283,GSE232283,38306270,PMC11026119
200231720,GSE231720,37874744,PMC11874253
200223196,GSE223196,38342602,PMC11022708
200223091,GSE223091,38342602,PMC11022708
200222685,GSE222685,39198446,PMC11358475
200261684,GSE261684,39215105,PMC11364827
200260759,GSE260759,38816660,PMC11778622
200260557,GSE260557,38697978,PMC11066049
200244125,GSE244125,38823018,PMC11251458
200199628,GSE199628,38689334,PMC11060976
200266159,GSE266159,38777607,PMC11216402
200263766,GSE263766,38806658,PMC11217441
200237043,GSE237043,38839769,PMC11153594
200178211,GSE178211,38741708,PMC11089374
200260516,GSE260516,38694569,PMC11060958
200254253,GSE254253,38917323,PMC11472168
200254252,GSE254252,38917323,PMC11472168
200252002,GSE252002,38588697;39533066,PMC11111406;PMC11602731
200230865,GSE230865,37486991,PMC10708924
200173606,GSE173606,34603369,PMC8484910
200264589,GSE264589,38768227,PMC11142722
200264547,GSE264547,38774409,PMC11106448
200263112,GSE263112,38656555,PMC11043103
200230729,GSE230729,39393173,PMC11663789
200223870,GSE223870,38858365,PMC11164961
200184731,GSE184731,38744288,PMC11133856
200264575,GSE264575,38709930,PMC11098113
200252291,GSE252291,38788713,PMC11228955
200241852,GSE241852,38692097,PMC11106721
200236239,GSE236239,38687198,PMC11110724
200248258,GSE248258,38844605,PMC11156967
200215917,GSE215917,38664594,PMC11148135
200265788,GSE265788,38991060,PMC11602233
200263183,GSE263183,38622118,PMC11018778
200256466,GSE256466,38653237,PMC11143475
200249573,GSE249573,38709925,PMC11098130
200241913,GSE241913,38898005,PMC11187153
200241912,GSE241912,38898005,PMC11187153
200241910,GSE241910,38898005,PMC11187153
200241909,GSE241909,38898005,PMC11187153
200241908,GSE241908,38898005,PMC11187153
200219135,GSE219135,38879607,PMC11180199
200185841,GSE185841,35226739,PMC11022956
200185760,GSE185760,37480151,PMC10362738
200264332,GSE264332,38874019,PMC11200159
200262491,GSE262491,38653804,PMC11039474
200255541,GSE255541,38854737,PMC11159048
200246846,GSE246846,38730056;39263139,PMC11178789;PMC11387257
200241276,GSE241276,38726870,PMC11229363
200232868,GSE232868,38731856,PMC11083729
200232862,GSE232862,38731856,PMC11083729
200173270,GSE173270,39512505,PMC11542166
200247538,GSE247538,38720882,PMC11077903
200235516,GSE235516,38821916,PMC11143236
200232554,GSE232554,38851846,PMC11162502
200201176,GSE201176,39028915,PMC11611693
200201175,GSE201175,39028915,PMC11611693
200264114,GSE264114,39103360,PMC11300799
200256370,GSE256370,38625747,PMC11142735
200249290,GSE249290,38866801,PMC11169490
200248167,GSE248167,38632658,PMC11025237
200246550,GSE246550,38538106,PMC11073507
200235738,GSE235738,38657118,PMC11250573
200211354,GSE211354,38820154,PMC11141635
200263920,GSE263920,39135097,PMC11318304
200255002,GSE255002,38502193,PMC11060733
200247897,GSE247897,38816360,PMC11139667
200236535,GSE236535,38632316,PMC11147767
200263890,GSE263890,39525666,PMC11544758
200252480,GSE252480,38683861,PMC11081508
200249718,GSE249718,38630384,PMC11147834
200249545,GSE249545,39093977,PMC11296348
200248036,GSE248036,38261514,PMC10989277
200239464,GSE239464,38607061,PMC11011892
200235946,GSE235946,38561401,PMC10984980
200233157,GSE233157,37871223,PMC10622969
200216494,GSE216494,38263737,PMC11005810
200149000,GSE149000,38560501,PMC10980945
200263946,GSE263946,38816355,PMC11139976
200263143,GSE263143,39040052,PMC11261016
200236642,GSE236642,38849541,PMC11252002
200236046,GSE236046,38849541,PMC11252002
200235265,GSE235265,38755141,PMC11099029
200234171,GSE234171,38527495,PMC11061610
200264049,GSE264049,38728872,PMC11107342
200263647,GSE263647,40084687,PMC11900935
200261067,GSE261067,38692271,PMC11148566
200248274,GSE248274,38684650,PMC11058856
200243183,GSE243183,38588446;38187702,PMC11219265;PMC10769395
200240874,GSE240874,37693622;38896450,PMC10491179;PMC11186636
200232791,GSE232791,38693576,PMC11062916
200253650,GSE253650,38720889,PMC11076837
200263645,GSE263645,38784023,PMC11112338
200231525,GSE231525,38886591,PMC11251193
200231524,GSE231524,38886591,PMC11251193
200228306,GSE228306,38622714,PMC11020454
200237936,GSE237936,38639919,PMC11215407
200263232,GSE263232,41063119,PMC12505716
200263206,GSE263206,39684597,PMC11641039
200251845,GSE251845,38680862,PMC11047122
200239976,GSE239976,38719807,PMC11078953
200236625,GSE236625,38600345,PMC11094086
200228801,GSE228801,38684511,PMC11217054
200218750,GSE218750,38662551,PMC11067025
200207452,GSE207452,37503329,PMC10373511
200263118,GSE263118,38691450,PMC11181463
200262731,GSE262731,38691450,PMC11181463
200252600,GSE252600,38680858,PMC11045967
200243934,GSE243934,38581044,PMC10998296
200243208,GSE243208,38454145,PMC10987601
200240582,GSE240582,38691450,PMC11181463
200240581,GSE240581,38691450,PMC11181463
200238103,GSE238103,36727080;38480611,PMC9885177;PMC11322236
200234642,GSE234642,38368441,PMC10997508
200220051,GSE220051,38568856,PMC10990114
200217413,GSE217413,36795123,PMC10992486
200203255,GSE203255,38566310,PMC10993922
200261297,GSE261297,38657050,PMC11067037
200229761,GSE229761,37394666,PMC10315372
200247441,GSE247441,38802648,PMC11226401
200232360,GSE232360,38839950,PMC11168926
200263010,GSE263010,39443485,PMC11500352
200255803,GSE255803,38666079,PMC11044885
200260573,GSE260573,38737469,PMC11082533
200253054,GSE253054,38570069,PMC11027574
200230601,GSE230601,38591846,PMC11285331
200263181,GSE263181,38592213,PMC11090081
200262114,GSE262114,38769295,PMC11106335
200232612,GSE232612,38229201,PMC10966518
200253091,GSE253091,38545803,PMC10974724
200223166,GSE223166,38460944,PMC10968680
200174432,GSE174432,38649367,PMC11035800
200262869,GSE262869,38635891,PMC11217736
200262515,GSE262515,38902241,PMC11189933
200249956,GSE249956,38914716,PMC11286529
200244657,GSE244657,38649363,PMC11035551
200262586,GSE262586,39632829,PMC11618697
200259221,GSE259221,38834613,PMC11150407
200254566,GSE254566,38810179,PMC11569832
200232217,GSE232217,38329810,PMC10977994
200230263,GSE230263,38992040,PMC11239676
200214990,GSE214990,38811530,PMC11136999
200262134,GSE262134,39716470,PMC12096081
200247024,GSE247024,38730256,PMC11087574
200244526,GSE244526,38684876,PMC11058205
200243883,GSE243883,39003349,PMC11246431
200240370,GSE240370,38546787,PMC11093614
200240369,GSE240369,38546787,PMC11093614
200240167,GSE240167,38546787,PMC11093614
200220170,GSE220170,38834613,PMC11150407
200128098,GSE128098,30883733;38929174,PMC6579655;PMC11200674
200262856,GSE262856,39730825,PMC11839482
200246788,GSE246788,38599381,PMC11098960
200244899,GSE244899,38605297,PMC11007937
200234083,GSE234083,38473214,PMC10930532
200230687,GSE230687,38530115,PMC11063762
200239857,GSE239857,38830843,PMC11148086
200239698,GSE239698,38563819,PMC10986815
200262447,GSE262447,38688275,PMC11148642
200262085,GSE262085,38990656,PMC11343606
200242225,GSE242225,38594444,PMC11165006
200225250,GSE225250,38490101,PMC10951899
200216713,GSE216713,37967200,PMC10954288
200216712,GSE216712,37967200,PMC10954288
200216561,GSE216561,39031987,PMC11259601
200216053,GSE216053,37967200,PMC10954288
200216052,GSE216052,37967200,PMC10954288
200243497,GSE243497,38604128,PMC11019358
200224707,GSE224707,38244726,PMC11034773
200255145,GSE255145,38670095,PMC11148643
200216734,GSE216734,38670095,PMC11148643
200172221,GSE172221,34647023,PMC8500687
200242333,GSE242333,38603701,PMC11008899
200217406,GSE217406,38802351,PMC11130292
200262110,GSE262110,39741344,PMC11687200
200247483,GSE247483,38564252,PMC10987088
200229614,GSE229614,38475864,PMC10935927
200222467,GSE222467,38532886,PMC10963253
200215024,GSE215024,38538798,PMC11184678
200262030,GSE262030,38585724;41036607,PMC10996510;PMC12668261
200256463,GSE256463,38623341,PMC11016778
200228194,GSE228194,38451815,PMC11101011
200262021,GSE262021,38688280,PMC11102302
200252780,GSE252780,38474453,PMC10934053
200251925,GSE251925,38474099,PMC10931687
200242735,GSE242735,38464251;39251788,PMC10925163;PMC11525188
200242287,GSE242287,38487015,PMC10937836
200241595,GSE241595,38481566,PMC10933389
200228416,GSE228416,38475740,PMC10936014
200220918,GSE220918,37852796,PMC10691474
200207821,GSE207821,38234228,PMC10928584
200243265,GSE243265,38976490,PMC11230626
200243264,GSE243264,38976490,PMC11230626
200243262,GSE243262,38976490,PMC11230626
200243260,GSE243260,38976490,PMC11230626
200240296,GSE240296,38437728,PMC11143533
200239892,GSE239892,38618952,PMC11014668
200235957,GSE235957,38554106,PMC11162805
200204811,GSE204811,38481282,PMC10938740
200261563,GSE261563,39570009,PMC12083236
200254331,GSE254331,38653773,PMC11039690
200243669,GSE243669,38720074;38328043,PMC10849582
200243654,GSE243654,38720074;38328043,PMC10849582
200240565,GSE240565,38605040,PMC11009413
200240563,GSE240563,38605040,PMC11009413
200240562,GSE240562,38605040,PMC11009413
200250326,GSE250326,38464081;38557192,PMC10925251;PMC11009648
200261462,GSE261462,38491910,PMC11132042
200245968,GSE245968,38564048,PMC10987371
200261515,GSE261515,38011567,PMC10710020
200261434,GSE261434,38547578,PMC10990714
200261177,GSE261177,39118523,PMC11729321
200253717,GSE253717,38426579,PMC10914311
200252532,GSE252532,38477352,PMC11109985
200240597,GSE240597,38454151,PMC10920818
200235017,GSE235017,38445807,PMC10915828
200229079,GSE229079,38443583,PMC10914811
200223006,GSE223006,38461173,PMC10924974
200222829,GSE222829,38461173,PMC10924974
200222820,GSE222820,38461173;40313617,PMC10924974;PMC12043721
200179424,GSE179424,38421310,PMC10921914
200135794,GSE135794,38635661,PMC11025866
200180227,GSE180227,38478601,PMC10936879
200245913,GSE245913,38789484,PMC11126626
200235605,GSE235605,38547578,PMC10990714
200211642,GSE211642,38457355,PMC11181352
200122059,GSE122059,38485816,PMC11021510
200255266,GSE255266,38457926,PMC11061227
200247234,GSE247234,38778183,PMC11310080
200240879,GSE240879,38495179,PMC10943454
200223152,GSE223152,38460517,PMC10983040
200259401,GSE259401,40501957,PMC12154588
200240468,GSE240468,38467619;40322504,PMC10928104;PMC12048806
200232285,GSE232285,38622115,PMC11018817
200227316,GSE227316,38658764,PMC11078736
200237857,GSE237857,38417222,PMC10904907
200235201,GSE235201,38441406;39310772,PMC11077643;PMC11416655
200253452,GSE253452,38413989,PMC10898065
200234734,GSE234734,38413979,PMC10898177
200227973,GSE227973,38182898,PMC10873197
200227612,GSE227612,38416822,PMC10901378
200218715,GSE218715,38658543,PMC11043461
200260575,GSE260575,39459546,PMC11508561
200252117,GSE252117,38235672,PMC11003563
200260597,GSE260597,38648067,PMC11293989
200260487,GSE260487,38290248;40442104,PMC10840335;PMC12122724
200241867,GSE241867,38226414,PMC10920984
200240505,GSE240505,38508144,PMC10983111
200164455,GSE164455,38508144,PMC10983111
200260674,GSE260674,38437725,PMC11143537
200226548,GSE226548,38351659,PMC11022703
200211425,GSE211425,37171793,PMC10369244
200252934,GSE252934,40089460,PMC11910597
200243775,GSE243775,38916500,PMC11452281
200238257,GSE238257,39048817,PMC11625416
200233479,GSE233479,38442018,PMC11022685
200230293,GSE230293,38514625,PMC10957915
200229394,GSE229394,38683200,PMC11216872
200221906,GSE221906,38486859,PMC10938465
200260560,GSE260560,38451249,PMC11096054
200259422,GSE259422,38451249,PMC11096054
200256268,GSE256268,38451249,PMC11096054
200255774,GSE255774,38451249,PMC11096054
200255773,GSE255773,38451249,PMC11096054
200255414,GSE255414,38600391,PMC11062920
200255413,GSE255413,38600391,PMC11062920
200255412,GSE255412,38600391,PMC11062920
200255410,GSE255410,38600391,PMC11062920
200255408,GSE255408,38600391,PMC11062920
200253795,GSE253795,38481816,PMC10929202
200253331,GSE253331,38428412,PMC11003464
200243375,GSE243375,38300710,PMC10977978
200218249,GSE218249,38448164,PMC10916854
200258991,GSE258991,37923364,PMC10823279
200256457,GSE256457,37899130,PMC10619028
200256455,GSE256455,39100694,PMC11295471
200241847,GSE241847,38383447,PMC10880206
200240671,GSE240671,38374113,PMC10875828
200236847,GSE236847,38373993,PMC10876663
200229509,GSE229509,38398111,PMC10887138
200226789,GSE226789,38386110,PMC10884080
200196453,GSE196453,38447798,PMC10979113
200256035,GSE256035,38510235,PMC10953820
200254684,GSE254684,38504985,PMC10948531
200246405,GSE246405,38561347,PMC10984982
200244198,GSE244198,38352301;40319015,PMC10862731;PMC12049546
200236896,GSE236896,38536911,PMC10971413
200234424,GSE234424,38352458;39884574,PMC10862711;PMC11964763
200226059,GSE226059,38184712,PMC10890933
200220728,GSE220728,38474054,PMC10931981
200205035,GSE205035,38289962,PMC10861914
200224500,GSE224500,38468866,PMC10926944
200220143,GSE220143,38755155,PMC11098817
200256100,GSE256100,39779693,PMC11711318
200251644,GSE251644,38388711,PMC10997519
200241874,GSE241874,38473277,PMC10931202
200233609,GSE233609,38664416,PMC11045757
200253815,GSE253815,38454137,PMC11101692
200249587,GSE249587,38555285,PMC10981752
200244311,GSE244311,38384512,PMC10878959
200248874,GSE248874,38357662,PMC10865395
200244042,GSE244042,38347539,PMC10863159
200237403,GSE237403,38360757,PMC10870443
200256003,GSE256003,38751339,PMC11305685
200255896,GSE255896,38398123,PMC10886471
200255852,GSE255852,39681067,PMC11713734
200255598,GSE255598,38493478,PMC11209755
200247052,GSE247052,38495618,PMC10940465
200244470,GSE244470,38778427,PMC11110396
200232007,GSE232007,38096371,PMC11033588
200211565,GSE211565,38319732,PMC10940093
200256061,GSE256061,38847231,PMC11173368
200256049,GSE256049,38847231,PMC11173368
200238198,GSE238198,38536927,PMC10971493
200228168,GSE228168,38499544,PMC10948791
200227976,GSE227976,38554704,PMC11031386
200197798,GSE197798,38507413,PMC11025316
200255752,GSE255752,37561850,PMC10901463
200236849,GSE236849,38272206,PMC11267985
200231560,GSE231560,38365970,PMC10923901
200228430,GSE228430,38664583,PMC12355809
200250348,GSE250348,38383514,PMC10882003
200246824,GSE246824,38926422,PMC11208511
200251743,GSE251743,39482806,PMC11705486
200249098,GSE249098,38323273,PMC10839318
200247949,GSE247949,38328238;39029462,PMC10849552;PMC12147762
200235648,GSE235648,38383756,PMC10881536
200229877,GSE229877,38553466,PMC10980816
200228563,GSE228563,38328795,PMC10849186
200228559,GSE228559,38328795,PMC10849186
200228525,GSE228525,38328795,PMC10849186
200206336,GSE206336,38338754,PMC10855129
200255129,GSE255129,38415639,PMC11003234
200254035,GSE254035,38342006,PMC11179984
200252406,GSE252406,38339062,PMC10855786
200249569,GSE249569,38566039,PMC10986035
200247460,GSE247460,38334883,PMC10858134
200245491,GSE245491,37967356,PMC10824694
200238108,GSE238108,38366255,PMC10933359
200237606,GSE237606,38339304,PMC10854992
200236504,GSE236504,38321024,PMC10847093
200234866,GSE234866,38326511,PMC10850500
200184072,GSE184072,38292204,PMC10825302
200153033,GSE153033,38330990,PMC10857653
200253458,GSE253458,40234567,PMC12000621
200216117,GSE216117,38328782,PMC10847906
200213762,GSE213762,38049564,PMC10824661
200199503,GSE199503,38003505,PMC10671558
200249536,GSE249536,38580649;40595593,PMC10997609;PMC12216915
200230362,GSE230362,38381406,PMC11061603
200229663,GSE229663,37890156,PMC10873536
200255300,GSE255300,39478119,PMC11584406
200244626,GSE244626,38344207,PMC10853425
200235908,GSE235908,38385626,PMC10919208
200240305,GSE240305,38030789,PMC10798893
200235549,GSE235549,38385626,PMC10919208
200235031,GSE235031,38410799,PMC10896078
200246660,GSE246660,38366633,PMC11229528
200254718,GSE254718,40079085,PMC12358782
200245011,GSE245011,38295180,PMC10830111
200240722,GSE240722,38227654,PMC10823247
200239295,GSE239295,38299254,PMC10836505
200238116,GSE238116,38287371,PMC10823730
200237033,GSE237033,38272563,PMC10824073
200235621,GSE235621,38141761,PMC10826185
200235374,GSE235374,38296976,PMC10830569
200234304,GSE234304,38296990,PMC10831118
200232764,GSE232764,38297352,PMC10829369
200228680,GSE228680,38270135,PMC10829837
200220879,GSE220879,38277817,PMC10832482
200190738,GSE190738,38359087,PMC11061584
200255058,GSE255058,38384459,PMC10880187
200254833,GSE254833,38410476;40274922,PMC10896403;PMC12022182
200254832,GSE254832,38410476;40274922,PMC10896403;PMC12022182
200252051,GSE252051,38588409,PMC11063761
200250050,GSE250050,38468267,PMC10929086
200229504,GSE229504,38381903,PMC11039982
200128901,GSE128901,38627364,PMC11021500
200254904,GSE254904,38458188,PMC11003852
200254900,GSE254900,38458188,PMC11003852
200254899,GSE254899,38458188,PMC11003852
200254896,GSE254896,38458188,PMC11003852
200254480,GSE254480,38740970,PMC11231347
200244124,GSE244124,38334950,PMC11018467
200234737,GSE234737,38325381,PMC10897606
200254461,GSE254461,40795869,PMC12461624
200254593,GSE254593,38458187,PMC11407687
200224607,GSE224607,38271660,PMC11103183
200211609,GSE211609,38503727,PMC10951355
200211608,GSE211608,38503727,PMC10951355
200254651,GSE254651,39117705,PMC11310338
200252740,GSE252740,38316746,PMC10844204
200248633,GSE248633,38060314,PMC10906219
200248632,GSE248632,38060314,PMC10906219
200247217,GSE247217,38189443,PMC10905673
200246690,GSE246690,39476057,PMC7617193
200244104,GSE244104,38189443,PMC10905673
200244103,GSE244103,38189443,PMC10905673
200243674,GSE243674,38416769,PMC10927150
200242332,GSE242332,38740744,PMC11091054
200216667,GSE216667,38297160,PMC10907594
200216093,GSE216093,38431639,PMC10908861
200212877,GSE212877,38295320,PMC10843272
200208058,GSE208058,38308096,PMC10942861
200248116,GSE248116,38275898,PMC10814785
200245557,GSE245557,38806480,PMC11133402
200235027,GSE235027,38240084,PMC10807649
200233949,GSE233949,38183802,PMC10809117
200231452,GSE231452,38416644,PMC11005752
200186279,GSE186279,38227578,PMC10817175
200179333,GSE179333,37794795,PMC10985450
200179332,GSE179332,37794795,PMC10985450
200245914,GSE245914,37986851;38575753,PMC10659336;PMC10995187
200227465,GSE227465,38215749,PMC11256978
200224008,GSE224008,38302992,PMC10835888
200222016,GSE222016,37534243,PMC10393035
200253789,GSE253789,38315147,PMC10926898
200244666,GSE244666,38256047,PMC10815587
200226754,GSE226754,37171962,PMC10789500
200201798,GSE201798,36993416;38281186;40479714,PMC10055546;PMC11039999;PMC12143596
200250022,GSE250022,38383964,PMC10982647
200254012,GSE254012,38341472,PMC10959749
200247890,GSE247890,38273014,PMC10811239
200243936,GSE243936,38309505,PMC10907170
200239531,GSE239531,38272563,PMC10824073
200233242,GSE233242,38319971,PMC10873596
200253992,GSE253992,38448474,PMC10917780
200253662,GSE253662,38294491,PMC10982645
200249353,GSE249353,40454092,PMC12124655
200248634,GSE248634,38238463,PMC10796923
200245402,GSE245402,38262111,PMC10832471
200243441,GSE243441,38239078,PMC10797243
200234660,GSE234660,38310356,PMC10928303
200253490,GSE253490,39261481,PMC11390749
200245454,GSE245454,38225213,PMC10920092
200245449,GSE245449,38301646,PMC10980358
200244518,GSE244518,38291337,PMC7615734
200236003,GSE236003,39260061,PMC11415886
200253465,GSE253465,38512964,PMC11020935
200246981,GSE246981,38319104,PMC10949430
200235704,GSE235704,38453939,PMC10920751
200253564,GSE253564,38401548,PMC10982989
200253413,GSE253413,39025852,PMC11258138
200253222,GSE253222,38418614,PMC10901775
200247307,GSE247307,38315842,PMC10873621
200229469,GSE229469,38345497,PMC10940857
200229468,GSE229468,38345497,PMC10940857
200229467,GSE229467,38345497,PMC10940857
200228296,GSE228296,37917159,PMC10760968
200225523,GSE225523,38600376,PMC11062918
200225522,GSE225522,38600376,PMC11062918
200211272,GSE211272,38227740,PMC10791076
200253433,GSE253433,39025963,PMC11362015
200246983,GSE246983,38186306,PMC10783938
200232193,GSE232193,38196537,PMC10772677
200215349,GSE215349,38201556,PMC10778516
200253086,GSE253086,38744924,PMC11094146
200244354,GSE244354,38229104,PMC10790388
200236888,GSE236888,38224452,PMC11014278
200236884,GSE236884,38224452,PMC11014278
200236882,GSE236882,38224452,PMC11014278
200235862,GSE235862,38168450;38783199,PMC10760190;PMC11112784
200253246,GSE253246,38294692,PMC10987265
200252909,GSE252909,38471099,PMC12032584
200252544,GSE252544,38294491,PMC10982645
200252148,GSE252148,38515751,PMC10954780
200250323,GSE250323,38658954,PMC11040784
200232786,GSE232786,38351029,PMC10864366
200232783,GSE232783,38351029,PMC10864366
200252944,GSE252944,39024548,PMC11443248
200229032,GSE229032,38170742,PMC10909712
200186588,GSE186588,38218188,PMC10872907
200246628,GSE246628,38847231,PMC11173368
200245839,GSE245839,38194275,PMC10904055
200221589,GSE221589,38866344,PMC11753062
200252858,GSE252858,39083088,PMC7616621
200252753,GSE252753,38410440;39789354,PMC10896393;PMC11774759
200252610,GSE252610,38241710,PMC10947874
200234091,GSE234091,38124624;40454411,PMC11141680;PMC12082145
200230536,GSE230536,38167224,PMC10763072
200229600,GSE229600,38177123,PMC10766990
200229136,GSE229136,38337036,PMC11192628
200228106,GSE228106,38163893,PMC10759666
200226448,GSE226448,38167013,PMC10759487
200225307,GSE225307,37867415,PMC10766207
200222640,GSE222640,38167059,PMC10759768
200198415,GSE198415,38177135,PMC10766984
200252540,GSE252540,39540457,PMC11977641
200250617,GSE250617,38988707,PMC11233813
200239374,GSE239374,38309274,PMC10960667
200236538,GSE236538,38261975,PMC10899769
200252056,GSE252056,38260476,PMC10802627
200252667,GSE252667,38191171,PMC10870380
200229671,GSE229671,38519786,PMC11552442
200226592,GSE226592,38355578,PMC10867020
200252181,GSE252181,38816356,PMC11140001
200236749,GSE236749,38172915,PMC10765899
200235052,GSE235052,38172915,PMC10765899
200230065,GSE230065,38172189,PMC10764357
200247203,GSE247203,38396241,PMC10891127
200245122,GSE245122,38172127,PMC10764810
200240267,GSE240267,38172329,PMC10844093
200245332,GSE245332,38184854,PMC10857847
200230408,GSE230408,38184854,PMC10857847
200224425,GSE224425,37828611,PMC10724427
200210546,GSE210546,37743227,PMC10751434
200207058,GSE207058,38297316,PMC10832218
200165298,GSE165298,38095636,PMC10756121
200161696,GSE161696,38155938,PMC10752374
200242297,GSE242297,38092740,PMC10719380
200235178,GSE235178,38089570,PMC10711388
200222312,GSE222312,38286657,PMC10903949
200151433,GSE151433,38238517,PMC10796342
200248721,GSE248721,38255844,PMC10815705
200248408,GSE248408,39617788,PMC11671534
200245440,GSE245440,38369516;39313944,PMC10874569;PMC11420289
200244948,GSE244948,38943031,PMC11335205
200240942,GSE240942,39180763,PMC11346550
200223148,GSE223148,38308713,PMC10838262
200222553,GSE222553,39131151,PMC11307647
200218860,GSE218860,38684700,PMC11058782
200205730,GSE205730,39385030,PMC11578877
200205729,GSE205729,39385030,PMC11578877
200247883,GSE247883,38757341,PMC11095600
200247175,GSE247175,38205254,PMC10776932
200246446,GSE246446,38719996,PMC11377571
200245941,GSE245941,39762215,PMC11704331
200241396,GSE241396,38688897;38688903,PMC11061189;PMC11061294
200235595,GSE235595,38167811,PMC10762027
200235075,GSE235075,39425187,PMC11487860
200234446,GSE234446,38239354,PMC10795195
200233647,GSE233647,39168364,PMC12179511
200233112,GSE233112,38373953,PMC10875809
200230773,GSE230773,38671504,PMC11046918
200227541,GSE227541,38434987,PMC10905391
200218282,GSE218282,38216720,PMC10912652
200213936,GSE213936,36789562,PMC10140480
200203070,GSE203070,38192172,PMC11056703
200193751,GSE193751,39524537,PMC11550735
200185829,GSE185829,38538832,PMC11331548
200171537,GSE171537,38535994,PMC11094426
200240555,GSE240555,37782774,PMC10787272
200235681,GSE235681,38167611,PMC10761554
200246892,GSE246892,38082211,PMC11219422
200192594,GSE192594,38215077,PMC10786392
200236706,GSE236706,37669398,PMC10747475
200233685,GSE233685,38114495,PMC10730894
200226836,GSE226836,37991442,PMC10728009
200220319,GSE220319,38134284,PMC10745716
200220312,GSE220312,38134284,PMC10745716
200251950,GSE251950,39580151,PMC12013559
200251899,GSE251899,39671369,PMC11642971
200251692,GSE251692,38216123,PMC10844973
200244895,GSE244895,38203315,PMC10778820
200236228,GSE236228,39850355,PMC11754080
200245115,GSE245115,38141874,PMC10957329
200245008,GSE245008,38135180,PMC10957314
200251872,GSE251872,38383456,PMC10881493
200250089,GSE250089,38291183,PMC10991329
200133977,GSE133977,37676710,PMC10714140
200251772,GSE251772,38377146,PMC10906895
200237995,GSE237995,38566104,PMC10988846
200228928,GSE228928,38112323,PMC10732628
200206957,GSE206957,38355937,PMC10867109
200176006,GSE176006,38317241,PMC10840202
200176005,GSE176005,38317241,PMC10840202
200250207,GSE250207,38240752,PMC10836196
200248062,GSE248062,38093528,PMC10719540
200242687,GSE242687,37995700,PMC10724073
200233267,GSE233267,37306872,PMC10725347
200229420,GSE229420,38104152,PMC10725435
200228090,GSE228090,37923138,PMC10716579
200224805,GSE224805,38104197,PMC10725437
200216849,GSE216849,37930255,PMC10831340
200250059,GSE250059,39326063,PMC11803398
200248177,GSE248177,38118405,PMC10772578
200233149,GSE233149,38238616,PMC10957466
200228804,GSE228804,38110836,PMC10853725
200218183,GSE218183,38246924,PMC10800356
200246602,GSE246602,38245524,PMC10799922
200234877,GSE234877,38347726,PMC10950277
200250118,GSE250118,38410476,PMC10896403
200250117,GSE250117,38410476,PMC10896403
200249954,GSE249954,38410476,PMC10896403
200249023,GSE249023,38701407,PMC11375461
200239859,GSE239859,38476893,PMC10928976
200215771,GSE215771,38147552,PMC10769850
200246781,GSE246781,38067284,PMC10705808
200246651,GSE246651,38039364,PMC10691777
200245621,GSE245621,37984255,PMC10689956
200245488,GSE245488,38053639,PMC10694670
200240357,GSE240357,38092518,PMC10760643
200239514,GSE239514,38074683,PMC10699862
200237459,GSE237459,38092518,PMC10760643
200237458,GSE237458,38092518,PMC10760643
200237457,GSE237457,38092518,PMC10760643
200227871,GSE227871,38058548,PMC10696645
200226285,GSE226285,38058844,PMC10695772
200203647,GSE203647,37990867,PMC10740172
200249763,GSE249763,38807304,PMC11459041
200247178,GSE247178,38068914,PMC10706153
200242858,GSE242858,38071343,PMC10710492
200225356,GSE225356,38049829,PMC10694946
200225315,GSE225315,38049829,PMC10694946
200222045,GSE222045,38066476,PMC10709939
200219212,GSE219212,38180812,PMC10954483
200219146,GSE219146,38180812,PMC10954483
200200182,GSE200182,37863665,PMC10700682
200197609,GSE197609,37940068,PMC10710875
200249807,GSE249807,38237027,PMC11065592
200240659,GSE240659,38017134,PMC10798901
200227393,GSE227393,38453961,PMC10920785
200224358,GSE224358,38167913,PMC10762078
200217965,GSE217965,38144458,PMC10746371
200213065,GSE213065,38429415,PMC11058033
200212526,GSE212526,38429415,PMC11058033
200242674,GSE242674,41108827,PMC12555876
200240109,GSE240109,37781045,PMC10535695
200163109,GSE163109,35027481,PMC8898292
200249383,GSE249383,38169511,PMC10758052
200246587,GSE246587,39609418,PMC11604662
200246586,GSE246586,39609418,PMC11604662
200249723,GSE249723,39207954,PMC11384147
200243919,GSE243919,37683180,PMC10667349
200241526,GSE241526,38003603,PMC10671279
200232995,GSE232995,38058213,PMC11063848
200228691,GSE228691,37983931,PMC10659770
200228690,GSE228690,37983931,PMC10659770
200222984,GSE222984,37993606,PMC10665353
200220232,GSE220232,38191578,PMC10774266
200190158,GSE190158,35380694,PMC9023279
200207643,GSE207643,38065062,PMC11090011
200249514,GSE249514,38327800,PMC10847745
200243094,GSE243094,38593213,PMC11063688
200240197,GSE240197,38030304,PMC10689408
200237216,GSE237216,37647592,PMC10685165
200229674,GSE229674,38011562,PMC10710093
200223150,GSE223150,37738652,PMC10731920
200215011,GSE215011,38307859,PMC10837126
200212215,GSE212215,38040819,PMC10692156
200210212,GSE210212,37682252,PMC10690046
200249138,GSE249138,38095536,PMC10831336
200246058,GSE246058,38113256,PMC10756272
200207516,GSE207516,38095019,PMC10810560
200248686,GSE248686,41444836,PMC12905165
200237256,GSE237256,38016478,PMC10922308
200249082,GSE249082,38109528,PMC10756296
200221717,GSE221717,38170076,PMC10758919
200248670,GSE248670,40382494,PMC12277176
200248490,GSE248490,38128534,PMC10829737
200247819,GSE247819,38260414;38802751,PMC10802285;PMC11129441
200244710,GSE244710,38025785,PMC10663830
200235634,GSE235634,37925421,PMC10625632
200233810,GSE233810,37890156,PMC10873536
200232211,GSE232211,38033043,PMC10688619
200230393,GSE230393,37938973,PMC10841603
200228711,GSE228711,38037844,PMC10870039
200227380,GSE227380,37856423,PMC10631482
200219288,GSE219288,40404745,PMC12098759
200215393,GSE215393,38191874,PMC10897194
200213769,GSE213769,37267914,PMC12356769
200199092,GSE199092,38036507;39122708,PMC10689482;PMC11315975
200190628,GSE190628,39696673,PMC11657699
200155724,GSE155724,38307029,PMC10897543
200155723,GSE155723,38307029,PMC10897543
200155722,GSE155722,38307029,PMC10897543
200245669,GSE245669,38091010,PMC10905513
200241586,GSE241586,38167707,PMC10762263
200238213,GSE238213,39460716,PMC11811633
200218688,GSE218688,38325380,PMC10940019
200198946,GSE198946,38344447,PMC10857820
200248580,GSE248580,38627586,PMC11073987
200245505,GSE245505,38007497,PMC10676392
200245428,GSE245428,38003720,PMC10671709
200242002,GSE242002,38003570,PMC10671213
200232704,GSE232704,37999506,PMC10674794
200223654,GSE223654,38143926,PMC10740207
200222477,GSE222477,38169284,PMC10805074
200210196,GSE210196,37992162,PMC10664989
200165374,GSE165374,38167338,PMC10761733
200164432,GSE164432,38167338,PMC10761733
200163675,GSE163675,38167338,PMC10761733
200248382,GSE248382,38408246,PMC10927528
200242199,GSE242199,38161998,PMC10757602
200236153,GSE236153,38316783,PMC10844330
200222990,GSE222990,38247878;38280869,PMC10813953;PMC10821902
200179294,GSE179294,37786278,PMC10646254
200248378,GSE248378,38114518;38401548,PMC10730562;PMC10982989
200233774,GSE233774,37996944,PMC10666437
200222199,GSE222199,38012150,PMC10682409
200247230,GSE247230,38192816,PMC10772160
200225011,GSE225011,37877568,PMC10861173
200242009,GSE242009,38460052,PMC10924746
200241227,GSE241227,37991020,PMC10721329
200243159,GSE243159,38038968,PMC10939928
200243152,GSE243152,38047585,PMC10905675
200243151,GSE243151,38047585,PMC10905675
200243150,GSE243150,38047585,PMC10905675
200240623,GSE240623,37964075,PMC10645739
200240278,GSE240278,37978271,PMC10656496
200228587,GSE228587,37552884,PMC10641717
200244024,GSE244024,37905039;38932701,PMC10614109;PMC11260453
200237066,GSE237066,38023205,PMC10661887
200226303,GSE226303,38098488,PMC10720318
200171572,GSE171572,38177134,PMC10766633
200247777,GSE247777,38565950,PMC11066098
200248039,GSE248039,39349928,PMC11442847
200247557,GSE247557,38346967;40678419,PMC10861560;PMC12266350
200246439,GSE246439,38183981,PMC10829792
200225633,GSE225633,38216972,PMC10785552
200247723,GSE247723,38139463,PMC10743977
200233094,GSE233094,37950281,PMC10636825
200226360,GSE226360,37932786,PMC10626670
200225253,GSE225253,37949939,PMC10638415
200210469,GSE210469,37940970,PMC10634184
200179856,GSE179856,37584250,PMC10626282
200179329,GSE179329,37850636,PMC10639076
200179327,GSE179327,37850636,PMC10639076
200242432,GSE242432,37945692,PMC10776398
200216645,GSE216645,38357212,PMC10864809
200247389,GSE247389,38272889,PMC10810848
200247270,GSE247270,38189137,PMC11193480
200247103,GSE247103,38109551,PMC10756302
200201657,GSE201657,37974198,PMC10652464
200229084,GSE229084,38071198,PMC10710461
200242791,GSE242791,37951547,PMC11065478
200226687,GSE226687,37987160,PMC10711654
200235404,GSE235404,37558663,PMC10412649
200226478,GSE226478,38110397,PMC10728430
200247170,GSE247170,38001614,PMC10670741
200246571,GSE246571,38090581,PMC10711208
200239934,GSE239934,38011567,PMC10710020
200239933,GSE239933,38011567,PMC10710020
200235403,GSE235403,37558663,PMC10412649
200223655,GSE223655,37875502,PMC10598004
200244469,GSE244469,37957642,PMC10644419
200243422,GSE243422,37903757,PMC10616288
200236742,GSE236742,37909334,PMC10617776
200235662,GSE235662,37925449;41507992,PMC10625625;PMC12882316
200231834,GSE231834,38023731,PMC10653028
200228991,GSE228991,37696923,PMC10624609
200217572,GSE217572,38627586,PMC11073987
200211763,GSE211763,37907747,PMC10689813
200204929,GSE204929,37759388,PMC10625110
200243014,GSE243014,37816999,PMC10657471
200240311,GSE240311,37949965,PMC10638439
200236420,GSE236420,37906280,PMC10795835
200236419,GSE236419,37906280,PMC10795835
200214756,GSE214756,38015476;40456604,PMC10810216;PMC12315708
200202922,GSE202922,37906280,PMC10795835
200202599,GSE202599,37906280,PMC10795835
200202598,GSE202598,37906280,PMC10795835
200202597,GSE202597,37906280,PMC10795835
200202595,GSE202595,37906280,PMC10795835
200246823,GSE246823,38387457,PMC10965243
200234170,GSE234170,37931958,PMC10628041
200234164,GSE234164,37931958,PMC10628041
200231706,GSE231706,37716420,PMC10807983
200231339,GSE231339,38316881,PMC10948361
200229701,GSE229701,37961132,PMC10635082
200224182,GSE224182,38168093,PMC10761971
200192760,GSE192760,37906252,PMC10896004
200130639,GSE130639,37961132,PMC10635082
200246995,GSE246995,38313057,PMC10835362
200226161,GSE226161,38200227,PMC10864177
200243702,GSE243702,37906251,PMC10895998
200175859,GSE175859,41028778,PMC12484796
200246708,GSE246708,37749143,PMC10519979
200239379,GSE239379,37922359,PMC10624352
200231858,GSE231858,37934854,PMC10912009
200217195,GSE217195,38413714,PMC11056319
200213102,GSE213102,37916165,PMC10616253
200246886,GSE246886,38433910,PMC10904987
200237803,GSE237803,37638746,PMC10602887
200235066,GSE235066,38280376,PMC10897541
200230741,GSE230741,37638746,PMC10602887
200198517,GSE198517,37922899,PMC11307202
200190279,GSE190279,37475161,PMC10776113
200246383,GSE246383,38035793,PMC10849364
200244807,GSE244807,39242455;41541502,PMC12800354
200236958,GSE236958,38102116,PMC10724271
200233234,GSE233234,37734378,PMC10591033
200218164,GSE218164,38014454,PMC10788478
200218163,GSE218163,38014454,PMC10788478
200216934,GSE216934,38811525,PMC11137082
200212812,GSE212812,37734378,PMC10591033
200206639,GSE206639,38030698,PMC10686982
200188813,GSE188813,38115140,PMC10729563
200188746,GSE188746,38460130,PMC11372658
200163939,GSE163939,35093151,PMC8800319
200246684,GSE246684,38253539,PMC10803790
200246335,GSE246335,38355749,PMC10940689
200245661,GSE245661,38383456,PMC10881493
200245554,GSE245554,37979170,PMC10872270
200236327,GSE236327,38102116,PMC10724271
200227436,GSE227436,37595058,PMC10587712
200220931,GSE220931,37845207,PMC10579265
200216239,GSE216239,37057595,PMC10107402
200246435,GSE246435,37934799,PMC10772538
200246408,GSE246408,39284687,PMC11610457
200246263,GSE246263,37747131,PMC10695175
200204836,GSE204836,38036593,PMC10689788
200150223,GSE150223,37951219,PMC10694669
200150222,GSE150222,37951219,PMC10694669
200146944,GSE146944,37951219,PMC10694669
200236203,GSE236203,37881607,PMC10596068
200245762,GSE245762,38414005,PMC10898066
200240734,GSE240734,38789411,PMC11126580
200240344,GSE240344,37880368,PMC10709823
200239412,GSE239412,37880800,PMC10601155
200232621,GSE232621,37847613,PMC10876042
200224036,GSE224036,37813880,PMC10562493
200246325,GSE246325,38118413,PMC10772459
200227288,GSE227288,37838767,PMC10576747
200191144,GSE191144,37257453,PMC11623308
200245210,GSE245210,38658162,PMC11182006
200240393,GSE240393,37906431,PMC10842725
200236263,GSE236263,37737266,PMC10561733
200221129,GSE221129,37737260,PMC10561724
200245887,GSE245887,38669046,PMC11104289
200236919,GSE236919,37830622,PMC10572302
200190708,GSE190708,37993417,PMC10783513
200245635,GSE245635,39006069;39820362,PMC11242329;PMC11739515
200245634,GSE245634,39820362,PMC11739515
200240789,GSE240789,37455012,PMC10561473
200240277,GSE240277,37834325,PMC10573497
200236365,GSE236365,38016952,PMC10684895
200236253,GSE236253,37834393,PMC10574000
200227406,GSE227406,37878724;41193733,PMC10622895;PMC12589595
200224910,GSE224910,38016952,PMC10684895
200224909,GSE224909,38016952,PMC10684895
200222469,GSE222469,38016952,PMC10684895
200220780,GSE220780,36787739,PMC10027473
200210751,GSE210751,37821954,PMC10566127
200180233,GSE180233,38019914,PMC10686565
200180231,GSE180231,38019914,PMC10686565
200245973,GSE245973,38067135,PMC10706378
200228257,GSE228257,37818050,PMC10560959
200211829,GSE211829,37600821,PMC10433160
200168020,GSE168020,37842807,PMC10850822
200245536,GSE245536,39843442,PMC11754830
200241427,GSE241427,38126767,PMC10831031
200218794,GSE218794,37973845,PMC10654398
200212961,GSE212961,40016701,PMC11866810
200241876,GSE241876,37882661,PMC10767305
200208423,GSE208423,37781575;40274766,PMC10541123;PMC12022051
200208422,GSE208422,37781575;40274766,PMC10541123;PMC12022051
200208421,GSE208421,37781575;40274766,PMC10541123;PMC12022051
200208420,GSE208420,37781575;40274766,PMC10541123;PMC12022051
200234070,GSE234070,37925520,PMC10625637
200230388,GSE230388,37992175,PMC10664984
200225516,GSE225516,37941135,PMC10711537
200244878,GSE244878,38365636,PMC10870565
200240444,GSE240444,37838759,PMC10681904
200240244,GSE240244,37835407,PMC10571831
200237998,GSE237998,37845284,PMC10681893
200232233,GSE232233,37834026,PMC10572670
200229158,GSE229158,37714256,PMC12165604
200194201,GSE194201,37963469,PMC10842074
200192547,GSE192547,37845394,PMC10656285
200186633,GSE186633,35771632,PMC9444962
200242592,GSE242592,37910503,PMC10872598
200212835,GSE212835,37838732,PMC10576810
200226870,GSE226870,37874327,PMC10758692
200225846,GSE225846,37902422,PMC10629394
200218949,GSE218949,37838783,PMC10576744
200211468,GSE211468,37831776,PMC10575591
200181011,GSE181011,37877779,PMC10850947
200181010,GSE181010,37877779,PMC10850947
200235587,GSE235587,37776708,PMC10558795
200224564,GSE224564,37980563,PMC10842852
200223908,GSE223908,37980563,PMC10842852
200223758,GSE223758,37823778,PMC10658857
200190046,GSE190046,38022675,PMC10630910
200165479,GSE165479,37805599,PMC10560238
200240750,GSE240750,37795297,PMC10545859
200239994,GSE239994,37889078,PMC10711448
200227497,GSE227497,37783880,PMC10545701
200222377,GSE222377,37915591,PMC10616323
200218585,GSE218585,37816090,PMC10939449
200202511,GSE202511,37673071,PMC10545938
200245006,GSE245006,38061356,PMC11031350
200244967,GSE244967,37931033,PMC10932877
200244730,GSE244730,38551001,PMC10972824
200244716,GSE244716,39117800,PMC11405875
200239684,GSE239684,38016946,PMC10684515
200235468,GSE235468,37964967,PMC10641312
200234514,GSE234514,37886470;38961064;39603379,PMC10602086;PMC11222436;PMC11783577
200224037,GSE224037,38026169,PMC10654598
200216017,GSE216017,38016946,PMC10684515
200243588,GSE243588,38652550,PMC11142746
200215104,GSE215104,37192689,PMC10393550
200202048,GSE202048,36820942,PMC9950315
200191110,GSE191110,38306757,PMC10847378
200240364,GSE240364,37806842,PMC12848658
200235235,GSE235235,37803324,PMC10557262
200234020,GSE234020,37817112,PMC10563293
200214493,GSE214493,37880212,PMC10600207
200214492,GSE214492,37880212,PMC10600207
200225762,GSE225762,37953789,PMC10634331
200224890,GSE224890,37863889,PMC10589265
200208774,GSE208774,37747726,PMC10843040
200183374,GSE183374,35286385,PMC9074401
200244282,GSE244282,37979170,PMC10872270
200244272,GSE244272,37979170,PMC10872270
200244271,GSE244271,37979170,PMC10872270
200242916,GSE242916,37776595,PMC10542011
200242915,GSE242915,37776595,PMC10542011
200241474,GSE241474,37819236,PMC10690098
200224691,GSE224691,37781087,PMC10540884
200212976,GSE212976,39198430,PMC11358472
200199257,GSE199257,37378662,PMC10530462
200189309,GSE189309,37781194,PMC10539572
200186392,GSE186392,37760589,PMC10526458
200172238,GSE172238,37766974,PMC10520325
200230522,GSE230522,37525619,PMC10523980
200224412,GSE224412,37708268,PMC7615126
200218446,GSE218446,37708268,PMC7615126
200182370,GSE182370,37301236,PMC10527610
200128590,GSE128590,37311463,PMC11138481
200222728,GSE222728,37902007,PMC10701603
200214487,GSE214487,38167704,PMC10761673
200214480,GSE214480,38167704,PMC10761673
200210202,GSE210202,37847647,PMC10919334
200172022,GSE172022,38001082,PMC10673935
200232331,GSE232331,38384853;41321861,PMC10879698;PMC12662796
200201398,GSE201398,37018663,PMC10651879
200201122,GSE201122,37018663,PMC10651879
200185872,GSE185872,36380627,PMC10643894
200167163,GSE167163,39651888,PMC7618521
200241645,GSE241645,37968277,PMC10651858
200227672,GSE227672,37819760,PMC10710687
200214566,GSE214566,39138174,PMC11322707
200213931,GSE213931,38474017,PMC10932104
200213892,GSE213892,38227944,PMC11024517
200212760,GSE212760,38709899,PMC11229354
200211363,GSE211363,38023254,PMC10643534
200232261,GSE232261,38020298,PMC10655063
200218999,GSE218999,37992683,PMC10694666
200211831,GSE211831,37992683,PMC10694666
200206428,GSE206428,37766429,PMC10638453
200186587,GSE186587,37992683,PMC10694666
200185695,GSE185695,37980347,PMC10657414
200158770,GSE158770,39356106,PMC11446547
200236653,GSE236653,37726790,PMC10510196
200234177,GSE234177,37434394,PMC10508140
200230791,GSE230791,37740239,PMC10517487
200225020,GSE225020,37093643,PMC10509663
200224992,GSE224992,37736739,PMC10515011
200223181,GSE223181,37732899,PMC10552704
200221475,GSE221475,37695916,PMC10515179
200240307,GSE240307,38030596,PMC10686983
200218625,GSE218625,38030596,PMC10686983
200210729,GSE210729,37408474,PMC10552899
200243990,GSE243990,37767768,PMC10772542
200243914,GSE243914,39719705,PMC11934262
200243904,GSE243904,37861293,PMC10621483
200241095,GSE241095,37740179;39483448,PMC10517594;PMC11514630
200243717,GSE243717,38626341,PMC11064835
200240960,GSE240960,37735529,PMC10514280
200213981,GSE213981,37422057,PMC10528899
200209628,GSE209628,37729615,PMC10787250
200234687,GSE234687,37792516,PMC10576143
200234598,GSE234598,37792516,PMC10576143
200233648,GSE233648,37852959,PMC10585006
200229787,GSE229787,37852959,PMC10585006
200229786,GSE229786,37852959,PMC10585006
200229785,GSE229785,37852959,PMC10585006
200229784,GSE229784,37852959,PMC10585006
200222861,GSE222861,37246174,PMC10499936
200243454,GSE243454,38036546,PMC10689488
200234927,GSE234927,37363990,PMC10502454
200234760,GSE234760,37363990;39488792,PMC10502454;PMC11653710
200233818,GSE233818,37717087,PMC10505223
200233209,GSE233209,37842093,PMC10569302
200232838,GSE232838,37747726,PMC10843040
200212122,GSE212122,37452432,PMC10502815
200201244,GSE201244,36494579,PMC10498436
200237687,GSE237687,37829185,PMC10565211
200237658,GSE237658,37829185,PMC10565211
200228283,GSE228283,37796107,PMC10851871
200208634,GSE208634,37880243,PMC10600173
200226765,GSE226765,37493258,PMC10811744
200215757,GSE215757,37938582,PMC10632377
200197495,GSE197495,37831104,PMC10681714
200241970,GSE241970,37852997,PMC10585003
200232175,GSE232175,37945904,PMC10709142
200227999,GSE227999,37541244,PMC10957226
200227982,GSE227982,37713484,PMC10881058
200223795,GSE223795,37686559,PMC10486472
200210607,GSE210607,37945904,PMC10709142
200234513,GSE234513,37318881,PMC10443801
200232821,GSE232821,37714135,PMC10508323
200232818,GSE232818,37714135,PMC10508323
200232817,GSE232817,37714135,PMC10508323
200230453,GSE230453,37697350,PMC10496331
200229014,GSE229014,37681284,PMC11077001
200225068,GSE225068,37663929,PMC10470473
200220166,GSE220166,37495108,PMC10470218
200216345,GSE216345,37655663,PMC10471174
200215994,GSE215994,37664243,PMC10471487
200214432,GSE214432,37621719,PMC10448704
200205281,GSE205281,37904244,PMC10614391
200202723,GSE202723,37697435,PMC10602868
200201770,GSE201770,37663929,PMC10470473
200242782,GSE242782,37748809,PMC10520261
200239960,GSE239960,37795087,PMC10546312
200234800,GSE234800,37686063,PMC10488213
200233383,GSE233383,37369199,PMC10483886
200225375,GSE225375,37599362,PMC10440921
200224988,GSE224988,37667380,PMC10476325
200224317,GSE224317,37661238,PMC10475463
200224266,GSE224266,38036539,PMC10689851
200224106,GSE224106,37680473,PMC10480778
200222207,GSE222207,37427784,PMC10484665
200213038,GSE213038,37670388,PMC10478283
200212759,GSE212759,37680627,PMC10482094
200212209,GSE212209,37670388,PMC10478283
200210803,GSE210803,37350063,PMC10475773
200209570,GSE209570,37693069,PMC10487315
200242690,GSE242690,37732905,PMC10557868
200241356,GSE241356,37920438,PMC10618930
200234126,GSE234126,37803333;37833281,PMC10557167;PMC10576091
200221355,GSE221355,37224504,PMC10251300
200219029,GSE219029,37748077,PMC10556593
200219028,GSE219028,37748077,PMC10556593
200217348,GSE217348,37803333;37833281,PMC10557167;PMC10576091
200242255,GSE242255,37751307,PMC10645393
200240111,GSE240111,37729426,PMC10841254
200239678,GSE239678,37702821,PMC10567832
200232390,GSE232390,37372991;38928039,PMC10298330;PMC11204237
200230623,GSE230623,37398114,PMC10312425
200227176,GSE227176,37317894,PMC10690916
200226111,GSE226111,37823593;39263139,PMC10639071;PMC11387257
200212840,GSE212840,37973913,PMC10654515
200239688,GSE239688,37684337,PMC10491589
200242360,GSE242360,37791873,PMC10639082
200213565,GSE213565,37393256,PMC10315050
200242514,GSE242514,37766871,PMC10520556
200242311,GSE242311,39456890,PMC11508537
200229705,GSE229705,37938580,PMC10632519
200229253,GSE229253,37938580,PMC10632519
200228549,GSE228549,37721967;39482806,PMC10506724;PMC11705486
200224687,GSE224687,37694973,PMC10618745
200221070,GSE221070,37106163,PMC10244166
200218546,GSE218546,37149664,PMC10275754
200215786,GSE215786,37178919,PMC10276293
200242231,GSE242231,39353936,PMC11445535
200233618,GSE233618,37745296,PMC10513103
200235208,GSE235208,37463047,PMC10471171
200232333,GSE232333,37681034,PMC10480688
200228017,GSE228017,37620794,PMC10464112
200242281,GSE242281,37257451;38300798,PMC10330838;PMC10846379
200242276,GSE242276,37257451;38300798,PMC10330838;PMC10846379
200237836,GSE237836,37666938,PMC10541324
200235224,GSE235224,37754762,PMC10617507
200198110,GSE198110,37903887,PMC10663165
200242217,GSE242217,37781195,PMC10534007
200241993,GSE241993,37835373,PMC10571671
200241992,GSE241992,37835373,PMC10571671
200241948,GSE241948,38510131,PMC10952034
200232185,GSE232185,37681034,PMC10480688
200230291,GSE230291,37667226,PMC10476395
200241764,GSE241764,38102750,PMC10911704
200241223,GSE241223,38252454,PMC12015978
200240211,GSE240211,39341835,PMC11438863
200234647,GSE234647,37746265,PMC10514905
200229657,GSE229657,37595559,PMC10494788
200225380,GSE225380,40140852,PMC11948968
200186733,GSE186733,37707389,PMC10540743
200136651,GSE136651,37652985,PMC10727983
200241861,GSE241861,37702657,PMC10690099
200232904,GSE232904,37705067,PMC10500735
200227643,GSE227643,37965134,PMC10641260
200226599,GSE226599,37552122,PMC10632609
200216570,GSE216570,37945829,PMC12060179
200212638,GSE212638,37450380,PMC10628805
200212631,GSE212631,37450380,PMC10628805
200212620,GSE212620,37450380,PMC10628805
200241282,GSE241282,38102140,PMC10724275
200234870,GSE234870,37626035,PMC10457341
200234342,GSE234342,37579157,PMC10450654
200233043,GSE233043,37626157,PMC10457345
200227163,GSE227163,37883374,PMC10602306
200224980,GSE224980,37674987,PMC10477067
200224246,GSE224246,37612043,PMC10450042
200224216,GSE224216,37612043,PMC10450042
200223524,GSE223524,37253812,PMC10229614
200218993,GSE218993,37440313,PMC10445684
200217451,GSE217451,38340557,PMC10869748
200214563,GSE214563,37240841,PMC10222048
200211833,GSE211833,37647805,PMC10474232
200211684,GSE211684,37801604,PMC10758694
200239671,GSE239671,37671834,PMC10561178
200236966,GSE236966,37671834,PMC10561178
200223893,GSE223893,37695044,PMC10843145
200212330,GSE212330,37608777,PMC10772526
200227594,GSE227594,37639593,PMC10483665
200231949,GSE231949,37581927,PMC10541186
200230661,GSE230661,37228396,PMC10203593
200215792,GSE215792,37623434,PMC10733837
200210016,GSE210016,37225681,PMC10209196
200237684,GSE237684,37598287;39715885,PMC10439889;PMC11666716
200237138,GSE237138,37580343,PMC10425377
200232173,GSE232173,37620410;37958662,PMC10575865;PMC10647455
200226584,GSE226584,37670785,PMC10475482
200218093,GSE218093,37549269,PMC10438836
200215881,GSE215881,37599787;40478628,PMC10434289;PMC12202856
200211215,GSE211215,37587486,PMC10428599
200200313,GSE200313,37578563,PMC10425521
200213402,GSE213402,37378317,PMC10291510
200209772,GSE209772,37872136;40162972,PMC10593957;PMC12209774
200178845,GSE178845,37443031,PMC10339543
200241031,GSE241031,37695642,PMC10870201
200240989,GSE240989,38195589,PMC10776622
200235812,GSE235812,37567892;39585341,PMC10421911;PMC11788653
200235316,GSE235316,37568601,PMC10417113
200230372,GSE230372,37553362,PMC10409759
200228512,GSE228512,37568598,PMC10417317
200228280,GSE228280,37564203,PMC10411475
200228277,GSE228277,37564203,PMC10411475
200228274,GSE228274,37564203,PMC10411475
200227503,GSE227503,37558679,PMC10412622
200227230,GSE227230,37488217,PMC10406948
200221398,GSE221398,37554544,PMC10405248
200220618,GSE220618,37596305;39217195,PMC10439187;PMC11473802
200212810,GSE212810,37797616,PMC10591055
200203287,GSE203287,37494662,PMC10415566
200198801,GSE198801,37708024,PMC10598242
200161990,GSE161990,36773293,PMC10412738
200240898,GSE240898,33627422,PMC7904264
200240760,GSE240760,38521502,PMC11021963
200240746,GSE240746,40598214,PMC12220003
200234262,GSE234262,38115217,PMC10920084
200222973,GSE222973,37293153,PMC10244102
200239495,GSE239495,37584455,PMC10620129
200239394,GSE239394,37653482,PMC10472681
200236663,GSE236663,37626123,PMC10457349
200232558,GSE232558,37591242,PMC10592106
200176214,GSE176214,37547760,PMC10398401
200240453,GSE240453,37641472,PMC10523979
200202566,GSE202566,37626123,PMC10457349
200202447,GSE202447,37626123,PMC10457349
200239784,GSE239784,37822765,PMC10563787
200239740,GSE239740,37781951,PMC10646561
200217325,GSE217325,37075754,PMC10676289
200188437,GSE188437,37643213,PMC10483632
200240204,GSE240204,37699931,PMC10497590
200221050,GSE221050,37658059;40610675,PMC10474299;PMC12229592
200221045,GSE221045,37658059;40610675,PMC10474299;PMC12229592
200220126,GSE220126,37229187,PMC10203238
200215433,GSE215433,37738983,PMC10750313
200211375,GSE211375,37559436,PMC10559933
200185604,GSE185604,37210576,PMC10199584
200224718,GSE224718,37170591,PMC10184595
200205767,GSE205767,37328838;37210549,PMC10273529;PMC10199551
200175757,GSE175757,37807875,PMC10630882
200240145,GSE240145,37552839,PMC10618744
200233933,GSE233933,37532687,PMC10397263
200229941,GSE229941,37390992,PMC10388210
200228578,GSE228578,37525271,PMC10388463
200222291,GSE222291,37532694;40903826,PMC10397262;PMC12408367
200213046,GSE213046,37540752,PMC10403220
200208022,GSE208022,37365294,PMC10400418
200240391,GSE240391,37611058,PMC10467572
200239900,GSE239900,37914704,PMC10620198
200239677,GSE239677,37567965,PMC10421868
200239325,GSE239325,38377789,PMC10884776
200235466,GSE235466,37520723,PMC10372835
200235366,GSE235366,37520723,PMC10372835
200233119,GSE233119,37503036,PMC10370004
200232843,GSE232843,37503036,PMC10370004
200230067,GSE230067,37509213,PMC10377524
200229119,GSE229119,37478190,PMC10361597
200225214,GSE225214,37474760,PMC10359273
200223201,GSE223201,37471053,PMC10351952
200223073,GSE223073,37727809,PMC10505653
200223037,GSE223037,36821441,PMC10187541
200220173,GSE220173,37460542,PMC10352384
200216988,GSE216988,38182927,PMC10948365
200214354,GSE214354,37509532,PMC10376778
200214235,GSE214235,37169394,PMC10351893
200210112,GSE210112,37198667,PMC10189913
200208568,GSE208568,38509064,PMC10954758
200239911,GSE239911,37928274,PMC10620823
200239904,GSE239904,37612293,PMC10447535
200239844,GSE239844,37748191;37727007,PMC10762338;PMC10665781
200227919,GSE227919,36993637,PMC10055367
200224677,GSE224677,36909617;38530197,PMC10002699;PMC10993856
200215975,GSE215975,37066339,PMC10104048
200210777,GSE210777,39138174,PMC11322707
200202160,GSE202160,37292902,PMC10245971
200193645,GSE193645,37660055,PMC10475075
200189035,GSE189035,38546397,PMC11148540
200183150,GSE183150,37724990,PMC10618653
200154548,GSE154548,38698020,PMC11066069
200236027,GSE236027,37540379,PMC10403410
200218220,GSE218220,37636315,PMC10448856
200235048,GSE235048,37638022,PMC10449448
200230557,GSE230557,37601099,PMC10433913
200221228,GSE221228,37536977,PMC10400885
200205892,GSE205892,37208522,PMC10198946
200205873,GSE205873,37208522,PMC10198946
200205855,GSE205855,37208522,PMC10198946
200202859,GSE202859,37541244,PMC10957226
200185335,GSE185335,37651233,PMC10591794
200239610,GSE239610,37756163,PMC10842372
200225327,GSE225327,37491786,PMC10552891
200237596,GSE237596,37536978,PMC10400884
200237361,GSE237361,39669575,PMC11634877
200234816,GSE234816,38001705,PMC10670470
200229866,GSE229866,39417309,PMC11887679
200224899,GSE224899,37585496,PMC10618650
200222313,GSE222313,37695911,PMC10515173
200220538,GSE220538,38361046,PMC10978487
200218236,GSE218236,37620345,PMC10449895
200210858,GSE210858,37224458,PMC10598502
200210775,GSE210775,38348130,PMC10860518
200189367,GSE189367,37537844,PMC10551040
200158714,GSE158714,38254631,PMC10813206
200155808,GSE155808,38254631,PMC10813206
200239666,GSE239666,37748191,PMC10762338
200237922,GSE237922,38776913,PMC11228450
200236275,GSE236275,38063270,PMC10739986
200235548,GSE235548,38066116,PMC10709344
200232849,GSE232849,38049566,PMC10716049
200230062,GSE230062,37511268,PMC10380654
200208776,GSE208776,38272230,PMC10878790
200208007,GSE208007,37969730,PMC10638501
200155220,GSE155220,37712288,PMC10620765
200154059,GSE154059,37712288,PMC10620765
200238164,GSE238164,37752791,PMC10522973
200236490,GSE236490,37591832,PMC10435570
200224922,GSE224922,37431681,PMC10502857
200230956,GSE230956,37621654,PMC10445169
200237841,GSE237841,37622004,PMC10445461
200236934,GSE236934,38485947,PMC10940622
200230706,GSE230706,37495566,PMC10372068
200237984,GSE237984,37566008,PMC10417439
200232212,GSE232212,37499655,PMC7617767
200210329,GSE210329,37491482,PMC10368693
200238006,GSE238006,37597186,PMC10528072
200234732,GSE234732,37527013,PMC10592192
200232739,GSE232739,37511533,PMC10381016
200234450,GSE234450,37523412,PMC10431621
200233826,GSE233826,37938770,PMC11000523
200231352,GSE231352,37576552,PMC10415680
200197551,GSE197551,37452493,PMC10492030
200178471,GSE178471,37759202;39501082,PMC10523799;PMC11645267
200218977,GSE218977,38087090,PMC11663416
200208697,GSE208697,38632238,PMC11024179
200182204,GSE182204,37731000,PMC10845139
200223471,GSE223471,37463954,PMC10354070
200220580,GSE220580,37452103,PMC10457202
200213793,GSE213793,37478846,PMC11134608
200230603,GSE230603,37457440,PMC10344636
200229094,GSE229094,37550422;38328161,PMC10849468
200226018,GSE226018,37429899,PMC10333219
200225206,GSE225206,37409967,PMC10544006
200225205,GSE225205,37889103;37409967,PMC10544006
200223853,GSE223853,37447165;40462107,PMC10343266;PMC12135404
200211444,GSE211444,37935654,PMC10630337
200183352,GSE183352,37554444,PMC10405256
200156554,GSE156554,37455825,PMC10344902
200237608,GSE237608,37639465,PMC10491404
200237363,GSE237363,38015024,PMC10787067
200235167,GSE235167,36900375;37370789,PMC10001201;PMC10296623
200211758,GSE211758,37572669,PMC10802846
200201660,GSE201660,37788309,PMC10576098
200236946,GSE236946,37461596;38109320,PMC10350042;PMC10899759
200225643,GSE225643,37532694,PMC10397262
200223359,GSE223359,37661576,PMC10602519
200218004,GSE218004,37466381,PMC10528290
200236983,GSE236983,38179473,PMC10762504
200236932,GSE236932,38681584,PMC11053192
200232869,GSE232869,37442129,PMC10527981
200222527,GSE222527,36863485,PMC10009278
200216687,GSE216687,36899402,PMC10007801
200176523,GSE176523,37904045,PMC10824665
200176522,GSE176522,37904045,PMC10824665
200235843,GSE235843,37449843;39251587,PMC10401074;PMC11385192
200218097,GSE218097,37436963,PMC10708934
200205366,GSE205366,37489617,PMC10481664
200236818,GSE236818,37828983,PMC10565654
200236806,GSE236806,37553760,PMC10551668
200225174,GSE225174,37222921,PMC11189370
200213258,GSE213258,37418588,PMC10766198
200211866,GSE211866,37414755,PMC10326026
200211262,GSE211262,37428871,PMC10506108
200207886,GSE207886,37415222,PMC10324131
200207741,GSE207741,37479744,PMC10406883
200236499,GSE236499,38480701,PMC10937713
200236498,GSE236498,38480701,PMC10937713
200236497,GSE236497,38480701,PMC10937713
200236435,GSE236435,37127185;38186738,PMC10770703
200236286,GSE236286,37486978,PMC10592247
200236088,GSE236088,37486978,PMC10592247
200231747,GSE231747,37612286,PMC10447552
200221916,GSE221916,37070193,PMC10570044
200230666,GSE230666,38219153,PMC10826422
200223959,GSE223959,37416481;41413688,PMC10319845;PMC12800308
200222367,GSE222367,37384539,PMC10592446
200212752,GSE212752,37492374,PMC10365026
200182401,GSE182401,37088914,PMC10330144
200214721,GSE214721,37598220,PMC10439933
200189465,GSE189465,37478845,PMC10427207
200236348,GSE236348,38879600,PMC11180176
200214052,GSE214052,37450351,PMC10543960
200213481,GSE213481,37450351,PMC10543960
200213477,GSE213477,37450351,PMC10543960
200213474,GSE213474,37450351,PMC10543960
200236502,GSE236502,37433032,PMC10592351
200210541,GSE210541,37495707,PMC10372009
200210540,GSE210540,37495707,PMC10372009
200209769,GSE209769,37456058,PMC10345356
200200146,GSE200146,37418548,PMC7614848
200236441,GSE236441,37880276,PMC10600210
200236338,GSE236338,39580000,PMC11625352
200236331,GSE236331,38316463,PMC10844523
200235387,GSE235387,37290673,PMC10336528
200223603,GSE223603,37592256,PMC10433649
200208061,GSE208061,39135915,PMC11318338
200201493,GSE201493,37396509,PMC10308161
200190814,GSE190814,35568265,PMC10313451
200179044,GSE179044,37400371,PMC10502849
200235919,GSE235919,37563240,PMC10427431
200228914,GSE228914,37370820,PMC10296284
200228724,GSE228724,37257820,PMC10302167
200224646,GSE224646,36711639,PMC9882314
200211231,GSE211231,37231147,PMC10300158
200236238,GSE236238,38760351,PMC11101634
200236117,GSE236117,38536233,PMC10995630
200188228,GSE188228,38086797,PMC10716401
200236437,GSE236437,37709865,PMC12051258
200228458,GSE228458,37143315,PMC10545633
200215882,GSE215882,37345586,PMC10460854
200206931,GSE206931,38682900,PMC11057873
200236172,GSE236172,38377146,PMC10906895
200235882,GSE235882,39049874,PMC11268105
200224754,GSE224754,37528066,PMC11113081
200207812,GSE207812,37528066,PMC11113081
200234100,GSE234100,37928527,PMC10620935
200228026,GSE228026,37572669,PMC10802846
200217914,GSE217914,37542342,PMC10403887
200217912,GSE217912,37542342,PMC10403887
200235688,GSE235688,37469404,PMC10352653
200234762,GSE234762,38939621,PMC11209862
200233521,GSE233521,39112443,PMC11306581
200233520,GSE233520,39112443,PMC11306581
200233049,GSE233049,39212382,PMC11494902
200232661,GSE232661,37487081,PMC10400976
200217530,GSE217530,37516102,PMC10540565
200198518,GSE198518,38170787,PMC11222919
200235828,GSE235828,38167409,PMC10762148
200235755,GSE235755,37938576,PMC10632431
200220017,GSE220017,37456245,PMC10339804
200235953,GSE235953,37476710,PMC10355101
200233776,GSE233776,37349576,PMC10287694
200232504,GSE232504,37515107,PMC10385720
200231776,GSE231776,37249603,PMC10527578
200223310,GSE223310,37416876,PMC10319625
200222405,GSE222405,37500667,PMC10374577
200222404,GSE222404,37500667,PMC10374577
200212171,GSE212171,37391426,PMC10313823
200235915,GSE235915,37914766,PMC10620412
200235568,GSE235568,38167409,PMC10762148
200216837,GSE216837,37591854,PMC10435520
200216540,GSE216540,37423299,PMC10415704
200216513,GSE216513,37385999,PMC10310788
200195608,GSE195608,36944729,PMC10162941
200211201,GSE211201,37506213,PMC10381945
200235390,GSE235390,37675104,PMC10479946
200235351,GSE235351,37478857,PMC10439175
200205980,GSE205980,39560645,PMC11621760
200158976,GSE158976,37663774,PMC10470355
200233777,GSE233777,37400551,PMC10317990
200206853,GSE206853,38049566,PMC10716049
200198982,GSE198982,37462077,PMC10484680
200235156,GSE235156,38994560,PMC11381323
200223463,GSE223463,37534996,PMC10530235
200235296,GSE235296,38849594,PMC11161495
200227100,GSE227100,37435088,PMC10331425
200223656,GSE223656,37316891,PMC10265820
200210601,GSE210601,37424514,PMC10481650
200210107,GSE210107,37323577,PMC10261899
200202944,GSE202944,37334274,PMC10274570
200197571,GSE197571,37288663,PMC10259508
200215822,GSE215822,38312224,PMC10833458
200234805,GSE234805,37459541,PMC10372636
200226511,GSE226511,37382239,PMC10425849
200202134,GSE202134,37666821,PMC10477243
200216154,GSE216154,37173391,PMC10307860
200234807,GSE234807,37600810,PMC10436492
200229013,GSE229013,37640841,PMC10495261
200226016,GSE226016,37429859,PMC10333368
200226014,GSE226014,37429859,PMC10333368
200205709,GSE205709,37640841,PMC10495261
200232509,GSE232509,38750019,PMC11096414
200234460,GSE234460,37425300,PMC10324034
200232714,GSE232714,38300787,PMC11039986
200225338,GSE225338,36865165;39136655,PMC9980116;PMC11614706
200221194,GSE221194,36841242,PMC9998367
200217414,GSE217414,37144485,PMC10250239
200212169,GSE212169,36445328,PMC9975675
200212168,GSE212168,36445328,PMC9975675
200230625,GSE230625,38303717,PMC10830889
200233341,GSE233341,37476073,PMC10355222
200227269,GSE227269,37629110,PMC10455220
200214980,GSE214980,36796016,PMC10356559
200212795,GSE212795,36148682,PMC10658791
200207586,GSE207586,37291189,PMC10250384
200196700,GSE196700,36047744,PMC7613903
200234306,GSE234306,37500885,PMC11344484
200224435,GSE224435,37451269,PMC10439176
200214268,GSE214268,37443146,PMC10344964
200183487,GSE183487,37460547,PMC10352330
200155432,GSE155432,37293985,PMC10450200
200223372,GSE223372,37382635;39657664,PMC10901109;PMC11722101
200221185,GSE221185,37286718,PMC10247738
200233293,GSE233293,37285225,PMC10880589
200226363,GSE226363,37028765,PMC10235437
200220967,GSE220967,37260601,PMC10227372
200218751,GSE218751,37270643,PMC10239489
200218545,GSE218545,37528120,PMC10394034
200214817,GSE214817,36898846,PMC10236632
200206226,GSE206226,37020040,PMC10231978
200205419,GSE205419,37644036,PMC10465527
200190618,GSE190618,36840413,PMC10236617
200234201,GSE234201,37443183,PMC10344951
200226797,GSE226797,36982699,PMC10057398
200215187,GSE215187,37289547,PMC10388724
200192775,GSE192775,37200093,PMC10313367
200228077,GSE228077,37267914,PMC12356769
200222170,GSE222170,37468903,PMC10357658
200151893,GSE151893,34410499,PMC8373607
200151892,GSE151892,34410499,PMC8373607
200151891,GSE151891,34410499,PMC8373607
200228010,GSE228010,37258666,PMC10322706
200233617,GSE233617,38377149,PMC10906838
200233468,GSE233468,37333199;38265267,PMC10274685;PMC10863487
200230667,GSE230667,38586210,PMC10996034
200226957,GSE226957,37246777,PMC10547517
200222917,GSE222917,37723150,PMC10507087
200218320,GSE218320,36640339,PMC10023214
200210562,GSE210562,36428689,PMC9688551
200209887,GSE209887,36877164,PMC10192194
200202764,GSE202764,36301712,PMC9650711
200200120,GSE200120,37252797,PMC10313365
200176119,GSE176119,37381778,PMC10690890
200233745,GSE233745,37921547,PMC10872601
200233517,GSE233517,37558778;39811542,PMC10412564;PMC11732604
200233281,GSE233281,37325564,PMC10267411
200225264,GSE225264,37217794,PMC10203136
200221203,GSE221203,37235653,PMC10219591
200214899,GSE214899,38448751,PMC11058259
200213310,GSE213310,37351164,PMC10283056
200210320,GSE210320,36738481,PMC9931929
200189722,GSE189722,37146246;38914715,PMC11286515
200185896,GSE185896,37379316,PMC10335657
200181559,GSE181559,37246217,PMC10226260
200160534,GSE160534,37201585,PMC10300262
200227897,GSE227897,37158111,PMC10281256
200220172,GSE220172,37158111,PMC10281256
200233148,GSE233148,38512964,PMC11020935
200218526,GSE218526,37349312,PMC10287625
200225481,GSE225481,37352376;39676172,PMC10472100;PMC11648305
200233510,GSE233510,37497782,PMC10450196
200233454,GSE233454,37421947,PMC10394170
200182688,GSE182688,36282572;37327122,PMC9753996;PMC10582835
200152431,GSE152431,37271891,PMC10427370
200233376,GSE233376,37735617,PMC10643139
200233326,GSE233326,38688896,PMC11061154
200233302,GSE233302,37488172,PMC10366142
200229712,GSE229712,37203407,PMC10525038
200227449,GSE227449,37198207,PMC10192213
200211474,GSE211474,37454216,PMC10349869
200210948,GSE210948,36941223,PMC10190619
200130605,GSE130605,37205188;33234130,PMC10188209;PMC7686732
200125956,GSE125956,37183231,PMC10183461
200220306,GSE220306,36975376,PMC10245036
200220252,GSE220252,36975376,PMC10245036
200203231,GSE203231,37330596,PMC10348910
200185421,GSE185421,37407287,PMC10960568
200225984,GSE225984,37159666,PMC10163020
200223275,GSE223275,37421947,PMC10394170
200215354,GSE215354,37468459,PMC10356808
200215352,GSE215352,37468459,PMC10356808
200200546,GSE200546,37888615,PMC10631766
200175401,GSE175401,37467106,PMC12369075
200222277,GSE222277,37365497;37668846,PMC10294399;PMC10480386
200185943,GSE185943,34657245,PMC10461790
200218222,GSE218222,37379838,PMC10527483
200167292,GSE167292,35051616,PMC9077312
200232592,GSE232592,38480981,PMC11393183
200230039,GSE230039,37180705,PMC10169565
200229114,GSE229114,37165028,PMC10172325
200224692,GSE224692,37175448,PMC10178141
200218221,GSE218221,37379838,PMC10527483
200217068,GSE217068,37377895,PMC10173889
200216728,GSE216728,37175611,PMC10178757
200214931,GSE214931,37169803;41023983,PMC10175545;PMC12482529
200210740,GSE210740,37180822,PMC10170244
200193036,GSE193036,37379838,PMC10527483
200192847,GSE192847,37379838,PMC10527483
200192846,GSE192846,37379838,PMC10527483
200192845,GSE192845,37379838,PMC10527483
200192844,GSE192844,37379838,PMC10527483
200232108,GSE232108,37194236,PMC10362418
200206552,GSE206552,37157887,PMC10352575
200204703,GSE204703,37202505,PMC10307777
200176534,GSE176534,36670046,PMC10174082
200176533,GSE176533,36670046,PMC10174082
200231942,GSE231942,37379335,PMC10335677
200229710,GSE229710,37467751,PMC11426993
200198289,GSE198289,37407562,PMC10322837
200220099,GSE220099,38822412,PMC11143599
200199274,GSE199274,37347559,PMC10378179
200232354,GSE232354,40686314,PMC12533367
200232305,GSE232305,37216282,PMC10390889
200231914,GSE231914,40781078,PMC12334614
200227276,GSE227276,37090516,PMC10120620
200226530,GSE226530,37205634,PMC10391328
200225735,GSE225735,37310791,PMC10443813
200214889,GSE214889,37205634,PMC10391328
200222758,GSE222758,38701619,PMC11088276
200232170,GSE232170,38051586,PMC10906458
200231762,GSE231762,37484809,PMC10357443
200214101,GSE214101,36734633,PMC10164114
200200857,GSE200857,36632736,PMC10153542
200194278,GSE194278,37152294,PMC10154691
200215259,GSE215259,37170094,PMC10173629
200215258,GSE215258,37170094,PMC10173629
200215257,GSE215257,37170094,PMC10173629
200213655,GSE213655,37150829,PMC10165825
200182410,GSE182410,37254625,PMC10410012
200175867,GSE175867,37128608,PMC10148121
200226759,GSE226759,37293282,PMC10244518
200207202,GSE207202,36916958,PMC10236639
200150029,GSE150029,33589750,PMC8102185
200230573,GSE230573,37293029;37760992,PMC10246234;PMC10526264
200224885,GSE224885,37161413,PMC10170761
200223514,GSE223514,37149697,PMC10164164
200210808,GSE210808,37139660,PMC10354410
200207330,GSE207330,37144468,PMC10325891
200228532,GSE228532,36765934,PMC9913240
200227014,GSE227014,37433783,PMC10336078
200223024,GSE223024,37140987,PMC10326635
200221804,GSE221804,37347298;38139463,PMC10287828;PMC10743977
200230352,GSE230352,37957624,PMC10642054
200226549,GSE226549,37108567,PMC10138523
200225945,GSE225945,37066392,PMC10104025
200223470,GSE223470,37160509,PMC10224850
200218451,GSE218451,37095099,PMC10125982
200215748,GSE215748,37186134,PMC10131295
200211282,GSE211282,37495688,PMC10749586
200206662,GSE206662,37102148,PMC10123345
200189941,GSE189941,37117173,PMC10147924
200224499,GSE224499,37301844,PMC10257648
200222814,GSE222814,37002311,PMC10066286
200222813,GSE222813,37002311,PMC10066286
200222812,GSE222812,37002311,PMC10066286
200222811,GSE222811,37002311,PMC10066286
200183754,GSE183754,37013051,PMC10066269
200227791,GSE227791,40330823,PMC12053153
200224599,GSE224599,37061003,PMC10200990
200220948,GSE220948,37228489,PMC10203545
200220677,GSE220677,38281188,PMC10954444
200204969,GSE204969,37607000,PMC10561729
200202069,GSE202069,35842234;37540187;40339599,PMC10789383;PMC12835729
200230609,GSE230609,37216554,PMC10235939
200230608,GSE230608,37216554,PMC10235939
200226283,GSE226283,37445678,PMC10342093
200226282,GSE226282,37445678,PMC10342093
200216452,GSE216452,37267414,PMC10439712
200214833,GSE214833,37379322,PMC10335695
200201996,GSE201996,37377594,PMC10291054
200201121,GSE201121,37567908,PMC10421936
200149556,GSE149556,37996430,PMC10667525
200207005,GSE207005,37349582,PMC11048738
200223554,GSE223554,37207275,PMC10189274
200218939,GSE218939,37400526,PMC10318066
200181837,GSE181837,37267946,PMC10592471
200227511,GSE227511,39931470,PMC11808503
200223380,GSE223380,37081536,PMC10116837
200222334,GSE222334,37090117,PMC10113697
200220613,GSE220613,37080995,PMC10119322
200219207,GSE219207,37069244,PMC10108816
200215750,GSE215750,37096022,PMC10119213
200199822,GSE199822,37266453,PMC10229898
200230174,GSE230174,37414748,PMC10325985
200228178,GSE228178,38009935,PMC10746160
200228158,GSE228158,38009935,PMC10746160
200205261,GSE205261,37129912,PMC10330305
200199698,GSE199698,36947815,PMC10447518
200205308,GSE205308,34965946;35954409;36191385;38783045,PMC9367561;PMC11116554
200163726,GSE163726,37359548,PMC10286830
200149265,GSE149265,34475402,PMC8413371
200230273,GSE230273,38326737,PMC10851537
200230283,GSE230283,37524969,PMC10702411
200230197,GSE230197,37243147,PMC10222578
200229650,GSE229650,37228746,PMC10203276
200223891,GSE223891,37079685,PMC10184553
200223890,GSE223890,37079685,PMC10184553
200223888,GSE223888,37079685,PMC10184553
200223887,GSE223887,37079685,PMC10184553
200229805,GSE229805,37163118;37456235,PMC10168214;PMC10348659
200226406,GSE226406,37067901,PMC10287063
200226389,GSE226389,37067901,PMC10287063
200225767,GSE225767,37116489,PMC10246400
200207253,GSE207253,37349586,PMC10690756
200198488,GSE198488,37076563,PMC10241923
200196921,GSE196921,37158258,PMC10325893
200196549,GSE196549,37205767,PMC10231436
200226990,GSE226990,37046668,PMC10093618
200225387,GSE225387,36877839,PMC10089184
200217684,GSE217684,36893266,PMC10089188
200207704,GSE207704,37059993,PMC10105442
200195631,GSE195631,36864748,PMC10201430
200189632,GSE189632,37032358,PMC10084643
200229742,GSE229742,37268609,PMC10238480
200229400,GSE229400,37388918,PMC10300607
200228571,GSE228571,37388918,PMC10300607
200229313,GSE229313,39372038,PMC11447529
200229312,GSE229312,39372038,PMC11447529
200229309,GSE229309,39372038,PMC11447529
200229308,GSE229308,39372038,PMC11447529
200229306,GSE229306,39372038,PMC11447529
200229305,GSE229305,39372038,PMC11447529
200229304,GSE229304,39372038,PMC11447529
200229303,GSE229303,39372038,PMC11447529
200226667,GSE226667,37343108,PMC10284557
200224249,GSE224249,37124288,PMC10131203
200210274,GSE210274,37217832,PMC10401103
200174670,GSE174670,37060086,PMC10105475
200229452,GSE229452,37094128,PMC10161095
200212619,GSE212619,37995182,PMC10809936
200228903,GSE228903,37326110,PMC10552691
200225920,GSE225920,37223471,PMC10202379
200195761,GSE195761,37117180,PMC10147683
200179743,GSE179743,37184661,PMC10130768
200218575,GSE218575,36805958,PMC12440294
200182833,GSE182833,36805958,PMC12440294
200114876,GSE114876,37259596,PMC10308372
200229333,GSE229333,39128424,PMC11367117
200225710,GSE225710,37100882,PMC10132433
200220040,GSE220040,37024465,PMC10079662
200217718,GSE217718,36454228,PMC10076952
200217717,GSE217717,36454228,PMC10076952
200229210,GSE229210,37781246,PMC10540236
200229205,GSE229205,37213231,PMC10197148
200229031,GSE229031,37175499,PMC10178772
200227698,GSE227698,37086619,PMC10214302
200211371,GSE211371,36990046,PMC10149623
200206436,GSE206436,37747887,PMC10553841
200193620,GSE193620,36201246,PMC9663158
200182830,GSE182830,37037902,PMC12657104
200182759,GSE182759,37037902,PMC12657104
200160515,GSE160515,37037902,PMC12657104
200156845,GSE156845,36201246,PMC9663158
200148552,GSE148552,33808771,PMC8003541
200226604,GSE226604,36941700,PMC10026484
200213993,GSE213993,37083495,PMC10121226
200209942,GSE209942,36011368,PMC9408536
200207685,GSE207685,37342880,PMC10398896
200206333,GSE206333,36967673;38474099,PMC10330468;PMC10931687
200197659,GSE197659,36810912,PMC10133394
200227811,GSE227811,37020039,PMC10202808
200201434,GSE201434,37012431;37160896,PMC10070455;PMC10170154
200199168,GSE199168,37088308,PMC10540088
200174708,GSE174708,37402719,PMC10319804
200174571,GSE174571,37402719,PMC10319804
200224715,GSE224715,36994207,PMC10042075
200223883,GSE223883,36982353,PMC10049485
200215235,GSE215235,36945054,PMC10031988
200214537,GSE214537,36863257,PMC9996234
200206493,GSE206493,37082139,PMC10112333
200160205,GSE160205,36961502,PMC10089660
200125256,GSE125256,36703078,PMC10050318
200223787,GSE223787,36980247,PMC10047333
200223759,GSE223759,36980794,PMC10046966
200218402,GSE218402,36646807,PMC10050078
200202884,GSE202884,36977660,PMC10050073
200202532,GSE202532,36907523,PMC10330865
200228524,GSE228524,37798251,PMC10555731
200226162,GSE226162,37777587,PMC10543387
200228419,GSE228419,37782797,PMC10576122
200227335,GSE227335,37205917,PMC10189853
200217403,GSE217403,37953462,PMC10787103
200214319,GSE214319,37217509,PMC10203345
200228497,GSE228497,37142563,PMC10160047
200226307,GSE226307,36985425,PMC10051992
200223804,GSE223804,37731500,PMC10507244
200221327,GSE221327,37063293,PMC10103842
200217749,GSE217749,38262412,PMC10897519
200209521,GSE209521,37038094,PMC10238178
200200948,GSE200948,37094986,PMC10152059
200200627,GSE200627,35798240,PMC9529910
200190294,GSE190294,39023520,PMC11257678
200228582,GSE228582,37091166,PMC10118028
200228243,GSE228243,38272925,PMC10810843
200227802,GSE227802,37425921,PMC10327164
200221971,GSE221971,36792756;39043634,PMC10063447;PMC11266590
200221714,GSE221714,36795488,PMC10070110
200213141,GSE213141,36980717,PMC10046547
200211563,GSE211563,37101292,PMC10131372
200203236,GSE203236,37123243,PMC10139981
200199856,GSE199856,37140208,PMC10330100
200207649,GSE207649,36987696,PMC10165358
200201137,GSE201137,37036970,PMC10120025
200228528,GSE228528,37928520,PMC10622787
200228188,GSE228188,38619967,PMC11170631
200222493,GSE222493,37026485,PMC10287901
200212883,GSE212883,36610719,PMC10036105
200211433,GSE211433,36450103,PMC9830641
200210911,GSE210911,36966162,PMC10039922
200207650,GSE207650,36987696,PMC10165358
200197555,GSE197555,36970205,PMC10031260
200183636,GSE183636,36598365;37781575,PMC10240397;PMC10541123
200183609,GSE183609,36598365;37781575,PMC10240397;PMC10541123
200219181,GSE219181,37070602,PMC10250242
200192489,GSE192489,37069142,PMC10110550
200228234,GSE228234,38271085,PMC10972597
200210045,GSE210045,36794620,PMC10074077
200186791,GSE186791,36794620,PMC10074077
200099704,GSE99704,37213235,PMC10199266
200193155,GSE193155,35966596,PMC9373808
200193154,GSE193154,35966596,PMC9373808
200193153,GSE193153,35966596,PMC9373808
200225138,GSE225138,36964168,PMC10039058
200196594,GSE196594,36944729,PMC10162941
200196593,GSE196593,36944729,PMC10162941
200196579,GSE196579,36944729,PMC10162941
200186145,GSE186145,37188691,PMC10185550
200221551,GSE221551,38773399,PMC11106987
200211651,GSE211651,36888719,PMC9995073
200222817,GSE222817,37405924,PMC10345188
200221793,GSE221793,36934090,PMC10024699
200214583,GSE214583,37041154,PMC10090190
200210582,GSE210582,37405924,PMC10345188
200207871,GSE207871,36683218,PMC10015868
200197844,GSE197844,36918934,PMC10012465
200192839,GSE192839,36867943,PMC10011425
200188533,GSE188533,36048765,PMC10012924
200227812,GSE227812,37393564,PMC10316737
200227592,GSE227592,37017521,PMC10134826
200222216,GSE222216,36864190,PMC10337234
200198419,GSE198419,36864190,PMC10337234
200227554,GSE227554,38653977,PMC11039679
200227378,GSE227378,37051592,PMC10083302
200227315,GSE227315,38741073,PMC11092100
200216043,GSE216043,37024667,PMC10241889
200207453,GSE207453,37019933,PMC10076346
200207167,GSE207167,37115930,PMC10146891
200227469,GSE227469,37106027;39409192;39872529,PMC10140281;PMC11476974;PMC11770038
200226941,GSE226941,40169553,PMC11962090
200226863,GSE226863,40169553,PMC11962090
200196927,GSE196927,36856111,PMC9974104
200224734,GSE224734,36951687,PMC10233356
200222890,GSE222890,36919699,PMC10014113
200207982,GSE207982,37087499,PMC10122670
200203518,GSE203518,36924503,PMC10132239
200224302,GSE224302,37149684,PMC10163863
200208616,GSE208616,37198486,PMC11089809
200207514,GSE207514,37044095,PMC10140479
200186169,GSE186169,37044092,PMC10140599
200226408,GSE226408,36993823,PMC10042642
200224082,GSE224082,37082446,PMC10111022
200218668,GSE218668,36891511,PMC9986276
200215785,GSE215785,37137901,PMC10156813
200210387,GSE210387,36894542;40239645,PMC9998619;PMC12147845
200181604,GSE181604,37134154,PMC10327536
200158015,GSE158015,36805688,PMC9941105
200112219,GSE112219,37344645,PMC10284692
200226982,GSE226982,37007025,PMC10063822
200224548,GSE224548,36763002,PMC10150294
200213545,GSE213545,36793594,PMC9924231
200188644,GSE188644,37286593,PMC10322720
200226617,GSE226617,36993734,PMC10055071
200185866,GSE185866,37101794,PMC10124545
200221429,GSE221429,36937440,PMC10016690
200216568,GSE216568,38007473,PMC10676390
200216567,GSE216567,38007473,PMC10676390
200216566,GSE216566,38007473,PMC10676390
200203362,GSE203362,37075701,PMC10140619
200226734,GSE226734,37024492,PMC10079670
200226664,GSE226664,37860756,PMC10582486
200220446,GSE220446,37225988,PMC10330936
200219166,GSE219166,36991492,PMC10053147
200216446,GSE216446,37025992,PMC10071028
200201563,GSE201563,36831511,PMC9954024
200226436,GSE226436,38803235,PMC11109482
200218227,GSE218227,36480300,PMC9977313
200216126,GSE216126,36810084,PMC9945734
200197062,GSE197062,36874405,PMC9980915
200193566,GSE193566,35947123,PMC9986713
200225064,GSE225064,37076617,PMC10494520
200224870,GSE224870,36939385,PMC10236151
200224869,GSE224869,36939385,PMC10236151
200204753,GSE204753,36928090,PMC10065067
200200167,GSE200167,36997534,PMC10063626
200212648,GSE212648,40628771,PMC12238253
200223730,GSE223730,37067905,PMC10150290
200223729,GSE223729,37067905,PMC10150290
200223728,GSE223728,37067905,PMC10150290
200222284,GSE222284,36864028,PMC9981766
200201056,GSE201056,36847778,PMC10152236
200181162,GSE181162,35640920,PMC9825332
200224107,GSE224107,36828454,PMC9967916
200224105,GSE224105,36828454,PMC9967916
200223682,GSE223682,36923642,PMC10009272
200223681,GSE223681,36923642,PMC10009272
200218060,GSE218060,36765607,PMC9913791
200217550,GSE217550,36778300;38623630,PMC9915804;PMC11365010
200152185,GSE152185,36740715,PMC9900953
200226136,GSE226136,37015223,PMC10151063
200224991,GSE224991,36835153;37686244;38279317;40725045,PMC9960582;PMC10487975;PMC10816284;PMC12295379
200222932,GSE222932,36928921,PMC10233355
200221265,GSE221265,36831504,PMC9954515
200210393,GSE210393,36921044,PMC10017050
200209837,GSE209837,36749725;37140445,PMC9962931;PMC10326602
200206357,GSE206357,36850002,PMC9972689
200199414,GSE199414,36841751,PMC9960622
200184611,GSE184611,36847506,PMC10238656
200152091,GSE152091,36959276,PMC10036655
200226069,GSE226069,34656143,PMC8520275
200223298,GSE223298,36765641,PMC9913490
200223103,GSE223103,37402719,PMC10319804
200221752,GSE221752,36949154;40162972,PMC10169647;PMC12209774
200207274,GSE207274,36765586,PMC9913151
200206503,GSE206503,37024475,PMC10079833
200206502,GSE206502,37024475,PMC10079833
200206501,GSE206501,37024475,PMC10079833
200201321,GSE201321,37224259,PMC10208568
200194213,GSE194213,36849558,PMC10014585
200173483,GSE173483,36864036,PMC9981735
200193200,GSE193200,37224962,PMC10404622
200185139,GSE185139,36839713,PMC9965446
200197816,GSE197816,37096036,PMC10121464
200149397,GSE149397,36842241,PMC9988660
200215214,GSE215214,37400936;38678957,PMC10318715
200214471,GSE214471,36808651;38965605,PMC10280150;PMC11225384
200216626,GSE216626,36744875,PMC10061278
200199838,GSE199838,36792603,PMC9932062
200190239,GSE190239,36797228,PMC9935627
200190178,GSE190178,36398965,PMC9938728
200182593,GSE182593,36797228,PMC9935627
200169289,GSE169289,36797228,PMC9935627
200169287,GSE169287,36797228,PMC9935627
200213156,GSE213156,36803359,PMC9943069
200202529,GSE202529,36806717,PMC9941101
200202524,GSE202524,36806717,PMC9941101
200198777,GSE198777,36810913,PMC10133251
200221954,GSE221954,36835575,PMC9959880
200220803,GSE220803,36980293,PMC10047149
200217428,GSE217428,36834787,PMC9965631
200148385,GSE148385,35866661,PMC10666726
200145560,GSE145560,37528470,PMC10394822
200163088,GSE163088,36973285,PMC10042811
200199376,GSE199376,38416830;36804058,PMC10901371;PMC10088869
200182647,GSE182647,36820829,PMC9998965
200178267,GSE178267,36790391,PMC10159921
200225003,GSE225003,36973243,PMC10042869
200224740,GSE224740,37766669,PMC10701619
200224730,GSE224730,36973430,PMC10320414
200221950,GSE221950,38416830,PMC10901371
200220097,GSE220097,36768509,PMC9916479
200218256,GSE218256,36768931,PMC9916813
200217366,GSE217366,36753549,PMC9908025
200213797,GSE213797,36427020,PMC9907047
200201311,GSE201311,36934105,PMC10024721
200200260,GSE200260,36765030,PMC9918532
200200259,GSE200259,36765030,PMC9918532
200159473,GSE159473,36750933,PMC9906866
200149334,GSE149334,37244935,PMC10224928
200149324,GSE149324,37244935,PMC10224928
200220942,GSE220942,36725887,PMC10020086
200203642,GSE203642,37202476,PMC10442230
200178127,GSE178127,36763664,PMC9916992
200224882,GSE224882,37674118,PMC10481509
200221562,GSE221562,38474004,PMC10932461
200179728,GSE179728,34787459;37193066;38410462;39655935,PMC8826805;PMC10134197;PMC10896338;PMC11708059
200209896,GSE209896,36888606,PMC9994711
200102553,GSE102553,37015919,PMC10073109
200211440,GSE211440,36869665,PMC10123092
200200206,GSE200206,36918565,PMC10015053
200224681,GSE224681,36960065,PMC10028613
200212326,GSE212326,36831273,PMC9953995
200207182,GSE207182,36857322,PMC9977000
200222349,GSE222349,36973442,PMC10522050
200222348,GSE222348,36973442,PMC10522050
200217746,GSE217746,36674619,PMC9865623
200214245,GSE214245,36711898;37744032,PMC9882399;PMC10514451
200213092,GSE213092,36748835,PMC10166950
200201740,GSE201740,36726110,PMC9890748
200199811,GSE199811,36973442,PMC10522050
200197487,GSE197487,36780189,PMC10150249
200196320,GSE196320,36596853,PMC9898510
200215309,GSE215309,36845138,PMC9948397
200213269,GSE213269,36711964;38774470,PMC9881972;PMC11106029
200208679,GSE208679,36691066,PMC9869543
200205356,GSE205356,36696357,PMC10089698
200220776,GSE220776,37009655,PMC10183818
200220591,GSE220591,36858798,PMC9979842
200203517,GSE203517,36762421,PMC10068322
200151605,GSE151605,36936029,PMC10018273
200224514,GSE224514,38137006,PMC10743217
200144304,GSE144304,36820956;37430322;37191430,PMC10651666;PMC10332038;PMC10187708
200197465,GSE197465,36223343,PMC9555630
200224056,GSE224056,39580962,PMC11625214
200222353,GSE222353,36691073,PMC9869538
200215364,GSE215364,36585921,PMC9831722
200214751,GSE214751,36713447,PMC9880309
200214322,GSE214322,36794732,PMC10018333
200203435,GSE203435,36690660,PMC9870911
200198697,GSE198697,36868311,PMC10141529
200179658,GSE179658,36448247,PMC9870747
200179657,GSE179657,36448247,PMC9870747
200178864,GSE178864,36809527,PMC9942993
200172441,GSE172441,36877894,PMC10315622
200145272,GSE145272,35983249,PMC9381283
200218276,GSE218276,37397079;37750583;40382596;41053798,PMC10308004;PMC10727235;PMC12084991;PMC12502420
200195952,GSE195952,37040510;38886351,PMC10076022;PMC11183041
200223718,GSE223718,37299011,PMC10254915
200211450,GSE211450,37038004,PMC10867901
200211448,GSE211448,37038004,PMC10867901
200206470,GSE206470,36923505,PMC10010175
200196479,GSE196479,36455613,PMC10084473
200196477,GSE196477,36455613,PMC10084473
200190438,GSE190438,37024489,PMC10079688
200189054,GSE189054,36719743,PMC9974098
200198670,GSE198670,36662621,PMC10034851
200218527,GSE218527,36749880,PMC10106446
200223661,GSE223661,36849569,PMC9971191
200223396,GSE223396,36815831,PMC10062149
200223165,GSE223165,36795484,PMC10070116
200222515,GSE222515,36765632,PMC9913094
200221282,GSE221282,36674782,PMC9866425
200220916,GSE220916,36672163,PMC9856319
200218618,GSE218618,36671500,PMC9855408
200214668,GSE214668,36747009,PMC10040430
200213411,GSE213411,36710986,PMC9851840
200209894,GSE209894,36681663,PMC9867751
200217537,GSE217537,36413141,PMC9852064
200206027,GSE206027,36725335,PMC9896012
200168791,GSE168791,36914816,PMC11090616
200222702,GSE222702,36831670,PMC9954103
200217810,GSE217810,36650715,PMC10257427
200184427,GSE184427,36374194,PMC9905319
200223195,GSE223195,36986483,PMC10055708
200194251,GSE194251,36707636,PMC10050422
200223064,GSE223064,37138086;40404658,PMC10191851;PMC12098748
200222982,GSE222982,36922678,PMC10154218
200215316,GSE215316,37029109,PMC10082046
200220759,GSE220759,41554880,PMC12901986
200211398,GSE211398,36812168,PMC9946261
200207359,GSE207359,37291514,PMC10251551
200201514,GSE201514,36715448,PMC9975943
200221532,GSE221532,36779660,PMC10086583
200219209,GSE219209,36631436,PMC9834230
200194307,GSE194307,36639375,PMC9839707
200176062,GSE176062,36781122,PMC10124907
200222769,GSE222769,37749132,PMC10520073
200221082,GSE221082,36672296,PMC9856939
200210499,GSE210499,36672507,PMC9856774
200210498,GSE210498,36672507,PMC9856774
200221273,GSE221273,37767562,PMC11063839
200198460,GSE198460,36812891,PMC9975322
200218819,GSE218819,36697763,PMC10281864
200181828,GSE181828,36635503,PMC7614190
200222521,GSE222521,37138231,PMC10157937
200222386,GSE222386,36922594,PMC10060163
200222376,GSE222376,36657447,PMC9975229
200211945,GSE211945,36727462,PMC10085708
200209551,GSE209551,36928381,PMC10069918
200207912,GSE207912,36607308,PMC9830592
200206548,GSE206548,36307901,PMC9811444
200192475,GSE192475,35612556,PMC9437561
200190044,GSE190044,36608679,PMC9838187
200189995,GSE189995,36608679,PMC9838187
200159801,GSE159801,35612556,PMC9437561
200222402,GSE222402,38521502,PMC11021963
200222221,GSE222221,37689690,PMC10492836
200222187,GSE222187,36576605,PMC9797463
200218942,GSE218942,36614215,PMC9820968
200218902,GSE218902,36618549,PMC9811170
200213611,GSE213611,36620547,PMC9811817
200210373,GSE210373,36599925,PMC9813000
200204999,GSE204999,36544209,PMC9768916
200201735,GSE201735,36056599,PMC9807500
200196065,GSE196065,36604418;41350901,PMC9816119;PMC12784578
200186289,GSE186289,35876482;35325218,PMC9629450;PMC9713509
200182831,GSE182831,36604653;39252063,PMC9814439;PMC11382430
200157125,GSE157125,35941292,PMC9758052
200217552,GSE217552,36741386,PMC9889994
200213696,GSE213696,36741364,PMC9893774
200190722,GSE190722,36662812,PMC10071820
200195705,GSE195705,36813992,PMC10079532
200216876,GSE216876,37077651,PMC10106490
200213472,GSE213472,36608131,PMC9821863
200210006,GSE210006,36497336;39199652,PMC9736102;PMC11352239
200207410,GSE207410,36344675,PMC9734058
200207409,GSE207409,36344675,PMC9734058
200188584,GSE188584,36744959,PMC9972995
200133116,GSE133116,31996845,PMC7577741
200208018,GSE208018,36720985,PMC9889754
200114563,GSE114563,36652476,PMC9942844
200217567,GSE217567,36590171,PMC9800543
200210130,GSE210130,36733939,PMC9887525
200206845,GSE206845,36470870,PMC9722938
200200793,GSE200793,36310139,PMC9798977
200200792,GSE200792,36310139,PMC9798977
200196045,GSE196045,36572750,PMC9898032
200193993,GSE193993,36551669,PMC9777158
200190917,GSE190917,36578176,PMC9797767
200190079,GSE190079,36578176,PMC9797767
200221961,GSE221961,37095108,PMC10126012
200221173,GSE221173,37639465,PMC10491404
200221103,GSE221103,37639465,PMC10491404
200221934,GSE221934,37595040,PMC10438466
200221563,GSE221563,36713444,PMC9880221
200204980,GSE204980,36599352;38360609,PMC10870504
200221250,GSE221250,37089813,PMC10113877
200220156,GSE220156,36780531;39366383,PMC9974476;PMC11513854
200215263,GSE215263,38028203,PMC10661451
200198434,GSE198434,36645669,PMC10069959
200193411,GSE193411,36991126,PMC10929664
200162576,GSE162576,38326311,PMC10850509
200162575,GSE162575,38326311,PMC10850509
200162490,GSE162490,38326311,PMC10850509
200162488,GSE162488,38326311,PMC10850509
200162486,GSE162486,38326311,PMC10850509
200143694,GSE143694,33092114,PMC7593945
200221925,GSE221925,36733385;38786019,PMC9887047;PMC11119164
200221742,GSE221742,37500797,PMC10457189
200217132,GSE217132,36476868,PMC9807018
200212591,GSE212591,36380143,PMC9883157
200212201,GSE212201,36703790,PMC9871987
200208711,GSE208711,36638271,PMC9982580
200208089,GSE208089,36721776,PMC9884480
200198630,GSE198630,36732502,PMC9895061
200196557,GSE196557,36581993,PMC9798573
200196469,GSE196469,36867699,PMC9984177
200193382,GSE193382,36737605,PMC9898537
200191171,GSE191171,35158979,PMC8833784
200190449,GSE190449,37952025,PMC10640628
200182319,GSE182319,36563106,PMC9794006
200173306,GSE173306,36698412,PMC9869957
200159849,GSE159849,36672483,PMC9856933
200191275,GSE191275,37868053,PMC10586292
200218791,GSE218791,38007238,PMC10680002
200220285,GSE220285,36552757,PMC9776412
200216497,GSE216497,36529792,PMC9762028
200201050,GSE201050,36536381,PMC9762085
200199143,GSE199143,36563143,PMC9788768
200183458,GSE183458,36222718,PMC9772098
200221700,GSE221700,36577137,PMC10113176
200210385,GSE210385,36522719,PMC9753290
200210384,GSE210384,36522719,PMC9753290
200215351,GSE215351,38665902,PMC11041705
200214725,GSE214725,36587029,PMC9805448
200207760,GSE207760,36394953,PMC9843063
200217999,GSE217999,36657718,PMC10123523
200210560,GSE210560,36513723,PMC9748036
200201831,GSE201831,36516256,PMC9750140
200201299,GSE201299,35636512,PMC9243181
200200023,GSE200023,36755029,PMC9908899
200199361,GSE199361,36260562,PMC10076943
200196459,GSE196459,36656864,PMC9942916
200221435,GSE221435,40646558,PMC12255034
200195568,GSE195568,36453028,PMC10994244
200220716,GSE220716,36692427,PMC10159884
200206689,GSE206689,36692026,PMC9994476
200189133,GSE189133,36897777,PMC10164416
200220952,GSE220952,37018400,PMC10075970
200196452,GSE196452,36791206,PMC10394757
200217888,GSE217888,37296231,PMC10251336
200217979,GSE217979,36552843,PMC9777425
200214773,GSE214773,36707513,PMC9883437
200214342,GSE214342,36509998,PMC9898033
200206606,GSE206606,36446841,PMC9709075
200220614,GSE220614,36548402,PMC9929516
200205345,GSE205345,36536122,PMC10191840
200184829,GSE184829,36640353,PMC9983329
200212161,GSE212161,36482431,PMC9733339
200206667,GSE206667,36475791,PMC9728970
200205777,GSE205777,36497061,PMC9735512
200205161,GSE205161,36480571,PMC9731410
200199200,GSE199200,36445333,PMC9740379
200183297,GSE183297,36395771;40911784,PMC9731406;PMC12477665
200206020,GSE206020,36516770,PMC9994853
200199835,GSE199835,36609428,PMC9822887
200198398,GSE198398,36532738,PMC9751428
200182680,GSE182680,36490346,PMC9733937
200207471,GSE207471,36552785,PMC9777428
200202197,GSE202197,36709316,PMC9884267
200202093,GSE202093,36475797,PMC9728976
200200781,GSE200781,36746947,PMC9902469
200182144,GSE182144,36476474,PMC9812274
200175696,GSE175696,36476474,PMC9812274
200190699,GSE190699,36880649,PMC9995119
200220084,GSE220084,36818041,PMC9932530
200220083,GSE220083,37744266,PMC10513942
200190638,GSE190638,37468549,PMC10406836
200213872,GSE213872,36359204,PMC9687151
200208184,GSE208184,36438198,PMC9691391
200196354,GSE196354,36438487,PMC9691365
200177038,GSE177038,36439493,PMC9684669
200209863,GSE209863,36519896,PMC9888207
200220066,GSE220066,36611031,PMC9825391
200220063,GSE220063,36611031,PMC9825391
200220061,GSE220061,36611031,PMC9825391
200212013,GSE212013,36477467,PMC10182302
200207663,GSE207663,36550132,PMC9780246
200201826,GSE201826,36507874,PMC9900348
200179766,GSE179766,35263985,PMC9713562
200179636,GSE179636,35263985,PMC9713562
200175747,GSE175747,35541895,PMC9066098
200219257,GSE219257,36717749,PMC9970874
200216622,GSE216622,36717749,PMC9970874
200213564,GSE213564,39984049,PMC11957774
200206261,GSE206261,36469692,PMC9879295
200220016,GSE220016,22955616,PMC3439153
200220015,GSE220015,22955616,PMC3439153
200220014,GSE220014,22955616,PMC3439153
200220010,GSE220010,22955616,PMC3439153
200220004,GSE220004,22955616,PMC3439153
200220001,GSE220001,22955616,PMC3439153
200220000,GSE220000,22955616,PMC3439153
200219995,GSE219995,22955616,PMC3439153
200219993,GSE219993,22955616,PMC3439153
200219989,GSE219989,22955616,PMC3439153
200219982,GSE219982,22955616,PMC3439153
200219981,GSE219981,22955616,PMC3439153
200219976,GSE219976,22955616,PMC3439153
200219969,GSE219969,22955616,PMC3439153
200219967,GSE219967,22955616,PMC3439153
200219966,GSE219966,22955616,PMC3439153
200219964,GSE219964,22955616,PMC3439153
200219960,GSE219960,22955616,PMC3439153
200219958,GSE219958,22955616,PMC3439153
200219955,GSE219955,22955616,PMC3439153
200219954,GSE219954,22955616,PMC3439153
200219944,GSE219944,22955616,PMC3439153
200219943,GSE219943,22955616,PMC3439153
200219941,GSE219941,22955616,PMC3439153
200219940,GSE219940,22955616,PMC3439153
200219938,GSE219938,22955616,PMC3439153
200219937,GSE219937,22955616,PMC3439153
200219935,GSE219935,22955616,PMC3439153
200219934,GSE219934,22955616,PMC3439153
200219932,GSE219932,22955616,PMC3439153
200219931,GSE219931,22955616,PMC3439153
200219930,GSE219930,22955616,PMC3439153
200219923,GSE219923,22955616,PMC3439153
200219922,GSE219922,22955616,PMC3439153
200219920,GSE219920,22955616,PMC3439153
200219917,GSE219917,22955616,PMC3439153
200219916,GSE219916,22955616,PMC3439153
200219914,GSE219914,22955616,PMC3439153
200219912,GSE219912,22955616,PMC3439153
200219909,GSE219909,22955616,PMC3439153
200219906,GSE219906,22955616,PMC3439153
200219905,GSE219905,22955616,PMC3439153
200219902,GSE219902,22955616,PMC3439153
200219901,GSE219901,22955616,PMC3439153
200219897,GSE219897,22955616,PMC3439153
200219895,GSE219895,22955616,PMC3439153
200219894,GSE219894,22955616,PMC3439153
200219892,GSE219892,22955616,PMC3439153
200219889,GSE219889,22955616,PMC3439153
200219885,GSE219885,22955616,PMC3439153
200219882,GSE219882,22955616,PMC3439153
200219879,GSE219879,22955616,PMC3439153
200219877,GSE219877,22955616,PMC3439153
200219876,GSE219876,22955616,PMC3439153
200219874,GSE219874,22955616,PMC3439153
200219872,GSE219872,22955616,PMC3439153
200219869,GSE219869,22955616,PMC3439153
200219868,GSE219868,22955616,PMC3439153
200219867,GSE219867,22955616,PMC3439153
200219866,GSE219866,22955616,PMC3439153
200219864,GSE219864,22955616,PMC3439153
200219863,GSE219863,22955616,PMC3439153
200219862,GSE219862,22955616,PMC3439153
200219856,GSE219856,22955616,PMC3439153
200219855,GSE219855,22955616,PMC3439153
200219854,GSE219854,22955616,PMC3439153
200219852,GSE219852,22955616,PMC3439153
200219851,GSE219851,22955616,PMC3439153
200219847,GSE219847,22955616,PMC3439153
200219846,GSE219846,22955616,PMC3439153
200219828,GSE219828,22955616,PMC3439153
200219826,GSE219826,22955616,PMC3439153
200219821,GSE219821,22955616,PMC3439153
200219816,GSE219816,22955616,PMC3439153
200219810,GSE219810,22955616,PMC3439153
200219805,GSE219805,22955616,PMC3439153
200219804,GSE219804,22955616,PMC3439153
200219797,GSE219797,22955616,PMC3439153
200219792,GSE219792,22955616,PMC3439153
200219789,GSE219789,22955616,PMC3439153
200219786,GSE219786,22955616,PMC3439153
200219783,GSE219783,22955616,PMC3439153
200219780,GSE219780,22955616,PMC3439153
200219775,GSE219775,22955616,PMC3439153
200219774,GSE219774,22955616,PMC3439153
200219773,GSE219773,22955616,PMC3439153
200219772,GSE219772,22955616,PMC3439153
200219769,GSE219769,22955616,PMC3439153
200219766,GSE219766,22955616,PMC3439153
200219755,GSE219755,22955616,PMC3439153
200219753,GSE219753,22955616,PMC3439153
200219751,GSE219751,22955616,PMC3439153
200219741,GSE219741,22955616,PMC3439153
200219740,GSE219740,22955616,PMC3439153
200219737,GSE219737,22955616,PMC3439153
200219729,GSE219729,22955616,PMC3439153
200219728,GSE219728,22955616,PMC3439153
200219727,GSE219727,22955616,PMC3439153
200219726,GSE219726,22955616,PMC3439153
200219720,GSE219720,22955616,PMC3439153
200219719,GSE219719,22955616,PMC3439153
200219714,GSE219714,22955616,PMC3439153
200219710,GSE219710,22955616,PMC3439153
200219707,GSE219707,22955616,PMC3439153
200219706,GSE219706,22955616,PMC3439153
200219704,GSE219704,22955616,PMC3439153
200219702,GSE219702,22955616,PMC3439153
200219699,GSE219699,22955616,PMC3439153
200219698,GSE219698,22955616,PMC3439153
200219697,GSE219697,22955616,PMC3439153
200219696,GSE219696,22955616,PMC3439153
200219695,GSE219695,22955616,PMC3439153
200219692,GSE219692,22955616,PMC3439153
200219690,GSE219690,22955616,PMC3439153
200219688,GSE219688,22955616,PMC3439153
200219687,GSE219687,22955616,PMC3439153
200219686,GSE219686,22955616,PMC3439153
200219683,GSE219683,22955616,PMC3439153
200219680,GSE219680,22955616,PMC3439153
200219676,GSE219676,22955616,PMC3439153
200219669,GSE219669,22955616,PMC3439153
200219664,GSE219664,22955616,PMC3439153
200219663,GSE219663,22955616,PMC3439153
200219662,GSE219662,22955616,PMC3439153
200219659,GSE219659,22955616,PMC3439153
200219656,GSE219656,22955616,PMC3439153
200219652,GSE219652,22955616,PMC3439153
200219650,GSE219650,22955616,PMC3439153
200219649,GSE219649,22955616,PMC3439153
200219647,GSE219647,22955616,PMC3439153
200219642,GSE219642,22955616,PMC3439153
200219640,GSE219640,22955616,PMC3439153
200219638,GSE219638,22955616,PMC3439153
200219637,GSE219637,22955616,PMC3439153
200219636,GSE219636,22955616,PMC3439153
200219633,GSE219633,22955616,PMC3439153
200219629,GSE219629,22955616,PMC3439153
200219627,GSE219627,22955616,PMC3439153
200219624,GSE219624,22955616,PMC3439153
200219623,GSE219623,22955616,PMC3439153
200219622,GSE219622,22955616,PMC3439153
200219617,GSE219617,22955616,PMC3439153
200219615,GSE219615,22955616,PMC3439153
200219609,GSE219609,22955616,PMC3439153
200219607,GSE219607,22955616,PMC3439153
200219606,GSE219606,22955616,PMC3439153
200219605,GSE219605,22955616,PMC3439153
200219603,GSE219603,22955616,PMC3439153
200219601,GSE219601,22955616,PMC3439153
200219600,GSE219600,22955616,PMC3439153
200219599,GSE219599,22955616,PMC3439153
200219596,GSE219596,22955616,PMC3439153
200219594,GSE219594,22955616,PMC3439153
200219593,GSE219593,22955616,PMC3439153
200219588,GSE219588,22955616,PMC3439153
200219587,GSE219587,22955616,PMC3439153
200219583,GSE219583,22955616,PMC3439153
200219579,GSE219579,22955616,PMC3439153
200219577,GSE219577,22955616,PMC3439153
200219575,GSE219575,22955616,PMC3439153
200219573,GSE219573,22955616,PMC3439153
200219572,GSE219572,22955616,PMC3439153
200219566,GSE219566,22955616,PMC3439153
200219565,GSE219565,22955616,PMC3439153
200219560,GSE219560,22955616,PMC3439153
200219557,GSE219557,22955616,PMC3439153
200219544,GSE219544,22955616,PMC3439153
200219543,GSE219543,22955616,PMC3439153
200219539,GSE219539,22955616,PMC3439153
200219538,GSE219538,22955616,PMC3439153
200219537,GSE219537,22955616,PMC3439153
200219535,GSE219535,22955616,PMC3439153
200219534,GSE219534,22955616,PMC3439153
200219531,GSE219531,22955616,PMC3439153
200219526,GSE219526,22955616,PMC3439153
200219523,GSE219523,22955616,PMC3439153
200219519,GSE219519,22955616,PMC3439153
200219513,GSE219513,22955616,PMC3439153
200219511,GSE219511,22955616,PMC3439153
200219504,GSE219504,22955616,PMC3439153
200219503,GSE219503,22955616,PMC3439153
200219502,GSE219502,22955616,PMC3439153
200219501,GSE219501,22955616,PMC3439153
200219497,GSE219497,22955616,PMC3439153
200219495,GSE219495,22955616,PMC3439153
200219494,GSE219494,22955616,PMC3439153
200219486,GSE219486,22955616,PMC3439153
200219485,GSE219485,22955616,PMC3439153
200219482,GSE219482,22955616,PMC3439153
200219481,GSE219481,22955616,PMC3439153
200219480,GSE219480,22955616,PMC3439153
200219479,GSE219479,22955616,PMC3439153
200219476,GSE219476,22955616,PMC3439153
200219474,GSE219474,22955616,PMC3439153
200219473,GSE219473,22955616,PMC3439153
200219470,GSE219470,22955616,PMC3439153
200219469,GSE219469,22955616,PMC3439153
200219468,GSE219468,22955616,PMC3439153
200219467,GSE219467,22955616,PMC3439153
200219464,GSE219464,22955616,PMC3439153
200219460,GSE219460,22955616,PMC3439153
200219459,GSE219459,22955616,PMC3439153
200219454,GSE219454,22955616,PMC3439153
200219453,GSE219453,22955616,PMC3439153
200219451,GSE219451,22955616,PMC3439153
200219447,GSE219447,22955616,PMC3439153
200219442,GSE219442,22955616,PMC3439153
200219437,GSE219437,22955616,PMC3439153
200219433,GSE219433,22955616,PMC3439153
200219431,GSE219431,22955616,PMC3439153
200219430,GSE219430,22955616,PMC3439153
200219426,GSE219426,22955616,PMC3439153
200219425,GSE219425,22955616,PMC3439153
200219421,GSE219421,22955616,PMC3439153
200219420,GSE219420,22955616,PMC3439153
200219419,GSE219419,22955616,PMC3439153
200219414,GSE219414,22955616,PMC3439153
200219410,GSE219410,22955616,PMC3439153
200219409,GSE219409,22955616,PMC3439153
200219405,GSE219405,22955616,PMC3439153
200219403,GSE219403,22955616,PMC3439153
200219402,GSE219402,22955616,PMC3439153
200219401,GSE219401,22955616,PMC3439153
200219397,GSE219397,22955616,PMC3439153
200219395,GSE219395,22955616,PMC3439153
200219393,GSE219393,22955616,PMC3439153
200219391,GSE219391,22955616,PMC3439153
200219389,GSE219389,22955616,PMC3439153
200219387,GSE219387,22955616,PMC3439153
200219386,GSE219386,22955616,PMC3439153
200219382,GSE219382,22955616,PMC3439153
200219379,GSE219379,22955616,PMC3439153
200219378,GSE219378,22955616,PMC3439153
200219375,GSE219375,22955616,PMC3439153
200219374,GSE219374,22955616,PMC3439153
200219372,GSE219372,22955616,PMC3439153
200219370,GSE219370,22955616,PMC3439153
200219369,GSE219369,22955616,PMC3439153
200219368,GSE219368,22955616,PMC3439153
200219367,GSE219367,22955616,PMC3439153
200219366,GSE219366,22955616,PMC3439153
200219363,GSE219363,22955616,PMC3439153
200219361,GSE219361,22955616,PMC3439153
200219360,GSE219360,22955616,PMC3439153
200219357,GSE219357,22955616,PMC3439153
200219356,GSE219356,22955616,PMC3439153
200219354,GSE219354,22955616,PMC3439153
200219353,GSE219353,22955616,PMC3439153
200219341,GSE219341,22955616,PMC3439153
200219340,GSE219340,22955616,PMC3439153
200219339,GSE219339,22955616,PMC3439153
200219334,GSE219334,22955616,PMC3439153
200219333,GSE219333,22955616,PMC3439153
200219331,GSE219331,22955616,PMC3439153
200219326,GSE219326,22955616,PMC3439153
200219325,GSE219325,22955616,PMC3439153
200219323,GSE219323,22955616,PMC3439153
200219322,GSE219322,22955616,PMC3439153
200219313,GSE219313,22955616,PMC3439153
200219310,GSE219310,22955616,PMC3439153
200219307,GSE219307,22955616,PMC3439153
200219305,GSE219305,22955616,PMC3439153
200219304,GSE219304,22955616,PMC3439153
200219303,GSE219303,22955616,PMC3439153
200219302,GSE219302,22955616,PMC3439153
200219300,GSE219300,22955616,PMC3439153
200219298,GSE219298,22955616,PMC3439153
200203215,GSE203215,37081973,PMC10112511
200219251,GSE219251,36450385,PMC9717375
200219044,GSE219044,36480167,PMC9978888
200217305,GSE217305,36845400,PMC9953141
200218871,GSE218871,36982223,PMC10049738
200213896,GSE213896,36543378,PMC9772695
200211809,GSE211809,36197962,PMC9926934
200210693,GSE210693,36270630,PMC9662185
200210316,GSE210316,36454826,PMC10196940
200207194,GSE207194,36717657;39844661,PMC10066387;PMC11760230
200205553,GSE205553,38286993,PMC10825125
200203199,GSE203199,36387443,PMC9663857
200203120,GSE203120,38885349,PMC11450372
200196710,GSE196710,36433934,PMC9700717
200196035,GSE196035,36922589,PMC10157896
200191257,GSE191257,36371909,PMC9664554
200216003,GSE216003,36439127,PMC9686385
200212889,GSE212889,36644159,PMC9811623
200188857,GSE188857,36283829,PMC9808569
200182922,GSE182922,36210597,PMC10024925
200207322,GSE207322,36183831,PMC9636578
200206466,GSE206466,36273819,PMC9638919
200190816,GSE190816,36445063,PMC9875608
200159072,GSE159072,36447001,PMC9708825
200210355,GSE210355,36423637;39802764,PMC9748337;PMC11722502
200200435,GSE200435,36469363,PMC9896025
200218693,GSE218693,37280220,PMC10244450
200218458,GSE218458,39119237,PMC11306988
200218021,GSE218021,38028209,PMC10652209
200215997,GSE215997,36646721,PMC9842736
200217206,GSE217206,36760809,PMC9905101
200213527,GSE213527,36435867,PMC9701206
200208544,GSE208544,36544755,PMC9760670
200218366,GSE218366,37041150,PMC10090121
200213064,GSE213064,36476366,PMC9727912
200211466,GSE211466,36413415,PMC9869969
200210110,GSE210110,36378541,PMC9898120
200210104,GSE210104,36378541,PMC9898120
200210101,GSE210101,36378541,PMC9898120
200208678,GSE208678,36407113,PMC9669761
200202873,GSE202873,36306422,PMC9669233
200184722,GSE184722,36259929,PMC9900322
200184721,GSE184721,36259929,PMC9900322
200171629,GSE171629,36538894,PMC10002472
200171626,GSE171626,36538894,PMC10002472
200218399,GSE218399,37746636,PMC10516711
200218167,GSE218167,36420735,PMC10108171
200205646,GSE205646,36609400,PMC9823104
200211638,GSE211638,36408179,PMC9669968
200193300,GSE193300,36846090,PMC9949381
200185700,GSE185700,36376362,PMC9663437
200171115,GSE171115,36461076,PMC9716733
200218124,GSE218124,40366160,PMC12077211
200217991,GSE217991,36570773,PMC9771722
200201000,GSE201000,36460671,PMC9718767
200213560,GSE213560,36307394,PMC9616843
200217785,GSE217785,36601741,PMC9869724
200188728,GSE188728,36801810,PMC9939006
200188727,GSE188727,36801810,PMC9939006
200188726,GSE188726,36801810,PMC9939006
200179585,GSE179585,35789380,PMC9437570
200214872,GSE214872,36358818,PMC9657203
200213586,GSE213586,36358761,PMC9658092
200208218,GSE208218,36505804,PMC9729799
200199825,GSE199825,36261012,PMC9652615
200196418,GSE196418,36412091,PMC9681209
200190636,GSE190636,36344487,PMC9640638
200186930,GSE186930,36261010,PMC9642966
200185939,GSE185939,36399508,PMC9723631
200160853,GSE160853,36361992,PMC9655562
200154689,GSE154689,36670102,PMC9859827
200213697,GSE213697,36384095,PMC9729824
200200204,GSE200204,36384128,PMC9869179
200188212,GSE188212,36457077,PMC9716731
200140526,GSE140526,32440143,PMC7210466
200217646,GSE217646,36399634,PMC9898162
200217423,GSE217423,34739849,PMC8693622
200217421,GSE217421,34739849;37101545;39261481,PMC8693622;PMC10123273;PMC11390749
200198576,GSE198576,36358672,PMC9655972
200217585,GSE217585,36848231,PMC9989506
200217319,GSE217319,36450752,PMC9712620
200175803,GSE175803,36514940,PMC9841328
200217386,GSE217386,36586240;37197417;37434223,PMC10183591;PMC10334619
200215420,GSE215420,36476408,PMC9728993
200217231,GSE217231,36539532,PMC9765382
200217211,GSE217211,36539415,PMC9767928
200207233,GSE207233,36215477,PMC9586329
200181519,GSE181519,36302855,PMC9715639
200211167,GSE211167,36121736,PMC9627137
200204710,GSE204710,36333382,PMC9636203
200204708,GSE204708,36333382,PMC9636203
200204707,GSE204707,36333382,PMC9636203
200202362,GSE202362,36224471,PMC9637061
200201309,GSE201309,36339620;41550167,PMC9634663;PMC12709986
200197906,GSE197906,36479125,PMC9720269
200193634,GSE193634,35997635,PMC9633386
200192724,GSE192724,36377873,PMC9749464
200165429,GSE165429,36646704,PMC9842760
200156603,GSE156603,36338541,PMC9629447
200217359,GSE217359,37992684,PMC10694768
200208731,GSE208731,36463288,PMC9719475
200206999,GSE206999,36329620,PMC10028153
200200902,GSE200902,36351894,PMC9646854
200199472,GSE199472,36318113,PMC9898143
200193019,GSE193019,36332031,PMC9635827
200217281,GSE217281,36484736,PMC9898189
200212746,GSE212746,36352190,PMC9883168
200195842,GSE195842,36477312,PMC9825188
200216867,GSE216867,37182177,PMC10172585
200128418,GSE128418,36465103,PMC9708791
200217072,GSE217072,40879086,PMC12755121
200194350,GSE194350,39227744,PMC11387198
200180702,GSE180702,36438491,PMC9691358
200180147,GSE180147,36438491,PMC9691358
200216777,GSE216777,36596844,PMC9975039
200210287,GSE210287,36385142;36434392;38363297,PMC9668826;PMC9701140;PMC11061609
200202073,GSE202073,35606410,PMC9613692
200201270,GSE201270,36291764,PMC9599349
200199630,GSE199630,36310172,PMC9618214
200199088,GSE199088,35950923,PMC9588738
200195632,GSE195632,36291932,PMC9600477
200195624,GSE195624,36291932,PMC9600477
200194420,GSE194420,36291932,PMC9600477
200190249,GSE190249,35534547,PMC9613664
200163361,GSE163361,36409824,PMC9845989
200161523,GSE161523,35239512,PMC9012288
200216738,GSE216738,36581735,PMC9986885
200216537,GSE216537,37894327,PMC10605125
200213443,GSE213443,36194476,PMC9711876
200211618,GSE211618,36306790,PMC9772162
200206257,GSE206257,36175617,PMC9681737
200202231,GSE202231,36057593,PMC9440539
200199204,GSE199204,36306790,PMC9772162
200191148,GSE191148,36456590,PMC9715646
200188486,GSE188486,36681680,PMC9867739
200186244,GSE186244,37092726,PMC10195082
200183187,GSE183187,36088362;39713418,PMC9464188;PMC11661147
200216780,GSE216780,37635201,PMC10602580
200212312,GSE212312,36322817;37683180,PMC10111352;PMC10667349
200211730,GSE211730,36342298,PMC9683014
200206494,GSE206494,36208684,PMC10411618
200199800,GSE199800,36374194,PMC9905319
200199159,GSE199159,36563682,PMC9839614
200189643,GSE189643,36267874,PMC9569026
200186775,GSE186775,35096593;37900177,PMC8795899;PMC10603190
200182459,GSE182459,36459552,PMC10936054
200216711,GSE216711,36222846,PMC9751780
200216674,GSE216674,36425957,PMC9678964
200197221,GSE197221,36356584,PMC9753132
200216418,GSE216418,36505864,PMC9732546
200216330,GSE216330,36389809,PMC9664078
200210092,GSE210092,36251879,PMC10233242
200193473,GSE193473,36267332,PMC9576154
200126263,GSE126263,36473869,PMC9726987
200216490,GSE216490,36329628,PMC9972164
200208091,GSE208091,35951441,PMC9525122
200185831,GSE185831,36192394,PMC9530161
200216455,GSE216455,36508676,PMC9907101
200209801,GSE209801,36318118,PMC9851961
200201943,GSE201943,36266374,PMC9584952
200200421,GSE200421,36076232,PMC9454230
200199608,GSE199608,36262311,PMC9574507
200197346,GSE197346,36211815,PMC9535135
200181591,GSE181591,36371461,PMC9653407
200216289,GSE216289,36287107,PMC10285551
200216288,GSE216288,36287107,PMC10285551
200214657,GSE214657,36373729,PMC9811454
200211784,GSE211784,36481721,PMC9732310
200200509,GSE200509,36354374,PMC9845988
200196694,GSE196694,36293551,PMC9604090
200214475,GSE214475,36604548,PMC9892007
200214292,GSE214292,36604548,PMC9892007
200201877,GSE201877,35459269,PMC9033877
200186936,GSE186936,36350827,PMC9820540
200215876,GSE215876,36619973,PMC9813790
200216067,GSE216067,36959559,PMC10035137
200215973,GSE215973,36426368,PMC9681149
200201642,GSE201642,36172132,PMC9516861
200206998,GSE206998,36405725,PMC9666480
200193855,GSE193855,36274161,PMC9590174
200215859,GSE215859,36322731,PMC9659340
200202560,GSE202560,36087682,PMC9563073
200191097,GSE191097,35918812,PMC9552307
200189545,GSE189545,36377663,PMC9663163
200186644,GSE186644,36124682,PMC9561272
200186643,GSE186643,36124682,PMC9561272
200215744,GSE215744,36581343,PMC9806671
200215407,GSE215407,36258226,PMC9578182
200214846,GSE214846,36353638,PMC9637590
200214212,GSE214212,36408932,PMC9757051
200212912,GSE212912,36253350,PMC9576728
200208543,GSE208543,36387080,PMC9659889
200206701,GSE206701,36342127,PMC9753727
200206699,GSE206699,36342127,PMC9753727
200206698,GSE206698,36342127,PMC9753727
200202363,GSE202363,36300939,PMC9683018
200166617,GSE166617,36305167,PMC9728058
200215838,GSE215838,37851577,PMC10710265
200215401,GSE215401,36805688,PMC9941105
200215308,GSE215308,36754452,PMC9923360
200212690,GSE212690,36269797,PMC9975668
200204671,GSE204671,36148888,PMC9529430
200196252,GSE196252,36107759,PMC9578714
200184654,GSE184654,36334593,PMC9729822
200182873,GSE182873,36243768,PMC9569368
200182872,GSE182872,36243768,PMC9569368
200215413,GSE215413,36969081,PMC10036843
200215114,GSE215114,36398861,PMC9728997
200206385,GSE206385,38412255,PMC10949348
200207398,GSE207398,36077675,PMC9454756
200169144,GSE169144,36713377,PMC9878562
200215095,GSE215095,37466203,PMC10631484
200214998,GSE214998,36408189,PMC9666679
200214992,GSE214992,36465485,PMC9710519
200212014,GSE212014,36256477,PMC9746806
200207820,GSE207820,36109518,PMC9477819
200199225,GSE199225,35760527,PMC9544746
200189495,GSE189495,35579852,PMC9533694
200172032,GSE172032,35975461,PMC9534967
200167546,GSE167546,36073547,PMC9536280
200215144,GSE215144,28400196;36466822,PMC5484733;PMC9709281
200215084,GSE215084,37770115,PMC10539465
200214831,GSE214831,37924145,PMC10623725
200214763,GSE214763,36325355,PMC9618812
200206199,GSE206199,36418319,PMC9684133
200206142,GSE206142,36418319,PMC9684133
200197931,GSE197931,36341435,PMC9629837
200185837,GSE185837,36102738,PMC9755957
200212666,GSE212666,36227281;38509407;39207122;40603285,PMC10013643;PMC10954959;PMC11726342;PMC12222647
200196217,GSE196217,36213965,PMC9827110
200196216,GSE196216,36213965,PMC9827110
200196215,GSE196215,36213965,PMC9827110
200178714,GSE178714,36207615,PMC9546935
200186239,GSE186239,36206767,PMC9588679
200214767,GSE214767,38594504,PMC11108777
200214766,GSE214766,38594504,PMC11108777
200206655,GSE206655,36604594,PMC10003829
200206653,GSE206653,36604594,PMC10003829
200179157,GSE179157,36348939,PMC9634437
200171444,GSE171444,36604594,PMC10003829
200214715,GSE214715,37748191,PMC10762338
200208041,GSE208041,36284713,PMC9582734
200203460,GSE203460,36305821,PMC9638940
200202717,GSE202717,36259947,PMC9827116
200192974,GSE192974,36171271,PMC7613766
200184734,GSE184734,36309522,PMC9617877
200214579,GSE214579,37275275,PMC10233889
200214378,GSE214378,36260981,PMC9589122
200205247,GSE205247,36171464,PMC9519820
200197644,GSE197644,36243002,PMC9533670
200185091,GSE185091,36053276,PMC9627135
200180399,GSE180399,36202613,PMC9553902
200212489,GSE212489,36142452,PMC9503934
200190929,GSE190929,36266345,PMC9584945
200147123,GSE147123,36477537,PMC9810360
200132953,GSE132953,36207293,PMC9546828
200214505,GSE214505,39567724,PMC11982217
200214213,GSE214213,36323248,PMC9647044
200200026,GSE200026,36181640,PMC9772002
200214457,GSE214457,37466203,PMC10631484
200189772,GSE189772,36179686,PMC7615013
200214117,GSE214117,36316773,PMC9620589
200210870,GSE210870,36171192,PMC9519755
200208084,GSE208084,35951441,PMC9525122
200203101,GSE203101,36574664,PMC9910433
200186226,GSE186226,36697384,PMC9876890
200186088,GSE186088,34862195,PMC9390741
200212775,GSE212775,36323262,PMC9647041
200207621,GSE207621,36504430,PMC9742381
200206724,GSE206724,36200046,PMC9527304
200198804,GSE198804,36194131,PMC9678429
200173383,GSE173383,36202915;37475161,PMC9630100;PMC10776113
200142247,GSE142247,36179046,PMC9549395
200125035,GSE125035,36248745,PMC9563539
200125034,GSE125034,36248745,PMC9563539
200124623,GSE124623,36248745,PMC9563539
200205252,GSE205252,36388517,PMC9646520
200184469,GSE184469,36471082,PMC9729108
200212232,GSE212232,36123339,PMC9485230
200205687,GSE205687,36159397,PMC9500443
200205432,GSE205432,36153321,PMC9509360
200205108,GSE205108,36581770,PMC10156599
200197426,GSE197426,36197978;38453939,PMC9534498;PMC10920751
200175463,GSE175463,36369429,PMC9652315
200158676,GSE158676,34628052,PMC8821960
200200446,GSE200446,36206200,PMC9772487
200193127,GSE193127,36170835,PMC9532847
200190319,GSE190319,37138342,PMC10155448
200183479,GSE183479,36581770,PMC10156599
200182179,GSE182179,36170811,PMC9552870
200213653,GSE213653,36509805,PMC9744871
200193671,GSE193671,35580333,PMC9327552
200190542,GSE190542,36156210,PMC9828415
200213857,GSE213857,36422257,PMC9692472
200209919,GSE209919,36131015,PMC9748853
200213615,GSE213615,36275751,PMC9585274
200192442,GSE192442,36197994,PMC9564215
200179250,GSE179250,36071064,PMC9452507
200174923,GSE174923,35849143,PMC9481728
200213714,GSE213714,36249071,PMC9554554
200210714,GSE210714,36271073,PMC9587301
200207209,GSE207209,36066972,PMC9714787
200196396,GSE196396,36329064,PMC9633729
200193298,GSE193298,36129197,PMC10036510
200185519,GSE185519,36112677,PMC9481139
200184567,GSE184567,36215168,PMC10237422
200181726,GSE181726,36136600,PMC9663156
200181176,GSE181176,36037515,PMC9701620
200173801,GSE173801,36109561,PMC9478127
200172512,GSE172512,36191188,PMC9565228
200213588,GSE213588,36409827,PMC9845987
200206242,GSE206242,36078127;38999963,PMC9454761;PMC11241600
200204825,GSE204825,36077757,PMC9454481
200201206,GSE201206,36085021,PMC9463800
200197576,GSE197576,35487218,PMC9446818
200185187,GSE185187,35748745,PMC9444950
200183016,GSE183016,36289222,PMC9605963
200183014,GSE183014,36289222,PMC9605963
200158833,GSE158833,35019856,PMC9789686
200213013,GSE213013,36121385,PMC9630826
200211653,GSE211653,36153564,PMC9508734
200183451,GSE183451,36271053,PMC9587234
200183450,GSE183450,36271053,PMC9587234
200183449,GSE183449,36271053,PMC9587234
200179668,GSE179668,36127323,PMC9489777
200213465,GSE213465,37329887,PMC10712687
200191222,GSE191222,36111258,PMC9468413
200213043,GSE213043,36209111,PMC9548164
200206258,GSE206258,36212452,PMC9533407
200196405,GSE196405,37243602,PMC10227443
200196238,GSE196238,37243602,PMC10227443
200196029,GSE196029,36064715,PMC9445031
200158550,GSE158550,36544023,PMC10189659
200150470,GSE150470,37693056,PMC10487333
200213145,GSE213145,36248850,PMC9554309
200213142,GSE213142,38200130,PMC11005318
200212718,GSE212718,36305736,PMC9716260
200205503,GSE205503,35915142,PMC9417996
200201455,GSE201455,36038536,PMC9424261
200196860,GSE196860,36180891,PMC9523997
200193431,GSE193431,35950456,PMC9385566
200186166,GSE186166,36125343,PMC9638873
200181435,GSE181435,36073513,PMC9890034
200165394,GSE165394,36059681;39925803,PMC9428625;PMC11802516
200213162,GSE213162,37280243,PMC10244396
200213052,GSE213052,36284108,PMC9596482
200210516,GSE210516,36165915,PMC9890136
200165308,GSE165308,35819844,PMC9433100
200165307,GSE165307,35819844,PMC9433100
200212991,GSE212991,38627856,PMC11022481
200183370,GSE183370,35848993,PMC9757094
200165576,GSE165576,37898647,PMC10613289
200207807,GSE207807,36261421,PMC9582000
200207806,GSE207806,36261421,PMC9582000
200207729,GSE207729,36261421,PMC9582000
200207728,GSE207728,36261421,PMC9582000
200207727,GSE207727,36261421,PMC9582000
200210034,GSE210034,36225557,PMC9548564
200186445,GSE186445,36631435,PMC9834298
200178621,GSE178621,36174572,PMC7615581
200172432,GSE172432,36323682,PMC9630410
200150595,GSE150595,36266281,PMC9585083
200150584,GSE150584,36266281,PMC9585083
200212430,GSE212430,30815012;38029383,PMC6382020;PMC10918493
200211781,GSE211781,36167836,PMC9515171
200212599,GSE212599,37024456,PMC10079981
200208042,GSE208042,36195603,PMC9532393
200202672,GSE202672,36480501;37647592,PMC10045543;PMC10685165
200201224,GSE201224,35857643,PMC9548378
200198755,GSE198755,35857643,PMC9548378
200196006,GSE196006,36139061,PMC9496520
200190556,GSE190556,36153585,PMC9509632
200190555,GSE190555,36153585,PMC9509632
200189625,GSE189625,36055199,PMC9450215
200175685,GSE175685,36155972,PMC9536535
200212604,GSE212604,37231509,PMC10210354
200212254,GSE212254,39304860,PMC11414102
200194309,GSE194309,36307405,PMC9616898
200193476,GSE193476,36124662,PMC9508832
200199549,GSE199549,36008139,PMC9480855
200195664,GSE195664,36212481,PMC9532972
200174850,GSE174850,36509758,PMC9744876
200144416,GSE144416,36068209,PMC9448786
200212072,GSE212072,37228617,PMC10203401
200211554,GSE211554,37351164,PMC10283056
200207598,GSE207598,35986103,PMC9464715
200205086,GSE205086,36212776,PMC9529991
200190022,GSE190022,35999659,PMC9630828
200185826,GSE185826,36302897,PMC12674207
200184931,GSE184931,35995095,PMC10617250
200182295,GSE182295,35017149,PMC8753449
200145011,GSE145011,37255666,PMC10225930
200212139,GSE212139,36199571,PMC9527279
200205787,GSE205787,35950366,PMC9633288
200202634,GSE202634,36263020,PMC9574099
200198382,GSE198382,36011023,PMC9406593
200197143,GSE197143,39248230,PMC11421153
200196666,GSE196666,36043466,PMC9584608
200191028,GSE191028,35247902,PMC9414741
200189171,GSE189171,39819877,PMC11739382
200188345,GSE188345,35612714,PMC9394257
200183507,GSE183507,36423831,PMC9677559
200182960,GSE182960,36857449,PMC9977177
200152360,GSE152360,35950920,PMC9588703
200145171,GSE145171,36459642,PMC9894179
200144785,GSE144785,36018584,PMC9428361
200137824,GSE137824,35926468,PMC9402397
200136617,GSE136617,39614126,PMC11723928
200212369,GSE212369,36388465,PMC9645232
200212173,GSE212173,36961421,PMC10085619
200205625,GSE205625,36044854,PMC9472474
200190316,GSE190316,36044854,PMC9472474
200212143,GSE212143,36388465,PMC9645232
200212074,GSE212074,36457503,PMC9705787
200207949,GSE207949,39478119,PMC11584406
200205981,GSE205981,36010973,PMC9406669
200205105,GSE205105,36300627,PMC9638897
200195571,GSE195571,35931888,PMC9464719
200184295,GSE184295,36008466,PMC9507968
200178537,GSE178537,36002186;37586318,PMC9413180;PMC10439276
200212016,GSE212016,37821451,PMC10567730
200212071,GSE212071,38508140,PMC10983107
200211854,GSE211854,37689814,PMC10657401
200211850,GSE211850,36158676,PMC9496645
200205784,GSE205784,35976950,PMC9385026
200211802,GSE211802,36139642,PMC9496676
200175483,GSE175483,36028659,PMC9522591
200211549,GSE211549,37184294,PMC10477446
200204985,GSE204985,35768279,PMC9380745
200204983,GSE204983,35768279,PMC9380745
200203055,GSE203055,37821650;38740827,PMC10567710;PMC11091074
200194220,GSE194220,35851726,PMC9357637
200193623,GSE193623,35979662,PMC9386325
200183516,GSE183516,35857848,PMC9299537
200173892,GSE173892,35973998,PMC9381743
200211529,GSE211529,36899893,PMC10001195
200210364,GSE210364,35941192,PMC9669107
200193122,GSE193122,36073824,PMC9602719
200190871,GSE190871,36163326,PMC9512932
200211679,GSE211679,36182806,PMC9526231
200211514,GSE211514,36071036,PMC9452528
200211512,GSE211512,36071036,PMC9452528
200189764,GSE189764,36396656,PMC9671908
200183777,GSE183777,35852858,PMC9462490
200175455,GSE175455,36044855;37019933,PMC10076346
200211556,GSE211556,36010906,PMC9406105
200211374,GSE211374,36071036,PMC9452528
200211373,GSE211373,36071036,PMC9452528
200192400,GSE192400,36136589,PMC9675438
200211439,GSE211439,36036514;37788095,PMC9601155;PMC10721316
200211244,GSE211244,36993734,PMC10055071
200210351,GSE210351,35944927;40407127,PMC9933174;PMC12158068
200211151,GSE211151,36968081,PMC10034127
200209693,GSE209693,36516775,PMC9837615
200208858,GSE208858,35983060,PMC9379324
200205547,GSE205547,36055981,PMC9440223
200211183,GSE211183,36534918,PMC9936204
200211072,GSE211072,38769295,PMC11106335
200190735,GSE190735,36046604;38001496,PMC9420937;PMC10675921
200207611,GSE207611,36043458,PMC9433094
200205266,GSE205266,35974102,PMC9613476
200201363,GSE201363,35801925,PMC9371912
200195870,GSE195870,36067210,PMC9481176
200194362,GSE194362,36167829,PMC9515221
200194360,GSE194360,36167829,PMC9515221
200193946,GSE193946,36090744,PMC9437810
200192403,GSE192403,35670054,PMC9357625
200190360,GSE190360,35633182,PMC9357606
200188403,GSE188403,36742369,PMC9894309
200186947,GSE186947,36742369,PMC9894309
200182386,GSE182386,35487218,PMC9446818
200182257,GSE182257,35487218,PMC9446818
200179462,GSE179462,35801925,PMC9371912
200179057,GSE179057,36043458,PMC9433094
200173466,GSE173466,34802033,PMC9359627
200205605,GSE205605,35918330,PMC9346138
200192638,GSE192638,35960210,PMC9894568
200186262,GSE186262,35639459,PMC9444965
200186261,GSE186261,35639459,PMC9444965
200210916,GSE210916,36097617,PMC9463578
200210765,GSE210765,40442479,PMC12122889
200209851,GSE209851,36197969,PMC9534493
200201069,GSE201069,36160408,PMC9498830
200198002,GSE198002,36646789,PMC10280815
200193775,GSE193775,35798875,PMC9355870
200185130,GSE185130,36124657,PMC9508825
200211012,GSE211012,36104324,PMC9474880
200210988,GSE210988,37671061,PMC10475991
200189695,GSE189695,36253486,PMC9586872
200182625,GSE182625,36197977,PMC9534506
200210717,GSE210717,37582760,PMC10427652
200210079,GSE210079,36026513,PMC9627239
200210488,GSE210488,36130489,PMC9596226
200210439,GSE210439,36795892,PMC10192102
200201926,GSE201926,36092919,PMC9459090
200200062,GSE200062,35921410,PMC9348799
200193726,GSE193726,36008383,PMC9411159
200185976,GSE185976,35942091,PMC9356103
200182703,GSE182703,35700263,PMC9357190
200158621,GSE158621,35942091,PMC9356103
200157702,GSE157702,33599085,PMC7957264
200202189,GSE202189,35973425,PMC9714687
200202187,GSE202187,35973425,PMC9714687
200147745,GSE147745,36198774,PMC7613769
200210579,GSE210579,36341538,PMC9827549
200182323,GSE182323,36153311,PMC9509394
200210475,GSE210475,35933111,PMC9528969
200210129,GSE210129,36049481,PMC9506001
200206401,GSE206401,35940219,PMC12358170
200203338,GSE203338,36033462,PMC9399459
200202576,GSE202576,36045687,PMC9421144
200183635,GSE183635,36055228;37291189,PMC10250384
200152148,GSE152148,36138226;38562830,PMC9750984;PMC10983984
200210205,GSE210205,36246902,PMC9561150
200183205,GSE183205,36039747,PMC9458439
200161480,GSE161480,35996163,PMC9394076
200161479,GSE161479,35996163,PMC9394076
200210086,GSE210086,36149760;37237981,PMC9505754;PMC10215874
200210017,GSE210017,36149760,PMC9505754
200209928,GSE209928,36594087,PMC9760441
200207057,GSE207057,35963521,PMC9667711
200205775,GSE205775,35883603,PMC9323884
200202145,GSE202145,35902399,PMC9333050
200200641,GSE200641,35884498,PMC9318275
200199407,GSE199407,35884475,PMC9320240
200193468,GSE193468,35604506,PMC9338904
200191021,GSE191021,35910786,PMC9330516
200190950,GSE190950,35910786,PMC9330516
200190936,GSE190936,35454854,PMC9025961
200179345,GSE179345,35887001,PMC9322929
200169659,GSE169659,35882447,PMC9330322
200168147,GSE168147,35907898,PMC9338583
200168145,GSE168145,35907898,PMC9338583
200166254,GSE166254,36253360,PMC9576746
200162202,GSE162202,35857500,PMC9278860
200161900,GSE161900,35857500,PMC9278860
200161899,GSE161899,35857500,PMC9278860
200210178,GSE210178,36271587,PMC9590235
200210123,GSE210123,36396974,PMC9672046
200209620,GSE209620,36695714,PMC9875743
200207009,GSE207009,36032173,PMC9411643
200205757,GSE205757,35896520,PMC9329363
200205385,GSE205385,35927239,PMC9352901
200188393,GSE188393,35858579,PMC9327527
200182466,GSE182466,35987910,PMC9392749
200182465,GSE182465,35987910,PMC9392749
200176326,GSE176326,35503086,PMC9357060
200161083,GSE161083,35987910,PMC9392749
200140210,GSE140210,32035111,PMC7089808
200210253,GSE210253,33579786,PMC8178182
200210145,GSE210145,36010951,PMC9406217
200203203,GSE203203,35730653,PMC9214753
200202165,GSE202165,37193047,PMC10120309
200199517,GSE199517,35906682,PMC9338531
200199478,GSE199478,35908024,PMC9338492
200196982,GSE196982,35358571,PMC11906106
200196163,GSE196163,36002001;36598851,PMC9631240;PMC9826876
200193898,GSE193898,35836810,PMC9274752
200193249,GSE193249,36750850,PMC9903620
200171059,GSE171059,35906682,PMC9338531
200168644,GSE168644,36344844,PMC9707522
200199235,GSE199235,36106794,PMC9896486
200197323,GSE197323,36018850,PMC9417018
200180956,GSE180956,37407817,PMC7616780
200209934,GSE209934,36103824,PMC9523722
200209775,GSE209775,36009267,PMC9405091
200184784,GSE184784,35904816,PMC9410884
200209824,GSE209824,36077733,PMC9454988
200209746,GSE209746,35970919,PMC9801308
200202136,GSE202136,36082807,PMC9478953
200201179,GSE201179,36147741,PMC9485839
200199978,GSE199978,35635655,PMC9529792
200196835,GSE196835,36164607,PMC9508879
200209812,GSE209812,35943801,PMC9798925
200206085,GSE206085,35979358,PMC9376625
200203651,GSE203651,36323783,PMC9646524
200190632,GSE190632,35853866,PMC9296561
200188703,GSE188703,35853866,PMC9296561
200188702,GSE188702,35853866,PMC9296561
200186717,GSE186717,36037364,PMC9457248
200181043,GSE181043,35842613,PMC9288060
200181042,GSE181042,35842613,PMC9288060
200180098,GSE180098,34986341;37248394,PMC9307073;PMC11290463
200208773,GSE208773,35897747,PMC9330793
200208734,GSE208734,35927236,PMC9352874
200196463,GSE196463,35878001,PMC10652962
200185932,GSE185932,35905726,PMC9899501
200174100,GSE174100,35965583,PMC9372505
200197471,GSE197471,36347867,PMC9643452
200182545,GSE182545,35864973,PMC9295074
200181237,GSE181237,34608266,PMC9421946
200115911,GSE115911,35900472;39941834,PMC9633370;PMC11816133
200196975,GSE196975,35871161,PMC9308799
200196312,GSE196312,35732800,PMC9288981
200189641,GSE189641,36428851,PMC9689318
200201517,GSE201517,35842542,PMC9288475
200189642,GSE189642,35834269,PMC9284409
200181119,GSE181119,35883689,PMC9317991
200173520,GSE173520,35810559,PMC9272358
200173519,GSE173519,35810559,PMC9272358
200160671,GSE160671,35847855;36499099;38380370,PMC9282887;PMC9740946;PMC10876858
200208278,GSE208278,35879396,PMC12476831
200208005,GSE208005,38057328,PMC10700369
200201639,GSE201639,35987939,PMC9392771
200198418,GSE198418,35884550,PMC9321755
200198417,GSE198417,35884550,PMC9321755
200197457,GSE197457,35874897;35999496;41366019,PMC9307381;PMC9400228;PMC12815929
200186440,GSE186440,36028493,PMC9418176
200145088,GSE145088,35987939,PMC9392771
200134597,GSE134597,36473869,PMC9726987
200120566,GSE120566,35858545,PMC9374308
200208310,GSE208310,37849446,PMC10766209
200204961,GSE204961,35776542,PMC9271168
200208031,GSE208031,35851155,PMC9417990
200208107,GSE208107,36001971,PMC9527711
200191230,GSE191230,35878022,PMC9351446
200208060,GSE208060,35977468,PMC9418860
200202225,GSE202225,36060800,PMC9438935
200195796,GSE195796,36041788,PMC9678030
200186047,GSE186047,35694846,PMC9262621
200146875,GSE146875,35780128,PMC9250739
200207898,GSE207898,36187487,PMC9515781
200205668,GSE205668,36097183,PMC9499872
200205275,GSE205275,35798794,PMC9262895
200199862,GSE199862,35806055,PMC9266388
200197653,GSE197653,35468191,PMC9256796
200197320,GSE197320,35806169,PMC9266546
200193455,GSE193455,35804837,PMC9264848
200182670,GSE182670,35805116,PMC9265747
200182169,GSE182169,35805116,PMC9265747
200181028,GSE181028,35794621,PMC9258208
200178862,GSE178862,36306210,PMC9890133
200154388,GSE154388,35818422,PMC9270657
200207795,GSE207795,35992062,PMC9389258
200207696,GSE207696,35886011,PMC9319013
200174302,GSE174302,35816095;37992683,PMC9273212;PMC10694666
200134682,GSE134682,34610962,PMC9258906
200207787,GSE207787,37437844,PMC10407908
200207435,GSE207435,36823188,PMC9950448
200196105,GSE196105,35932893,PMC9983295
200185865,GSE185865,35910766,PMC9336609
200184733,GSE184733,35344307,PMC9315135
200174821,GSE174821,35848924,PMC9371929
200207657,GSE207657,36689549,PMC9894539
200207511,GSE207511,36522653,PMC9756471
200199367,GSE199367,35896748,PMC9328018
200207574,GSE207574,36322456,PMC9681212
200207500,GSE207500,35749470,PMC10367122
200207373,GSE207373,36681667,PMC9867714
200202434,GSE202434,35864202,PMC9304387
200202118,GSE202118,35785205,PMC9247198
200189552,GSE189552,35377528,PMC9207365
200175845,GSE175845,35945219,PMC9363427
200161537,GSE161537,36111282;36038492,PMC9467865
200159141,GSE159141,36111282;36038492,PMC9467865
200159067,GSE159067,36111282;36038492,PMC9467865
200206267,GSE206267,35771494,PMC9444964
200188251,GSE188251,35783678,PMC9244402
200185933,GSE185933,35820706,PMC9275596
200180820,GSE180820,35754026,PMC9235180
200178868,GSE178868,35929179,PMC9670196
200177485,GSE177485,35773274,PMC9247109
200175901,GSE175901,35871303,PMC9371916
200207227,GSE207227,36778670,PMC9903773
200207217,GSE207217,36158200,PMC9490184
200189440,GSE189440,35967413,PMC9366666
200179509,GSE179509,37261072,PMC10229062
200207323,GSE207323,35915142,PMC9417996
200201173,GSE201173,36114560,PMC9482322
200165960,GSE165960,35835937,PMC9283517
200160540,GSE160540,35853939;37446144,PMC9296550;PMC10341502
200207312,GSE207312,35605191,PMC9837446
200181037,GSE181037,36085288,PMC9463451
200207172,GSE207172,37595559,PMC10494788
200207388,GSE207388,35794478,PMC9583699
200206225,GSE206225,35852875,PMC9462495
200203505,GSE203505,40009768,PMC12046328
200193080,GSE193080,35731891;37621719,PMC9236162;PMC10448704
200193066,GSE193066,35731891,PMC9236162
200192959,GSE192959,35731891,PMC9236162
200190600,GSE190600,35804870,PMC9264873
200181144,GSE181144,35468210,PMC9629421
200169656,GSE169656,35969744,PMC9407673
200201542,GSE201542,36929268,PMC10073409
200194150,GSE194150,35740485,PMC9221538
200192754,GSE192754,35813477,PMC9254462
200192374,GSE192374,35671824,PMC9254501
200192372,GSE192372,35671824,PMC9254501
200185543,GSE185543,35302600;36929268,PMC9365385;PMC10073409
200183359,GSE183359,35582751,PMC9201377
200178398,GSE178398,36301668,PMC9746918
200163886,GSE163886,35967079,PMC9374162
200162516,GSE162516,36622166,PMC9927364
200168782,GSE168782,35882862,PMC9325712
200161709,GSE161709,35361883,PMC9215223
200157302,GSE157302,34428285,PMC9211445
200190114,GSE190114,35947648,PMC9410893
200164834,GSE164834,35760833,PMC9237102
200154529,GSE154529,35303054,PMC9336196
200154528,GSE154528,35303054,PMC9336196
200148494,GSE148494,35653119,PMC9588607
200142383,GSE142383,35831557;36215039,PMC9463316;PMC9638942
200203174,GSE203174,35804907,PMC9264760
200198288,GSE198288,35903698;40131660,PMC9315447;PMC11937470
200196693,GSE196693,35832114,PMC9272305
200182888,GSE182888,35764091,PMC9391320
200165748,GSE165748,36138189,PMC10171398
200206742,GSE206742,37573395,PMC10423279
200206720,GSE206720,37301236,PMC10527610
200206599,GSE206599,35915108,PMC9343464
200193715,GSE193715,36038571,PMC9424213
200191334,GSE191334,35705526,PMC9444977
200190211,GSE190211,36038571,PMC9424213
200189962,GSE189962,36038571,PMC9424213
200206482,GSE206482,35802025,PMC9437574
200195717,GSE195717,35803227,PMC11088748
200192685,GSE192685,35418613,PMC9162914
200181625,GSE181625,35656858,PMC9164146
200172205,GSE172205,35513564;39676172,PMC9166678;PMC11648305
200157718,GSE157718,35603555,PMC9275863
200138662,GSE138662,35760562,PMC9435739
200206170,GSE206170,37080958,PMC10119091
200198624,GSE198624,35720116,PMC9201276
200197210,GSE197210,35703180,PMC9197528
200197209,GSE197209,35703180,PMC9197528
200169186,GSE169186,35695878,PMC9191893
200206212,GSE206212,36445328,PMC9975675
200194052,GSE194052,35664333,PMC9159809
200190653,GSE190653,35709354,PMC9412007
200139630,GSE139630,35613278,PMC9132450
200206474,GSE206474,35887187,PMC9319905
200188249,GSE188249,35671108,PMC9282926
200183214,GSE183214,35444289,PMC9346113
200206241,GSE206241,35977996,PMC9385707
200206223,GSE206223,35763353,PMC9374383
200206185,GSE206185,35881485,PMC9536271
200205830,GSE205830,36039850,PMC9531303
200180229,GSE180229,35859152,PMC9300685
200201595,GSE201595,35705040,PMC9246336
200175468,GSE175468,35705040,PMC9246336
200200172,GSE200172,35674491,PMC9177149
200195675,GSE195675,35869079,PMC9307778
200190609,GSE190609,35194192,PMC9174226
200189927,GSE189927,35685639,PMC9172636
200189238,GSE189238,36131014;39025928,PMC10026724;PMC11321995
200184156,GSE184156,35259269,PMC9177734
200179399,GSE179399,35501464,PMC9177620
200174258,GSE174258,35869079,PMC9307778
200174256,GSE174256,35869079,PMC9307778
200205885,GSE205885,36071171,PMC9784646
200205492,GSE205492,35874727,PMC9300876
200197132,GSE197132,35544303,PMC9635288
200205880,GSE205880,35691495,PMC9357096
200205670,GSE205670,35927424,PMC9352753
200205542,GSE205542,36357397,PMC9649729
200205538,GSE205538,37386564,PMC10311836
200199919,GSE199919,35676324,PMC10680093
200205716,GSE205716,36395883,PMC9771721
200193477,GSE193477,35681235,PMC9178829
200205630,GSE205630,36849492,PMC9970971
200189499,GSE189499,35861150,PMC9449593
200196292,GSE196292,35669782,PMC9163391
200189553,GSE189553,35377528,PMC9207365
200188574,GSE188574,35748872,PMC9262614
200186043,GSE186043,35665684,PMC9166372
200185561,GSE185561,35550603,PMC9166766
200183902,GSE183902,35710947,PMC9203778
200162043,GSE162043,35679869,PMC9361928
200150695,GSE150695,35880301,PMC9434103
200200427,GSE200427,35991552,PMC9389054
200148511,GSE148511,35689636,PMC9226503
200199324,GSE199324,39191725,PMC11350143
200205204,GSE205204,35795483,PMC9240952
200199107,GSE199107,35656514,PMC9152103
200182893,GSE182893,36138008,PMC9500061
200199240,GSE199240,35579943,PMC9246391
200163334,GSE163334,35705030,PMC9716578
200163333,GSE163333,35705030,PMC9716578
200205276,GSE205276,35860270,PMC9289242
200205149,GSE205149,35754042,PMC9979947
200205147,GSE205147,36576240,PMC9829409
200203012,GSE203012,35663013,PMC9157216
200182431,GSE182431,35872983,PMC9299245
200186543,GSE186543,35857506;38488001,PMC9286501;PMC10940091
200200926,GSE200926,35617303,PMC9135202
200199947,GSE199947,35628634,PMC9144826
200199940,GSE199940,35625596,PMC9138635
200195919,GSE195919,35624221;38447798,PMC9142539;PMC10979113
200190904,GSE190904,40878909,PMC12396819
200187454,GSE187454,35162973,PMC8835242
200185814,GSE185814,36289218,PMC9606020
200183202,GSE183202,35927254,PMC9352687
200182921,GSE182921,36054348,PMC10848953
200179487,GSE179487,35902637,PMC9880663
200179248,GSE179248,37425649,PMC10328139
200179087,GSE179087,35741006;38086808,PMC9221433;PMC10716181
200178940,GSE178940,35368048,PMC9162920
200178787,GSE178787,35992086,PMC9385704
200175596,GSE175596,34582559,PMC8832476
200174317,GSE174317,34670863,PMC9138181
200165621,GSE165621,35788181,PMC9529790
200165187,GSE165187,35628480,PMC9144309
200204749,GSE204749,35673898,PMC9348601
200204725,GSE204725,36189305,PMC9520605
200202479,GSE202479,36996251,PMC10062614
200200370,GSE200370,35813464,PMC9254468
200198156,GSE198156,35650187;38473277,PMC9160003;PMC10931202
200192359,GSE192359,36213538,PMC9532536
200191165,GSE191165,35816899,PMC9283511
200180403,GSE180403,35705990,PMC9202186
200204967,GSE204967,36014431,PMC9415531
200204862,GSE204862,36002574,PMC9433322
200193987,GSE193987,35713523,PMC9262608
200201093,GSE201093,35610347,PMC9252908
200197635,GSE197635,35687692,PMC9187238
200194382,GSE194382,35636967,PMC9152130
200203506,GSE203506,36009455,PMC9405659
200182460,GSE182460,35578240,PMC9109340
200175686,GSE175686,35773409,PMC9287163
200203429,GSE203429,36529524,PMC10067409
200200430,GSE200430,35957887,PMC9358705
200197047,GSE197047,35559038;36172369;39466763,PMC9086559;PMC9510599;PMC11515993
200197046,GSE197046,35559038,PMC9086559
200196810,GSE196810,35483273,PMC9117270
200195916,GSE195916,35590370,PMC9118622
200186796,GSE186796,35694213,PMC9163427
200185969,GSE185969,35590240,PMC9121577
200185853,GSE185853,35590240,PMC9121577
200184690,GSE184690,35526007,PMC9077895
200202650,GSE202650,35697674,PMC9192591
200193129,GSE193129,35191090,PMC9202004
200183510,GSE183510,35918147,PMC9529191
200168648,GSE168648,35405016,PMC9308469
200151323,GSE151323,33451979,PMC7956056
200132439,GSE132439,32133433,PMC7055910
200190967,GSE190967,35567547,PMC9970024
200201341,GSE201341,35486832,PMC10118070
200181327,GSE181327,35605119,PMC9295756
200203128,GSE203128,35789859,PMC9250025
200202621,GSE202621,36036613,PMC9584124
200165958,GSE165958,35440714,PMC9426628
200203060,GSE203060,35654819,PMC9252905
200203058,GSE203058,37442610,PMC11066933
200202853,GSE202853,35657344;38830975,PMC9329238;PMC11148201
200198545,GSE198545,35574319,PMC9097292
200196141,GSE196141,35565433,PMC9099809
200192376,GSE192376,35589130,PMC9186391
200191113,GSE191113,35572729,PMC9098296
200184173,GSE184173,35657102,PMC9226514
200183658,GSE183658,35422476,PMC9107507
200183070,GSE183070,35527349,PMC9081490
200173779,GSE173779,35349489,PMC9106354
200165728,GSE165728,35549739,PMC9097325
200158413,GSE158413,35563678,PMC9101625
200143940,GSE143940,35563678,PMC9101625
200138869,GSE138869,35574418,PMC9097904
200203044,GSE203044,38420012,PMC10899666
200200661,GSE200661,35503659,PMC9197529
200203017,GSE203017,39888380,PMC12417839
200188717,GSE188717,35545049,PMC9136538
200188716,GSE188716,35545049,PMC9136538
200176218,GSE176218,35931688,PMC9355973
200162230,GSE162230,34624096,PMC9906988
200161702,GSE161702,34624096,PMC9906988
200157126,GSE157126,35701800,PMC9199133
200195729,GSE195729,35525905,PMC9189076
200175547,GSE175547,35525905,PMC9189076
200202744,GSE202744,35884401,PMC9324262
200198607,GSE198607,35783619,PMC9243590
200186396,GSE186396,35688159,PMC9245005
200202687,GSE202687,35681616,PMC9179243
200202682,GSE202682,35617030,PMC9246378
200196297,GSE196297,35795041,PMC9251191
200150609,GSE150609,33036756,PMC8021614
200202897,GSE202897,37815914,PMC11972006
200202885,GSE202885,37815914;39363910,PMC11972006;PMC11449218
200202755,GSE202755,37815914,PMC11972006
200200424,GSE200424,36050469,PMC9977532
200202458,GSE202458,35947545,PMC9365139
200198818,GSE198818,35378133,PMC9079251
200197138,GSE197138,35854245,PMC9297571
200191022,GSE191022,35293050,PMC9055906
200184138,GSE184138,35246964,PMC9069185
200178358,GSE178358,35504863,PMC9065067
200193862,GSE193862,35931993;40272569,PMC9356431;PMC12022199
200202299,GSE202299,35858551;38168280,PMC9362995;PMC10760218
200178488,GSE178488,35537449,PMC9520607
200164372,GSE164372,35565457,PMC9100622
200201365,GSE201365,36648874,PMC9844349
200199206,GSE199206,35721711,PMC9205202
200167152,GSE167152,35513575,PMC9166756
200199471,GSE199471,35503263,PMC9197524
200182278,GSE182278,35479411,PMC9036123
200174589,GSE174589,35785414,PMC9346471
200154951,GSE154951,32999000,PMC7669631
200150779,GSE150779,39363305,PMC11451205
200189376,GSE189376,35486664,PMC9053788
200179599,GSE179599,35523140;35597867,PMC9381772
200173200,GSE173200,35490194,PMC9056521
200159857,GSE159857,35676822;36923308,PMC9844651;PMC10010305
200201970,GSE201970,35728062,PMC9649996
200199596,GSE199596,35552660;40964329,PMC9365375;PMC12439934
200201876,GSE201876,36302783,PMC9613679
200201868,GSE201868,36059442,PMC9428591
200200354,GSE200354,35625761,PMC9138619
200186489,GSE186489,35794842,PMC9628225
200172153,GSE172153,35499757,PMC9453853
200150043,GSE150043,35773268,PMC9247075
200147541,GSE147541,35573198,PMC9097697
200199849,GSE199849,40739398,PMC12311048
200198908,GSE198908,35532363,PMC9338760
200197623,GSE197623,38383439,PMC10882889
200195985,GSE195985,35367648,PMC9134101
200189372,GSE189372,35456475,PMC9031889
200185069,GSE185069,35570408;37270717,PMC9218654;PMC10239741
200183186,GSE183186,37381036,PMC10303866
200173666,GSE173666,35707047,PMC9185438
200113890,GSE113890,35000083,PMC8989945
200201719,GSE201719,35918316,PMC9345899
200201718,GSE201718,35918316,PMC9345899
200201702,GSE201702,39779693,PMC11711318
200199089,GSE199089,35534729,PMC9177652
200183127,GSE183127,35635656,PMC9151573
200182168,GSE182168,35583991,PMC9545334
200162960,GSE162960,35565214,PMC9104154
200201695,GSE201695,36078082,PMC9454520
200201421,GSE201421,36414668,PMC9681768
200197110,GSE197110,35576236,PMC9135347
200182677,GSE182677,36187937,PMC9524505
200200982,GSE200982,35476513,PMC9170153
200197728,GSE197728,35453502,PMC9025092
200186020,GSE186020,35589813,PMC9119983
200179879,GSE179879,35361728,PMC8971766
200178889,GSE178889,35447889,PMC9030292
200178869,GSE178869,35476451,PMC9045724
200201085,GSE201085,36304942,PMC9604512
200200099,GSE200099,35645831,PMC9132251
200199842,GSE199842,36502574,PMC9763382
200182824,GSE182824,35468987,PMC9038724
200181194,GSE181194,35426938,PMC9357204
200173285,GSE173285,39005667,PMC11236771
200201096,GSE201096,35865472,PMC9294171
200188570,GSE188570,35459873,PMC9162925
200179843,GSE179843,35451102,PMC9108626
200200897,GSE200897,37105989,PMC10140023
200185314,GSE185314,35459280,PMC9033878
200149626,GSE149626,35302851,PMC8932670
200180323,GSE180323,35230915,PMC9542721
200200872,GSE200872,35864856,PMC9271405
200198042,GSE198042,35406435,PMC8996842
200193729,GSE193729,35199647,PMC9012294
200188392,GSE188392,35410412;36980623,PMC9001641;PMC10046470
200186211,GSE186211,35428832,PMC9012857
200169740,GSE169740,34570885,PMC9632760
200127894,GSE127894,35394046,PMC9071494
200200477,GSE200477,35697798,PMC7613404
200197389,GSE197389,35418213,PMC9345904
200182133,GSE182133,35712470,PMC9192977
200180615,GSE180615,35313331,PMC9167706
200107963,GSE107963,35752626,PMC9233711
200200845,GSE200845,35483669,PMC10894461
200200574,GSE200574,35755807,PMC9218788
200152929,GSE152929,35625354,PMC9137560
200199030,GSE199030,35563134,PMC9102906
200193635,GSE193635,35140124,PMC9064967
200179576,GSE179576,35357925,PMC9301658
200174498,GSE174498,35671062,PMC9198938
200199627,GSE199627,35646083,PMC9136171
200193838,GSE193838,35392560,PMC8982671
200191185,GSE191185,35022314,PMC8983558
200187398,GSE187398,35395812,PMC8991965
200181059,GSE181059,35490198,PMC9252899
200153412,GSE153412,35379199,PMC8981854
200196434,GSE196434,35643181;41550951,PMC12808473
200185318,GSE185318,35406623,PMC8997997
200167580,GSE167580,35524220,PMC9077971
200154114,GSE154114,34010639,PMC9678241
200200162,GSE200162,35732578,PMC9452469
200199915,GSE199915,35693931,PMC9178185
200193479,GSE193479,35456497;40499559,PMC9032019;PMC12272820
200191005,GSE191005,35395864,PMC8994274
200172329,GSE172329,35538076,PMC9090837
200200385,GSE200385,36190955,PMC9722601
200200252,GSE200252,36293464;35962613,PMC9604038;PMC10087869
200200209,GSE200209,35620287,PMC9127500
200193725,GSE193725,35385730,PMC9033258
200200280,GSE200280,35534224,PMC9095732
200197966,GSE197966,35462908,PMC9024411
200196002,GSE196002,35342947,PMC9539848
200192656,GSE192656,35497503,PMC9042720
200182349,GSE182349,35263599,PMC8981113
200193049,GSE193049,35389889,PMC9090256
200184726,GSE184726,35371306,PMC8965128
200200064,GSE200064,36805487,PMC10086488
200197907,GSE197907,35351133,PMC8962499
200193258,GSE193258,35351890;36575215;36969743,PMC8964738;PMC9794691;PMC10035388
200190761,GSE190761,35453756,PMC9032685
200185611,GSE185611,35371997,PMC8967368
200152070,GSE152070,35361260,PMC8969279
200196038,GSE196038,35600369,PMC9121879
200192810,GSE192810,35668111,PMC9170711
200192808,GSE192808,35668111,PMC9170711
200185379,GSE185379,35298000,PMC9284474
200178570,GSE178570,35032108,PMC8948559
200174478,GSE174478,35380992;40262132,PMC9151706;PMC12353172
200172384,GSE172384,35385731,PMC9013128
200168987,GSE168987,35393546,PMC9076537
200167305,GSE167305,35589701,PMC9120040
200161932,GSE161932,35167623,PMC8846505
200140754,GSE140754,35530315,PMC9068942
200199709,GSE199709,35523945,PMC9076621
200197758,GSE197758,35436995,PMC9016080
200195794,GSE195794,35811571,PMC9441004
200189848,GSE189848,35368624,PMC8965338
200185485,GSE185485,35253846,PMC9073682
200173286,GSE173286,34330844,PMC9398181
200169334,GSE169334,35406487,PMC8996937
200153585,GSE153585,35468964,PMC9117466
200184276,GSE184276,34995376,PMC9869956
200184151,GSE184151,35290121,PMC8944900
200183221,GSE183221,35022322,PMC8976724
200166576,GSE166576,35256595,PMC8901905
200140022,GSE140022,35362516,PMC9016624
200199538,GSE199538,35405009,PMC9177667
200199483,GSE199483,36536402,PMC9761959
200199413,GSE199413,37153563,PMC10160608
200198380,GSE198380,35585241,PMC9888363
200197240,GSE197240,35379950,PMC9525703
200196284,GSE196284,35326145,PMC8944526
200195587,GSE195587,35336722,PMC8945044
200193739,GSE193739,35289315,PMC8920335
200183199,GSE183199,35477723,PMC9046280
200180883,GSE180883,35130345,PMC8941461
200158033,GSE158033,35579355;37193066,PMC9239229;PMC10134197
200199278,GSE199278,37610425,PMC10446824
200168233,GSE168233,35474385,PMC9071401
200184436,GSE184436,35459264,PMC9033823
200178665,GSE178665,35354596,PMC8967991
200191142,GSE191142,35520391,PMC9065582
200186935,GSE186935,35617311,PMC9135243
200179464,GSE179464,35676246,PMC9177965
200198248,GSE198248,35406461,PMC8997165
200196138,GSE196138,35646625,PMC9130556
200180209,GSE180209,35298627,PMC9396940
200199021,GSE199021,35510953,PMC9082625
200199020,GSE199020,35510953,PMC9082625
200199019,GSE199019,35510953,PMC9082625
200199018,GSE199018,35510953,PMC9082625
200190942,GSE190942,35723333,PMC8928977
200190002,GSE190002,35303940,PMC8932231
200186191,GSE186191,35238496,PMC9234648
200184327,GSE184327,35244192,PMC8923656
200182185,GSE182185,34983546,PMC8725338
200171974,GSE171974,35911665,PMC9326512
200169203,GSE169203,35288462,PMC8921918
200198455,GSE198455,35326640;35406371,PMC8946537;PMC8996841
200198454,GSE198454,35326640;35406371,PMC8946537;PMC8996841
200193660,GSE193660,35292636,PMC8924155
200164742,GSE164742,35316673,PMC8943299
200155978,GSE155978,35182481,PMC8934274
200198930,GSE198930,35831348,PMC9279440
200198776,GSE198776,35993275,PMC9415457
200196269,GSE196269,35288544,PMC8921188
200198650,GSE198650,35301407;35688802,PMC9054653;PMC9187670
200198647,GSE198647,37937685,PMC10701626
200193381,GSE193381,35402867,PMC8987407
200189789,GSE189789,35662728,PMC9157590
200184040,GSE184040,35225231,PMC8926403
200168800,GSE168800,35654861,PMC9325671
200160531,GSE160531,35302840,PMC8932663
200195620,GSE195620,35303483;35524551,PMC8988922;PMC9128377
200193966,GSE193966,35267483,PMC8909304
200193700,GSE193700,35267457,PMC8909665
200181313,GSE181313,35280993;36930354,PMC8907538;PMC10020776
200173771,GSE173771,35439048,PMC9169908
200148018,GSE148018,34788382,PMC8900275
200194098,GSE194098,35294249,PMC8926329
200193453,GSE193453,35265615;38459513,PMC8899292;PMC10921581
200188923,GSE188923,35440514,PMC9574348
200178303,GSE178303,35642432,PMC9381127
200176475,GSE176475,36008411,PMC9411202
200175374,GSE175374,35265200,PMC8899586
200174501,GSE174501,35260179,PMC8903708
200169029,GSE169029,34289987,PMC9397619
200149845,GSE149845,35440514,PMC9574348
200195503,GSE195503,35326450,PMC8946988
200177056,GSE177056,35247916,PMC9177724
200173484,GSE173484,35440541,PMC9018728
200168192,GSE168192,35650266,PMC9160289
200138068,GSE138068,35650266,PMC9160289
200118529,GSE118529,35650266,PMC9160289
200183976,GSE183976,35666812,PMC9662868
200198143,GSE198143,36094741,PMC9638877
200198136,GSE198136,35782751,PMC9244942
200163000,GSE163000,35676472,PMC9242860
200162948,GSE162948,35676472,PMC9242860
200198177,GSE198177,35331218;40664627,PMC8944098;PMC12263829
200168462,GSE168462,35534777,PMC9404532
200164869,GSE164869,35331218,PMC8944098
200197985,GSE197985,35293758;35948047,PMC9014412;PMC9910044
200197984,GSE197984,37253733,PMC10229544
200197946,GSE197946,36439880,PMC9682536
200195685,GSE195685,35230974,PMC9012291
200193812,GSE193812,35269469;38201289,PMC8909136;PMC10778492
200189779,GSE189779,35246504,PMC8897397
200189124,GSE189124,35328408,PMC8950389
200183600,GSE183600,35169119,PMC8847585
200180923,GSE180923,35235361,PMC8890707
200171611,GSE171611,35220887,PMC8890384
200169280,GSE169280,35538114,PMC9091272
200149559,GSE149559,35136202,PMC8894476
200139393,GSE139393,35018885,PMC8887898
200179612,GSE179612,35263570,PMC9214622
200174252,GSE174252,35246475,PMC8900051
200197952,GSE197952,35736563,PMC9379360
200186896,GSE186896,35331717,PMC9492898
200197895,GSE197895,36130827,PMC9553791
200197845,GSE197845,36439880,PMC9682536
200197811,GSE197811,37114129,PMC10126367
200197735,GSE197735,35626002,PMC9139685
200190160,GSE190160,35353838,PMC8967035
200189919,GSE189919,35209946,PMC8867780
200182468,GSE182468,35145058,PMC8831486
200162711,GSE162711,34667276;36008945,PMC8837536;PMC9405759
200155528,GSE155528,34667276;36008945;39676172,PMC8837536;PMC9405759;PMC11648305
200154754,GSE154754,34667276;36008945,PMC8837536;PMC9405759
200154753,GSE154753,34667276;36008945,PMC8837536;PMC9405759
200154752,GSE154752,34667276;36008945,PMC8837536;PMC9405759
200131460,GSE131460,35138899;38800827,PMC8827662;PMC11127635
200197575,GSE197575,35858708,PMC9305827
200191066,GSE191066,35205680,PMC8924758
200189208,GSE189208,35205253;40004558,PMC8872619;PMC11855151
200189205,GSE189205,35252869,PMC8892060
200177040,GSE177040,35205926;37277347,PMC8880021;PMC10241821
200173766,GSE173766,35211507,PMC8861307
200173207,GSE173207,35252869;40613436,PMC8892060;PMC12231571
200164040,GSE164040,35590059,PMC9236905
200197540,GSE197540,36439880,PMC9682536
200197535,GSE197535,35433439,PMC9005964
200190234,GSE190234,35211429,PMC8863481
200188919,GSE188919,35218417,PMC8882121
200182710,GSE182710,35209954,PMC8867650
200171857,GSE171857,35198599,PMC8859324
200185701,GSE185701,35290436,PMC9359749
200144821,GSE144821,34638508,PMC8508075
200141200,GSE141200,34414122,PMC8339511
200141198,GSE141198,34414122,PMC8339511
200197417,GSE197417,35255120,PMC9394393
200190845,GSE190845,36578038;36831670,PMC9798635;PMC9954103
200184065,GSE184065,38168934,PMC11277537
200176454,GSE176454,35524156,PMC9076827
200172363,GSE172363,35213723,PMC9340634
200167869,GSE167869,35015684,PMC9414116
200197365,GSE197365,36455589,PMC9975662
200184539,GSE184539,35220676,PMC9234650
200197321,GSE197321,35568821,PMC9107748
200174531,GSE174531,35197571,PMC8993692
200197155,GSE197155,35318435,PMC9276762
200190928,GSE190928,35213227,PMC8880772
200197135,GSE197135,36271031,PMC9700521
200186280,GSE186280,35267509,PMC8909169
200197078,GSE197078,38017133,PMC10798890
200197069,GSE197069,35385746,PMC9127750
200197068,GSE197068,35385746,PMC9127750
200196905,GSE196905,35179962,PMC8856617
200196879,GSE196879,36263165,PMC9576525
200196875,GSE196875,35190555,PMC8861175
200194169,GSE194169,35182954,PMC8857594
200193113,GSE193113,35202564;39272130,PMC9069129;PMC11396275
200191106,GSE191106,35194152,PMC8993689
200173857,GSE173857,35177031,PMC8851790
200197158,GSE197158,35402877,PMC8983387
200189274,GSE189274,35550508,PMC9098894
200169714,GSE169714,35107856,PMC8982579
200169711,GSE169711,35107856,PMC8982579
200173841,GSE173841,35182476,PMC8897266
200159543,GSE159543,35301312,PMC8931048
200145678,GSE145678,34385184,PMC8487964
200196813,GSE196813,35617398,PMC9299269
200196809,GSE196809,35617398,PMC9299269
200165351,GSE165351,35440587,PMC9018799
200156770,GSE156770,35388001,PMC8986786
200126799,GSE126799,35508495,PMC9068822
200196900,GSE196900,35267590,PMC8908991
200196748,GSE196748,35280730,PMC8904756
200129504,GSE129504,33710804,PMC8763008
200196726,GSE196726,35689194,PMC9188206
200196714,GSE196714,35689194,PMC9188206
200196691,GSE196691,35689194,PMC9188206
200196672,GSE196672,35689194,PMC9188206
200153173,GSE153173,35174975,PMC8899920
200196839,GSE196839,35332222,PMC8948288
200196743,GSE196743,35281074,PMC8904384
200196576,GSE196576,39779996,PMC11711454
200193656,GSE193656,35205675,PMC8870223
200180872,GSE180872,35247901,PMC9757132
200179630,GSE179630,35234914,PMC8989530
200176081,GSE176081,35256052,PMC8903834
200169590,GSE169590,35304469,PMC8933395
200168678,GSE168678,35172133,PMC8904926
200168386,GSE168386,35354797;38369625,PMC8967900;PMC10874937
200165819,GSE165819,35247901,PMC9757132
200172609,GSE172609,35382559;35921406,PMC9118069;PMC9348802
200141083,GSE141083,35411071,PMC9001699
200196608,GSE196608,36103568,PMC9473615
200181636,GSE181636,35130952,PMC8819885
200181157,GSE181157,34933343,PMC8864659
200179687,GSE179687,35121110,PMC9077383
200173554,GSE173554,35411077,PMC9018424
200196385,GSE196385,35285685,PMC9006923
200196343,GSE196343,36175875,PMC9520831
200186731,GSE186731,35172140;39985376,PMC12005738
200186662,GSE186662,39985376,PMC12005738
200149001,GSE149001,35212371,PMC8989523
200196276,GSE196276,35149588,PMC8983601
200196258,GSE196258,35656547,PMC9152322
200196009,GSE196009,35419611,PMC8997334
200193487,GSE193487,35101945,PMC8804689
200186652,GSE186652,35239998,PMC9066072
200183332,GSE183332,35115490,PMC8814179
200176462,GSE176462,34724866,PMC8809939
200171655,GSE171655,35098996,PMC8976915
200195766,GSE195766,35495611,PMC9019767
200190093,GSE190093,35159043,PMC8834219
200183062,GSE183062,35241678,PMC8894417
200182220,GSE182220,35109908,PMC8809020
200178521,GSE178521,35111150,PMC8801487
200171091,GSE171091,35217604,PMC8892337
200162387,GSE162387,35440565,PMC9018852
200196231,GSE196231,36115844,PMC9482638
200196129,GSE196129,35412614,PMC9357026
200189818,GSE189818,35149558,PMC8851563
200173940,GSE173940,35200138,PMC8871389
200173150,GSE173150,35108532,PMC8917510
200150309,GSE150309,35273176,PMC8913623
200150308,GSE150308,35273176,PMC8913623
200195994,GSE195994,35292620,PMC8924151
200195712,GSE195712,36280829,PMC9590148
200159539,GSE159539,35338135,PMC8956604
200193123,GSE193123,35237237,PMC8883052
200150691,GSE150691,35585045,PMC9117268
200148261,GSE148261,35585045,PMC9117268
200148260,GSE148260,35585045,PMC9117268
200148258,GSE148258,35585045,PMC9117268
200195663,GSE195663,35263037,PMC8988166
200183781,GSE183781,35115608;40613436,PMC8813994;PMC12231571
200195984,GSE195984,35364610,PMC9256766
200190388,GSE190388,35087827,PMC8787460
200183862,GSE183862,35096583,PMC8792448
200181047,GSE181047,35090515,PMC8796435
200169617,GSE169617,35073851,PMC8787901
200168526,GSE168526,33795352,PMC11033948
200166084,GSE166084,34499581,PMC8794507
200158696,GSE158696,33824459,PMC8791967
200187413,GSE187413,36923279,PMC10010308
200171908,GSE171908,35105803,PMC8832982
200166877,GSE166877,35563635,PMC9102229
200166721,GSE166721,35332150,PMC8948234
200166720,GSE166720,35332150,PMC8948234
200144190,GSE144190,36118864,PMC9478865
200195639,GSE195639,35135811,PMC7612586
200173112,GSE173112,35052380,PMC8774301
200172213,GSE172213,35573800,PMC9094438
200171180,GSE171180,35061527,PMC8782448
200171179,GSE171179,35061527,PMC8782448
200171178,GSE171178,35061527,PMC8782448
200171177,GSE171177,35061527,PMC8782448
200171176,GSE171176,35061527,PMC8782448
200171175,GSE171175,35061527,PMC8782448
200171174,GSE171174,35061527,PMC8782448
200171173,GSE171173,35061527,PMC8782448
200192848,GSE192848,35363521,PMC11093130
200194434,GSE194434,35135840,PMC9365344
200194277,GSE194277,35732148,PMC9244979
200179071,GSE179071,35263037,PMC8988166
200195659,GSE195659,35196489,PMC9036938
200165771,GSE165771,35914531;38587191,PMC11077057
200164038,GSE164038,33649532,PMC7994204
200161108,GSE161108,35361954,PMC9050834
200194299,GSE194299,38495494,PMC10937275
200183587,GSE183587,35198433,PMC8859926
200138813,GSE138813,34916221,PMC7612409
200194379,GSE194379,35344764,PMC8958548
200184452,GSE184452,34731655,PMC8769166
200169128,GSE169128,34728806,PMC8781987
200168967,GSE168967,34301753,PMC8783926
200166184,GSE166184,35067686,PMC8858874
200180804,GSE180804,35150567,PMC8934631
200164681,GSE164681,35314703,PMC8938519
200194123,GSE194123,35202088,PMC8878715
200190134,GSE190134,34965417,PMC9000920
200180568,GSE180568,35296667,PMC8927161
200180567,GSE180567,35296667,PMC8927161
200171763,GSE171763,34795418,PMC8979814
200194116,GSE194116,35646092,PMC9130929
200186245,GSE186245,35197448,PMC8866461
200194095,GSE194095,35179217,PMC8904079
200193897,GSE193897,35191375,PMC8893721
200193861,GSE193861,34931757,PMC8787991
200193737,GSE193737,35054996,PMC8775745
200189472,GSE189472,34996497,PMC8742467
200182259,GSE182259,37082594,PMC10074950
200162225,GSE162225,35385726,PMC9414743
200149450,GSE149450,35178306,PMC8817631
200189424,GSE189424,35631574,PMC9146430
200186456,GSE186456,35046037,PMC8795524
200184896,GSE184896,35127252,PMC8812775
200178573,GSE178573,35027829,PMC8752973
200163227,GSE163227,35091682,PMC8913358
200146229,GSE146229,32493699,PMC8744066
200139885,GSE139885,33411704,PMC7790283
200193659,GSE193659,35563688;37519886,PMC9106060;PMC10373930
200183967,GSE183967,35117988,PMC8804213
200164777,GSE164777,35115371,PMC8997345
200193402,GSE193402,37127876,PMC10320481
200193398,GSE193398,37127876,PMC10320481
200190381,GSE190381,35154280,PMC8831884
200189781,GSE189781,35058574,PMC9287453
200152861,GSE152861,35058574,PMC9287453
200176403,GSE176403,34975152,PMC8818029
200149650,GSE149650,35186752,PMC8851354
200181406,GSE181406,35399501,PMC8987780
200162429,GSE162429,35053502,PMC8773829
200152816,GSE152816,36781850,PMC9925443
200193369,GSE193369,34233875,PMC8262813
200190587,GSE190587,35078860,PMC9365342
200184541,GSE184541,34703030,PMC8727509
200184540,GSE184540,34703030,PMC8727509
200181909,GSE181909,34392603,PMC8732350
200180051,GSE180051,34624089,PMC8740888
200179895,GSE179895,34986855,PMC8734245
200179321,GSE179321,35003259,PMC8741341
200169644,GSE169644,35247900,PMC9414823
200165032,GSE165032,34903601,PMC9359717
200193295,GSE193295,35372041,PMC8969566
200188238,GSE188238,34988410,PMC8704485
200181535,GSE181535,34980123,PMC8722111
200174361,GSE174361,35053442,PMC8796033
200174148,GSE174148,35053442,PMC8796033
200167558,GSE167558,35109796,PMC8811987
200159456,GSE159456,35440514,PMC9574348
200193205,GSE193205,35235452,PMC8915885
200188740,GSE188740,34752415,PMC8679849
200183653,GSE183653,35534562;35759011;36303473;38509407;39207122;40603285,PMC9374001;PMC9618384;PMC10326725;PMC10954959;PMC11726342;PMC12222647
200182288,GSE182288,34944934,PMC8699146
200169090,GSE169090,34592899,PMC8782174
200160765,GSE160765,35022561,PMC8755726
200193143,GSE193143,35963855,PMC9376070
200175448,GSE175448,34951993,PMC8934284
200193094,GSE193094,35172562,PMC9614539
200193064,GSE193064,37461053,PMC10351155
200158420,GSE158420,34987166,PMC8813945
200193157,GSE193157,35022320,PMC8923957
200182031,GSE182031,35095836,PMC8789675
200171454,GSE171454,35244540,PMC8926402
200146025,GSE146025,35258392,PMC9542673
200192920,GSE192920,38365970,PMC10923901
200192907,GSE192907,35264742,PMC9010302
200189697,GSE189697,34977014,PMC8719673
200182432,GSE182432,34990589,PMC8827663
200192877,GSE192877,36346211,PMC9674345
200186111,GSE186111,34931241,PMC8855298
200163152,GSE163152,35028612,PMC8714940
200192753,GSE192753,35276968,PMC8839664
200192743,GSE192743,29622799,PMC6461874
200182592,GSE182592,34715055,PMC9035045
200171910,GSE171910,34954189,PMC9073733
200165611,GSE165611,36717865;40843133,PMC9885631;PMC12365383
200192612,GSE192612,35223844,PMC8866878
200192725,GSE192725,35789070,PMC9254903
200183454,GSE183454,34756880,PMC9038635
200183380,GSE183380,35947648;36037342,PMC9410893;PMC9457068
200182461,GSE182461,35271393,PMC8931371
200174843,GSE174843,35334213,PMC8943915
200147561,GSE147561,33512408,PMC8176769
200137418,GSE137418,33194583,PMC7662440
200188958,GSE188958,34949839,PMC9549920
200186196,GSE186196,35673573,PMC9169373
200184859,GSE184859,34970146,PMC8713816
200184676,GSE184676,35354884,PMC8969163
200178486,GSE178486,34539736,PMC8442909
200178237,GSE178237,34166225,PMC8409579
200172458,GSE172458,34482638,PMC8807365
200172266,GSE172266,34482638,PMC8807365
200164289,GSE164289,35332222,PMC8948288
200163705,GSE163705,35072006,PMC8762390
200163682,GSE163682,35917568,PMC9979771
200162643,GSE162643,35105718,PMC8846434
200156103,GSE156103,35196484,PMC8957480
200150227,GSE150227,33436409,PMC7826414
200149237,GSE149237,34482400,PMC8777198
200147995,GSE147995,35108062,PMC9003667
200147993,GSE147993,35108062,PMC9003667
200146657,GSE146657,34482400,PMC8777198
200146475,GSE146475,34482400,PMC8777198
200145921,GSE145921,36765089,PMC9918503
200183153,GSE183153,34769520,PMC8584501
200167977,GSE167977,34965952,PMC9377758
200160446,GSE160446,35296644,PMC8927615
200192476,GSE192476,35223844,PMC8866878
200184398,GSE184398,34963056;38831058,PMC8862608;PMC12204312
200175648,GSE175648,34944958;35954418,PMC8699125;PMC9367562
200173127,GSE173127,34983823,PMC8739494
200171881,GSE171881,35156321,PMC8899916
200153854,GSE153854,34944685,PMC8698814
200192410,GSE192410,35281849,PMC8905624
200192468,GSE192468,32983994,PMC7492601
200184421,GSE184421,34983824,PMC8742871
200151195,GSE151195,33116488,PMC7548234
200139688,GSE139688,35028452;38927507,PMC8741439;PMC11201522
200192548,GSE192548,35484112,PMC9050647
200192446,GSE192446,36106577,PMC9972027
200190071,GSE190071,35232962,PMC8888590
200168508,GSE168508,34582557;35241665;37790936,PMC8893588;PMC8894386;PMC10544577
200192362,GSE192362,35915609,PMC9338737
200191314,GSE191314,35163724;40013402,PMC8837022;PMC11869345
200191306,GSE191306,34970966,PMC8758144
200191270,GSE191270,35110649,PMC8810792
200186255,GSE186255,34799977,PMC8672788
200180321,GSE180321,34923996,PMC8684670
200179079,GSE179079,34771678,PMC8582741
200190902,GSE190902,36149636,PMC9812934
200140803,GSE140803,34930366;35530315,PMC8686545;PMC9068942
200191010,GSE191010,35008200,PMC8750077
200191158,GSE191158,34711608,PMC9234971
200191111,GSE191111,35939336,PMC9417222
200191056,GSE191056,35243230,PMC8859005
200186004,GSE186004,34783649,PMC8709578
200190951,GSE190951,35252200;40082673,PMC8891516;PMC11958781
200190924,GSE190924,37032358,PMC10084643
200189281,GSE189281,35393414,PMC8990073
200190792,GSE190792,32418994,PMC7403155
200190740,GSE190740,35418124,PMC9007954
200190711,GSE190711,36056964,PMC9440884
200190502,GSE190502,36864831,PMC9973753
200180127,GSE180127,34737198,PMC8742779
200176221,GSE176221,35087741,PMC8786713
200176220,GSE176220,34876569,PMC8651821
200166767,GSE166767,35132075,PMC8821627
200186682,GSE186682,34944900,PMC8699539
200186679,GSE186679,34944900,PMC8699539
200179341,GSE179341,34858784,PMC8577981
200165325,GSE165325,34739170,PMC9299679
200162403,GSE162403,35197447,PMC8866544
200190255,GSE190255,35264957,PMC8899401
200190078,GSE190078,35773310,PMC9246847
200174167,GSE174167,34887387,PMC8660841
200190572,GSE190572,35508495,PMC9068822
200171073,GSE171073,38182927,PMC10948365
200190541,GSE190541,40370540,PMC12069253
200188469,GSE188469,34930313,PMC8686565
200174669,GSE174669,34930313,PMC8686565
200190368,GSE190368,35378132,PMC9062249
200164567,GSE164567,34847357;39177021,PMC11343564
200164555,GSE164555,34847357;39177021,PMC11343564
200160572,GSE160572,35840578,PMC9287322
200190504,GSE190504,34941573,PMC8855807
200190174,GSE190174,35264957,PMC8899401
200190222,GSE190222,37664656,PMC10472046
200185029,GSE185029,35001153,PMC9271132
200178176,GSE178176,34552007,PMC8643315
200169278,GSE169278,35089096,PMC8725587
200164862,GSE164862,34868059,PMC8637820
200132849,GSE132849,34898280,PMC8852714
200130145,GSE130145,34852826,PMC8638147
200190181,GSE190181,35294066;37737266,PMC9103844;PMC10561733
200184380,GSE184380,34830961,PMC8616045
200183606,GSE183606,34955744,PMC8696176
200181118,GSE181118,34831008,PMC8616450
200163884,GSE163884,34232706,PMC8684707
200190070,GSE190070,35115489,PMC8814001
200179666,GSE179666,34850111,PMC8682742
200190076,GSE190076,35401213,PMC8985428
200189723,GSE189723,35992060,PMC9385686
200123395,GSE123395,30963568,PMC7263025
200189969,GSE189969,35359406,PMC8960247
200189758,GSE189758,35449080,PMC9027050
200189019,GSE189019,35418012,PMC9008973
200188739,GSE188739,34943910,PMC8699481
200163249,GSE163249,34716410,PMC8556368
200186332,GSE186332,34728525,PMC8810630
200186108,GSE186108,34885166,PMC8656772
200184904,GSE184904,34830891,PMC8616122
200184850,GSE184850,34644371,PMC8791597
200181330,GSE181330,35765270,PMC9219028
200179667,GSE179667,34831287,PMC8616488
200174033,GSE174033,34857874,PMC8639922
200174031,GSE174031,34857874,PMC8639922
200166535,GSE166535,34811438,PMC8608887
200164559,GSE164559,34862459,PMC8830420
200164425,GSE164425,34841295,PMC8607011
200159819,GSE159819,34873301,PMC8979821
200144249,GSE144249,34826777,PMC8626806
200189746,GSE189746,35992060,PMC9385686
200189672,GSE189672,35108039,PMC11313601
200188657,GSE188657,35002727,PMC8733664
200185861,GSE185861,34771425;36766715;40858716,PMC8582563;PMC9913072;PMC12381165
200183915,GSE183915,34959291,PMC8709089
200179990,GSE179990,34782004,PMC8594157
200175906,GSE175906,34556812,PMC8566236
200162745,GSE162745,33794982,PMC8017865
200162303,GSE162303,33794982,PMC8017865
200184336,GSE184336,35083216;35082793;35620459;36119489,PMC8784737;PMC8785952;PMC9127534;PMC9478444
200179252,GSE179252,35082793,PMC8785952
200188706,GSE188706,35242930,PMC8866881
200163142,GSE163142,34877501,PMC8633980
200184616,GSE184616,34912708,PMC8666981
200171640,GSE171640,34609966,PMC8592553
200171380,GSE171380,34799676,PMC8604896
200171379,GSE171379,34799676,PMC8604896
200165328,GSE165328,34781692,PMC8593836
200164505,GSE164505,34788094,PMC8598007
200152112,GSE152112,35048158,PMC8770385
200151895,GSE151895,33829508,PMC8597094
200189461,GSE189461,35249128,PMC8898245
200189389,GSE189389,30089255;35418131,PMC6171747;PMC9007952
200189269,GSE189269,34943871,PMC8699485
200185719,GSE185719,34885022,PMC8657272
200159660,GSE159660,35013322,PMC8748754
200188885,GSE188885,34986355,PMC9127595
200184679,GSE184679,34830820,PMC8616448
200189194,GSE189194,35254094,PMC9022507
200188774,GSE188774,35902556,PMC9334634
200182917,GSE182917,35022412,PMC8755743
200186933,GSE186933,34925460,PMC8678093
200178998,GSE178998,35032108,PMC8948559
200161803,GSE161803,35503721,PMC9064299
200188918,GSE188918,35004274,PMC8733570
200188914,GSE188914,35014681,PMC8776328
200181229,GSE181229,34988553,PMC8725614
200179221,GSE179221,34778800,PMC8580616
200168842,GSE168842,34785680,PMC8595714
200137683,GSE137683,34765312,PMC8569363
200188806,GSE188806,35800779,PMC9253713
200188582,GSE188582,34880251,PMC8654996
200188563,GSE188563,37202403,PMC10195817
200186581,GSE186581,34900689,PMC8652297
200185055,GSE185055,34768902,PMC8583864
200184648,GSE184648,34778614,PMC8581977
200180373,GSE180373,34910907,PMC8889623
200179133,GSE179133,34910907,PMC8889623
200178532,GSE178532,34771636,PMC8582548
200165718,GSE165718,34605540,PMC8589331
200188812,GSE188812,32923142,PMC7458651
200188767,GSE188767,35343634,PMC9066065
200174338,GSE174338,34649947,PMC9397637
200167474,GSE167474,34785778,PMC8782725
200146540,GSE146540,35115713,PMC8885846
200188624,GSE188624,35115654,PMC8814058
200188554,GSE188554,34819304,PMC8744494
200180152,GSE180152,35190730,PMC8920891
200180146,GSE180146,35190730,PMC8920891
200188463,GSE188463,34819356,PMC8616544
200184399,GSE184399,35013187,PMC8748822
200188404,GSE188404,34827149,PMC8615054
200187619,GSE187619,34789479,PMC8866201
200184752,GSE184752,34615725,PMC9401502
200179581,GSE179581,34733788,PMC8559897
200177522,GSE177522,34515662,PMC8558845
200169680,GSE169680,34730992,PMC8565846
200153642,GSE153642,34050318,PMC8563980
200146429,GSE146429,34472665,PMC8567296
200145762,GSE145762,34472665,PMC8567296
200186998,GSE186998,34670408,PMC8702487
200164850,GSE164850,34551291,PMC8491098
200159616,GSE159616,34772733,PMC8904277
200159615,GSE159615,34772733,PMC8904277
200188262,GSE188262,37444413,PMC10340317
200182638,GSE182638,34830117,PMC8618106
200179727,GSE179727,34787459;37193066;38410462;39655935,PMC8826805;PMC10134197;PMC10896338;PMC11708059
200185587,GSE185587,34749299,PMC8586743
200187356,GSE187356,34930825,PMC8740767
200184103,GSE184103,35017527,PMC8752836
200181722,GSE181722,34869264,PMC8638705
200188189,GSE188189,22955616,PMC3439153
200187983,GSE187983,22955616,PMC3439153
200187954,GSE187954,22955616,PMC3439153
200187894,GSE187894,22955616,PMC3439153
200187832,GSE187832,22955616,PMC3439153
200187811,GSE187811,22955616,PMC3439153
200187783,GSE187783,22955616,PMC3439153
200187689,GSE187689,22955616,PMC3439153
200187160,GSE187160,22955616,PMC3439153
200187061,GSE187061,22955616,PMC3439153
200187038,GSE187038,22955616,PMC3439153
200186940,GSE186940,35978049;37381158,PMC9883267;PMC10307995
200144506,GSE144506,33526512,PMC8137552
200185783,GSE185783,34868934,PMC8637299
200181922,GSE181922,35482409;36923282;38512964,PMC9220943;PMC10010304;PMC11020935
200181225,GSE181225,34697370,PMC8546101
200171456,GSE171456,34869032,PMC8635994
200163759,GSE163759,34716319,PMC8556338
200161779,GSE161779,34624217,PMC8549465
200122502,GSE122502,34711804,PMC8553927
200185494,GSE185494,37705505,PMC10561361
200184264,GSE184264,34706222,PMC9190145
200168835,GSE168835,34718356,PMC8727631
200167947,GSE167947,34689171,PMC8651639
200183058,GSE183058,34869037,PMC8637884
200174288,GSE174288,34735897,PMC8571525
200161073,GSE161073,35681100,PMC9325670
200158936,GSE158936,34725152,PMC8609319
200158935,GSE158935,34725152,PMC8609319
200131048,GSE131048,34725321,PMC8560861
200186618,GSE186618,39018396,PMC466953
200184125,GSE184125,34955846,PMC8696016
200150261,GSE150261,34720086,PMC8553555
200186393,GSE186393,36859531,PMC9977882
200166276,GSE166276,34850409,PMC8922252
200157104,GSE157104,34911936,PMC8674345
200156785,GSE156785,34687603,PMC8761479
200149537,GSE149537,34893606,PMC8664842
200186610,GSE186610,34938855,PMC8645427
200186609,GSE186609,34938855,PMC8645427
200186341,GSE186341,35106508,PMC8784774
200176026,GSE176026,34877499,PMC8633986
200171523,GSE171523,34912114;34937944,PMC8994470;PMC8770127
200182532,GSE182532,34680485,PMC8533210
200180790,GSE180790,34670579,PMC8529724
200171047,GSE171047,34703959,PMC8533999
200165661,GSE165661,34937946,PMC9116157
200164082,GSE164082,33864024,PMC8521561
200154684,GSE154684,32798738,PMC8530516
200147809,GSE147809,34711817,PMC8553951
200186466,GSE186466,36316707,PMC9624057
200183410,GSE183410,34799977,PMC8672788
200162032,GSE162032,34824279,PMC8616957
200159024,GSE159024,34730297,PMC8564819
200155000,GSE155000,34669465,PMC8528416
200186371,GSE186371,35875075,PMC9301189
200158674,GSE158674,34731610,PMC8856626
200186205,GSE186205,34830394,PMC8623627
200165729,GSE165729,34642317,PMC8511258
200186206,GSE186206,36245428,PMC9724667
200186045,GSE186045,35133080,PMC8823189
200166696,GSE166696,34293049,PMC8297856
200163396,GSE163396,34526411,PMC8507254
200183535,GSE183535,34650218,PMC8627489
200173549,GSE173549,34632963,PMC8510564
200159802,GSE159802,34783649,PMC8709578
200156470,GSE156470,34363355,PMC8498877
200186013,GSE186013,35159281,PMC8833913
200171032,GSE171032,34655178,PMC8633241
200184891,GSE184891,34750374,PMC8575966
200185982,GSE185982,34615655,PMC8831459
200185627,GSE185627,35321317,PMC8936189
200179185,GSE179185,34631277,PMC8479281
200185655,GSE185655,35453543,PMC9029930
200185652,GSE185652,37292732;37384526,PMC10245909;PMC10530208
200183194,GSE183194,34680287,PMC8533754
200180629,GSE180629,34762341,PMC8649872
200173976,GSE173976,34158394,PMC8492518
200145195,GSE145195,34145395,PMC8460442
200183881,GSE183881,34546978,PMC8564908
200183818,GSE183818,34655667,PMC8743034
200155151,GSE155151,34644581;40128225,PMC8609347;PMC11933697
200138503,GSE138503,34680291,PMC8533960
200185512,GSE185512,36323660,PMC9630413
200182226,GSE182226,34746152,PMC8570822
200180797,GSE180797,34601505;37463886,PMC10355683
200141913,GSE141913,35022408,PMC8755833
200185467,GSE185467,34782617,PMC8593035
200185311,GSE185311,34862242,PMC8738140
200185071,GSE185071,35121757,PMC8817049
200183538,GSE183538,35082283,PMC8791943
200164851,GSE164851,34217701,PMC8353497
200182329,GSE182329,34579723,PMC8474885
200180282,GSE180282,34312968;37069142,PMC8486565;PMC10110550
200178973,GSE178973,34578801,PMC8472177
200158508,GSE158508,34013585,PMC8486571
200137359,GSE137359,34599153,PMC8486747
200182021,GSE182021,34705506,PMC8550236
200160549,GSE160549,34705506;40859055,PMC8550236;PMC12514032
200185141,GSE185141,34796115,PMC8592930
200185024,GSE185024,36273157,PMC9587669
200178376,GSE178376,34873338,PMC8688144
200171296,GSE171296,34772806,PMC8609619
200164012,GSE164012,34873338,PMC8688144
200162542,GSE162542,34711181,PMC8554867
200165981,GSE165981,34597364,PMC8759131
200163156,GSE163156,35027733,PMC9022944
200183670,GSE183670,36522653,PMC9756471
200182635,GSE182635,35530152,PMC9072231
200180788,GSE180788,34824220,PMC8617270
200161553,GSE161553,36457025,PMC9716751
200161551,GSE161551,36457025,PMC9716751
200161544,GSE161544,36457025,PMC9716751
200161291,GSE161291,36457025,PMC9716751
200158974,GSE158974,34824220,PMC8617270
200152097,GSE152097,34799566,PMC8604959
200148824,GSE148824,39041323,PMC11265796
200184941,GSE184941,36250346,PMC10071545
200184740,GSE184740,35094010,PMC9097394
200184656,GSE184656,34615655,PMC8831459
200180280,GSE180280,34728791,PMC8770594
200179901,GSE179901,34819513,PMC8613289
200179730,GSE179730,34755131,PMC8561238
200169758,GSE169758,34379360,PMC8682941
200166044,GSE166044,35183258,PMC8858535
200164641,GSE164641,35139887,PMC8830042
200176271,GSE176271,34557219;36980601,PMC8453167;PMC10046356
200176246,GSE176246,34572872,PMC8466834
200173692,GSE173692,34358452,PMC8452521
200173531,GSE173531,34289383,PMC8455438
200165571,GSE165571,34535185,PMC8447690
200164592,GSE164592,35122061,PMC7615150
200150554,GSE150554,34586829,PMC8500670
200184795,GSE184795,35326375,PMC8946101
200182487,GSE182487,34569598,PMC8649171
200120685,GSE120685,32315290,PMC7324187
200184474,GSE184474,34359074,PMC8678996
200184354,GSE184354,34638458,PMC8507656
200175726,GSE175726,35122061,PMC7615150
200184729,GSE184729,34858876,PMC8631403
200138612,GSE138612,34795264,PMC8602290
200184697,GSE184697,34858876,PMC8631403
200162698,GSE162698,34571364,PMC8479395
200162669,GSE162669,34571364,PMC8479395
200135306,GSE135306,34617969,PMC8504185
200168178,GSE168178,34387871,PMC9416882
200184566,GSE184566,34819668;36253572,PMC9126690;PMC9649439
200184168,GSE184168,34728570,PMC8742787
200182407,GSE182407,34431104,PMC8599638
200172182,GSE172182,34146461,PMC8441056
200167242,GSE167242,34531456,PMC8445955
200165859,GSE165859,34540823,PMC8446459
200163297,GSE163297,34526485,PMC8443725
200161939,GSE161939,34210682,PMC8448976
200151479,GSE151479,34534367,PMC8585704
200148806,GSE148806,34737261,PMC8568894
200184277,GSE184277,34762647,PMC8584750
200149874,GSE149874,33811077,PMC11059954
200135545,GSE135545,32753387,PMC7484401
200184199,GSE184199,34631521,PMC8493074
200184148,GSE184148,34554929,PMC8663557
200183519,GSE183519,34637398,PMC8544341
200154958,GSE154958,34675201,PMC8531305
200184003,GSE184003,34765560,PMC8576330
200183984,GSE183984,34779495;35102212,PMC8611403;PMC8803829
200183779,GSE183779,35264742,PMC9010302
200172506,GSE172506,34580281,PMC8476631
200183947,GSE183947,35046993,PMC8762060
200179862,GSE179862,34502301,PMC8430666
200179267,GSE179267,34513313,PMC8416973
200176466,GSE176466,34474081,PMC8860850
200174618,GSE174618,34075163,PMC8169877
200166657,GSE166657,34475205,PMC8433584
200165875,GSE165875,34500845;34947512,PMC8434408;PMC8705212
200165282,GSE165282,34496885,PMC8424981
200162462,GSE162462,34508131,PMC8433374
200158854,GSE158854,34732713,PMC8566602
200154065,GSE154065,34503222,PMC8430983
200121677,GSE121677,31636389,PMC7007387
200087410,GSE87410,34489925,PMC8417605
200183592,GSE183592,34831272,PMC8616536
200181840,GSE181840,35409069,PMC8998440
200174002,GSE174002,34329471,PMC8421228
200142862,GSE142862,34370013,PMC8450110
200180874,GSE180874,34593527,PMC8678347
200160619,GSE160619,34593527,PMC8678347
200145997,GSE145997,35115686,PMC9794680
200183924,GSE183924,34604072,PMC8484871
200183884,GSE183884,34722316,PMC8554203
200183859,GSE183859,36267209,PMC9575185
200183751,GSE183751,34663432,PMC8524847
200163150,GSE163150,34587152,PMC8480850
200183824,GSE183824,34789839,PMC8799470
200183817,GSE183817,34868981,PMC8632764
200182586,GSE182586,35493068,PMC9047956
200179975,GSE179975,34292884,PMC8439597
200158738,GSE158738,34663789,PMC8523560
200183628,GSE183628,35484118,PMC9051101
200183551,GSE183551,34966685,PMC8710663
200143176,GSE143176,34341479,PMC8807390
200133552,GSE133552,32914209,PMC11073103
200133551,GSE133551,32914209,PMC11073103
200127264,GSE127264,33340428,PMC7935783
200125592,GSE125592,32814763,PMC7438493
200122739,GSE122739,32370190,PMC7281289
200183428,GSE183428,34804930,PMC8595470
200176142,GSE176142,34493746,PMC8423799
200134109,GSE134109,34302498,PMC8357694
200157514,GSE157514,33753848,PMC7985518
200142520,GSE142520,32667968,PMC7478722
200149366,GSE149366,34516894,PMC8442857
200145842,GSE145842,34461601,PMC8403728
200182132,GSE182132,34925436,PMC8678463
200178566,GSE178566,38943249,PMC11405175
200173364,GSE173364,35589715,PMC9120190
200171150,GSE171150,34933180,PMC8688589
200169213,GSE169213,34437391,PMC8402498
200157601,GSE157601,34245124,PMC8637558
200156172,GSE156172,34266857,PMC8416926
200120619,GSE120619,31969487,PMC7702266
200182821,GSE182821,35066462,PMC8789530
200181815,GSE181815,34622229,PMC8484507
200168827,GSE168827,34480849;39854452,PMC8687145;PMC11758996
200164541,GSE164541,34458146,PMC8387103
200159028,GSE159028,34587228,PMC8579272
200158296,GSE158296,34469831,PMC8882712
200151492,GSE151492,34439179,PMC8391603
200128729,GSE128729,32762616,PMC8386750
200178901,GSE178901,34480004,PMC8433573
200172356,GSE172356,34465850,PMC8408135
200182813,GSE182813,34616737,PMC8488223
200175831,GSE175831,34557405,PMC8453168
200182520,GSE182520,34702879,PMC8548301
200175727,GSE175727,34481843,PMC8498470
200171468,GSE171468,34539419,PMC8440935
200156451,GSE156451,34737287;38012744,PMC8568941;PMC10680327
200182382,GSE182382,34934837,PMC8654799
200179075,GSE179075,34413880,PMC8369577
200164224,GSE164224,34014591,PMC8353921
200163833,GSE163833,34408922,PMC8366541
200151890,GSE151890,34410499,PMC8373607
200182522,GSE182522,34977060,PMC8718501
200174741,GSE174741,34445100,PMC8395043
200162783,GSE162783,34624316,PMC8551657
200168397,GSE168397,34326198,PMC8492550
200158556,GSE158556,34272475,PMC8413131
200181771,GSE181771,34664408,PMC8649869
200173482,GSE173482,34516824,PMC7614902
200182007,GSE182007,36304143,PMC9592978
200181492,GSE181492,34150620;35371996,PMC8209501;PMC8971295
200136044,GSE136044,34059508,PMC8745382
200182261,GSE182261,37005661,PMC10067241
200176551,GSE176551,34384362,PMC8359300
200172189,GSE172189,34381718,PMC8350342
200171163,GSE171163,33863814,PMC8349847
200168561,GSE168561,34193943,PMC8364490
200163987,GSE163987,34384466,PMC8359549
200131268,GSE131268,34403195,PMC8567280
200182122,GSE182122,34433584,PMC8530980
200182119,GSE182119,34433584,PMC8530980
200182118,GSE182118,34433584,PMC8530980
200182116,GSE182116,34433584,PMC8530980
200181533,GSE181533,35636729,PMC9253478
200179408,GSE179408,34392311,PMC8364555
200178935,GSE178935,34555842,PMC9153016
200156833,GSE156833,33917757,PMC8068195
200181973,GSE181973,34580292,PMC8476619
200168204,GSE168204,34654806,PMC8519947
200181961,GSE181961,34657147,PMC8832436
200165612,GSE165612,34479871,PMC9401506
200159690,GSE159690,34551306,PMC8480281
200145924,GSE145924,34452996,PMC8536359
200181827,GSE181827,34845453,PMC8629196
200181769,GSE181769,36732659,PMC10038803
200160399,GSE160399,34493786,PMC8423782
200156289,GSE156289,34599169,PMC8486778
200156218,GSE156218,33593085,PMC8293029
200181556,GSE181556,35131870,PMC9359743
200171117,GSE171117,34359754,PMC8345409
200168473,GSE168473,34545082,PMC8452692
200161534,GSE161534,33755378,PMC8330525
200159716,GSE159716,33757970,PMC8338847
200157116,GSE157116,34493732,PMC8423755
200156257,GSE156257,33163273,PMC7642652
200153711,GSE153711,34353313,PMC8344147
200147885,GSE147885,34321211,PMC8318370
200147884,GSE147884,34321211,PMC8318370
200139235,GSE139235,33932101,PMC8334291
200180468,GSE180468,34548333,PMC8723353
200177054,GSE177054,34508104,PMC8433397
200171277,GSE171277,34439098;40406129;41108827,PMC8392234;PMC12095150;PMC12555876
200169091,GSE169091,34373577,PMC8497275
200169079,GSE169079,34373577,PMC8497275
200168353,GSE168353,34615874,PMC8494917
200165808,GSE165808,34439131,PMC8391231
200181632,GSE181632,34650973,PMC8505676
200181600,GSE181600,34518527,PMC8438051
200143441,GSE143441,34375583,PMC8383322
200181446,GSE181446,37956386,PMC10641589
200181369,GSE181369,34737259,PMC8569206
200175956,GSE175956,34487377,PMC8591543
200148520,GSE148520,34349149,PMC8339057
200181417,GSE181417,34571962,PMC8465092
200181374,GSE181374,34417459;25201530,PMC8379232;PMC4237931
200181117,GSE181117,34831008,PMC8616450
200180574,GSE180574,34831008,PMC8616450
200179572,GSE179572,35584630;35707680,PMC9133402;PMC9189629
200181273,GSE181273,34631279,PMC8479278
200174397,GSE174397,34203273,PMC8303801
200171294,GSE171294,34336890,PMC8317578
200164247,GSE164247,34341073;35194152,PMC8448979;PMC8993689
200155643,GSE155643,32843721,PMC7541676
200136011,GSE136011,34573012,PMC8466195
200181277,GSE181277,40453054,PMC12093323
200174398,GSE174398,40025489,PMC11874701
200148248,GSE148248,34320363,PMC8350598
200179934,GSE179934,34394068,PMC8358782
200176559,GSE176559,34543389,PMC9153032
200168646,GSE168646,34293822,PMC8847992
200158625,GSE158625,34505004,PMC8417332
200138050,GSE138050,34388365,PMC8452515
200181078,GSE181078,34966670,PMC8710544
200139299,GSE139299,34214472,PMC8329841
200180891,GSE180891,35688945,PMC9249628
200180890,GSE180890,35688945,PMC9249628
200143773,GSE143773,34380064,PMC8475267
200143772,GSE143772,34380064,PMC8475267
200180958,GSE180958,34342940,PMC8409300
200180876,GSE180876,35688945,PMC9249628
200155800,GSE155800,34458010,PMC8379380
200150239,GSE150239,33634966,PMC7851431
200180965,GSE180965,34301758,PMC8448967
200174023,GSE174023,34298684,PMC8303731
200173331,GSE173331,34298700,PMC8304761
200165610,GSE165610,34290311,PMC8295264
200160363,GSE160363,34298635,PMC8304009
200152580,GSE152580,34315857,PMC8316333
200147761,GSE147761,34301266;37852185,PMC8299620;PMC10591064
200144293,GSE144293,34298727,PMC8306386
200180712,GSE180712,39272867,PMC11394258
200158458,GSE158458,34272356;34664408;37126443,PMC8285469;PMC8649869;PMC10165445
200156223,GSE156223,33593085,PMC8293029
200153280,GSE153280,34011560,PMC8338892
200149858,GSE149858,34011560,PMC8338892
200148312,GSE148312,34011560,PMC8338892
200142134,GSE142134,32278129;35059728,PMC8788925
200146458,GSE146458,34314702,PMC8380725
200155929,GSE155929,34518534,PMC8437979
200167573,GSE167573,34489456,PMC8421377
200178870,GSE178870,34584216,PMC8566234
200159160,GSE159160,34353903,PMC8364191
200158577,GSE158577,34301601,PMC8302137
200180181,GSE180181,34518298,PMC8687141
200180180,GSE180180,34518298,PMC8687141
200165914,GSE165914,34367977,PMC8339968
200180475,GSE180475,35715442,PMC9205910
200174006,GSE174006,34261657,PMC8279504
200171360,GSE171360,34485225,PMC8416458
200162826,GSE162826,34262016,PMC8280155
200148907,GSE148907,34214485,PMC8282466
200180331,GSE180331,34808225;35664803,PMC9155213
200171506,GSE171506,34290392,PMC8505643
200178668,GSE178668,34400476,PMC8415369
200180243,GSE180243,35191375,PMC8893721
200165656,GSE165656,34422660;38418901;40394148,PMC8372368;PMC10902356;PMC12092627
200180239,GSE180239,34280426,PMC8475945
200180052,GSE180052,35022408,PMC8755833
200180042,GSE180042,34853721,PMC8605294
200179982,GSE179982,36017889,PMC9828698
200166414,GSE166414,34268577,PMC8754651
200166214,GSE166214,34193551,PMC8370745
200177075,GSE177075,34287642,PMC8424468
200175815,GSE175815,34367171,PMC8346206
200171983,GSE171983,34239351,PMC8241733
200162441,GSE162441,34263728,PMC8315800
200156376,GSE156376,34316713,PMC8271217
200150398,GSE150398,34258151,PMC8261519
200149420,GSE149420,34526716,PMC9008583
200138460,GSE138460,34489572;37815914,PMC9012003;PMC11972006
200179882,GSE179882,34494550,PMC8492336
200179693,GSE179693,34285087,PMC8568634
200179661,GSE179661,34350183,PMC8327166
200176133,GSE176133,34248943,PMC8264543
200169322,GSE169322,34206917,PMC8268080
200165585,GSE165585,34249686,PMC8260692
200161418,GSE161418,34139015,PMC8266585
200158593,GSE158593,34312180,PMC8448969
200154337,GSE154337,34100981,PMC8257519
200147825,GSE147825,34195788,PMC8264496
200136404,GSE136404,33558705,PMC8257660
200130482,GSE130482,34103685,PMC8225513
200179896,GSE179896,34549724,PMC8492341
200164086,GSE164086,34110453,PMC8783893
200154538,GSE154538,34014607,PMC8353913
200179792,GSE179792,34503063,PMC8428225
200159448,GSE159448,34358678;38003293,PMC10670992
200157490,GSE157490,34433827,PMC8387416
200179813,GSE179813,35105861,PMC8807747
200133936,GSE133936,33434416,PMC8127537
200179787,GSE179787,34359777,PMC8345393
200179741,GSE179741,34949722,PMC8848932
200176304,GSE176304,34201896,PMC8268529
200173576,GSE173576,34225786,PMC8256212
200165814,GSE165814,34407392,PMC8454863
200163896,GSE163896,34399797,PMC8365954
200115646,GSE115646,34417449,PMC8379221
200179440,GSE179440,34484294,PMC8415304
200179282,GSE179282,30918020,PMC6606381
200159261,GSE159261,34299194,PMC8304339
200169394,GSE169394,34244479,PMC8270967
200165678,GSE165678,34188118,PMC8242097
200163416,GSE163416,34221964,PMC8248535
200179351,GSE179351,35122060,PMC8809884
200174800,GSE174800,34120146,PMC8632690
200172315,GSE172315,34281396,PMC8406138
200138698,GSE138698,34526724,PMC9172917
200179280,GSE179280,34247146,PMC8986153
200179263,GSE179263,34400618,PMC8368102
200174237,GSE174237,34295803,PMC8291998
200126776,GSE126776,34103681,PMC8238912
200139184,GSE139184,34561461,PMC8463670
200173121,GSE173121,39762215,PMC11704331
200172016,GSE172016,34347777,PMC8336885
200152830,GSE152830,39762215,PMC11704331
200179143,GSE179143,34391409,PMC8364090
200178352,GSE178352,34180400,PMC8275131
200173171,GSE173171,34301768,PMC8336889
200171957,GSE171957,34142686,PMC8504614
200166925,GSE166925,34675383,PMC8604730
200162813,GSE162813,34911927,PMC8674292
200159606,GSE159606,35479411,PMC9036123
200153616,GSE153616,35108274,PMC8809623
200150922,GSE150922,34201993,PMC8269038
200127887,GSE127887,34192535,PMC8312405
200178260,GSE178260,34205341,PMC8235627
200176121,GSE176121,34166230,PMC8363270
200171744,GSE171744,34276798,PMC8283811
200171291,GSE171291,34218270,PMC8376646
200165898,GSE165898,34544797,PMC8595859
200165528,GSE165528,34276603,PMC8278476
200164665,GSE164665,33547202,PMC8118131
200162818,GSE162818,34171309,PMC8684350
200158164,GSE158164,33773029,PMC8637571
200150244,GSE150244,34329586,PMC8443273
200144106,GSE144106,33046520,PMC8051616
200142203,GSE142203,37369679,PMC10300122
200179042,GSE179042,34307389,PMC8297592
200157721,GSE157721,34142658,PMC8238510
200153380,GSE153380,34521827,PMC8440555
200141870,GSE141870,34203408,PMC8267958
200162561,GSE162561,34408135,PMC8373975
200124210,GSE124210,34145313,PMC8213802
200162739,GSE162739,34186021,PMC8428331
200178905,GSE178905,34329467,PMC8421139
200178888,GSE178888,34504843,PMC8421636
200178839,GSE178839,35013311,PMC8748862
200178824,GSE178824,34341659,PMC8324422
200130242,GSE130242,34330913,PMC8324870
200178798,GSE178798,34429321,PMC8758508
200178755,GSE178755,34725466,PMC8560880
200175593,GSE175593,34645607,PMC9397643
200145158,GSE145158,34154613,PMC8215817
200164634,GSE164634,33795480,PMC8127991
200146047,GSE146047,34166567,PMC8224457
200140679,GSE140679,34244793,PMC8373071
200157982,GSE157982,34340708,PMC8330024
200157004,GSE157004,34154611,PMC8215814
200149066,GSE149066,34232987,PMC8641094
200147876,GSE147876,34145028,PMC8416959
200159633,GSE159633,34146481;36424526,PMC9758055
200158893,GSE158893,34552066,PMC8458384
200151594,GSE151594,33495312,PMC8026558
200144972,GSE144972,34270926,PMC8981970
200178391,GSE178391,34248958;38474099,PMC8267906;PMC10931687
200178388,GSE178388,34381049,PMC8357784
200176285,GSE176285,34166567;34678064,PMC8224457;PMC8535795
200171118,GSE171118,34163012,PMC8630059
200163101,GSE163101,34163012,PMC8630059
200162648,GSE162648,34337362,PMC8313754
200178300,GSE178300,34326322,PMC8322386
200178292,GSE178292,34676048,PMC8522844
200161367,GSE161367,34187895,PMC8271641
200153016,GSE153016,34378358,PMC8498885
200139861,GSE139861,31900259,PMC7056556
200129293,GSE129293,32699137,PMC7501193
200178222,GSE178222,34067117,PMC8125641
200162371,GSE162371,33713676,PMC8184613
200120792,GSE120792,34289354,PMC8371260
200178068,GSE178068,22955616,PMC3439153
200178067,GSE178067,22955616,PMC3439153
200178066,GSE178066,22955616,PMC3439153
200178063,GSE178063,22955616,PMC3439153
200178061,GSE178061,22955616,PMC3439153
200178059,GSE178059,22955616,PMC3439153
200178055,GSE178055,22955616,PMC3439153
200178054,GSE178054,22955616,PMC3439153
200178052,GSE178052,22955616,PMC3439153
200178051,GSE178051,22955616,PMC3439153
200178049,GSE178049,22955616,PMC3439153
200178044,GSE178044,22955616,PMC3439153
200178041,GSE178041,22955616,PMC3439153
200178039,GSE178039,22955616,PMC3439153
200178034,GSE178034,22955616,PMC3439153
200178031,GSE178031,22955616,PMC3439153
200178026,GSE178026,22955616,PMC3439153
200178024,GSE178024,22955616,PMC3439153
200178021,GSE178021,22955616,PMC3439153
200178020,GSE178020,22955616,PMC3439153
200178013,GSE178013,22955616,PMC3439153
200178008,GSE178008,22955616,PMC3439153
200178006,GSE178006,22955616,PMC3439153
200178005,GSE178005,22955616,PMC3439153
200178004,GSE178004,22955616,PMC3439153
200178002,GSE178002,22955616,PMC3439153
200178001,GSE178001,22955616,PMC3439153
200177993,GSE177993,22955616,PMC3439153
200177990,GSE177990,22955616,PMC3439153
200177989,GSE177989,22955616,PMC3439153
200177987,GSE177987,22955616,PMC3439153
200177985,GSE177985,22955616,PMC3439153
200177982,GSE177982,22955616,PMC3439153
200177979,GSE177979,22955616,PMC3439153
200177977,GSE177977,22955616,PMC3439153
200177976,GSE177976,22955616,PMC3439153
200177974,GSE177974,22955616,PMC3439153
200177969,GSE177969,22955616,PMC3439153
200177968,GSE177968,22955616,PMC3439153
200177966,GSE177966,22955616,PMC3439153
200177961,GSE177961,22955616,PMC3439153
200177958,GSE177958,22955616,PMC3439153
200177957,GSE177957,22955616,PMC3439153
200177956,GSE177956,22955616,PMC3439153
200177955,GSE177955,22955616,PMC3439153
200177954,GSE177954,22955616,PMC3439153
200177952,GSE177952,22955616,PMC3439153
200177950,GSE177950,22955616,PMC3439153
200177948,GSE177948,22955616,PMC3439153
200177945,GSE177945,22955616,PMC3439153
200177933,GSE177933,22955616,PMC3439153
200177932,GSE177932,22955616,PMC3439153
200177931,GSE177931,22955616,PMC3439153
200177930,GSE177930,22955616,PMC3439153
200177928,GSE177928,22955616,PMC3439153
200177927,GSE177927,22955616,PMC3439153
200177924,GSE177924,22955616,PMC3439153
200177923,GSE177923,22955616,PMC3439153
200177918,GSE177918,22955616,PMC3439153
200177916,GSE177916,22955616,PMC3439153
200177912,GSE177912,22955616,PMC3439153
200177908,GSE177908,22955616,PMC3439153
200177903,GSE177903,22955616,PMC3439153
200177899,GSE177899,22955616,PMC3439153
200177897,GSE177897,22955616,PMC3439153
200177896,GSE177896,22955616,PMC3439153
200177894,GSE177894,22955616,PMC3439153
200177891,GSE177891,22955616,PMC3439153
200177886,GSE177886,22955616,PMC3439153
200177885,GSE177885,22955616,PMC3439153
200177876,GSE177876,22955616,PMC3439153
200177873,GSE177873,22955616,PMC3439153
200177868,GSE177868,22955616,PMC3439153
200177867,GSE177867,22955616,PMC3439153
200177865,GSE177865,22955616,PMC3439153
200177864,GSE177864,22955616,PMC3439153
200177860,GSE177860,22955616,PMC3439153
200177857,GSE177857,22955616,PMC3439153
200177856,GSE177856,22955616,PMC3439153
200177849,GSE177849,22955616,PMC3439153
200177848,GSE177848,22955616,PMC3439153
200177844,GSE177844,22955616,PMC3439153
200177843,GSE177843,22955616,PMC3439153
200177838,GSE177838,22955616,PMC3439153
200177837,GSE177837,22955616,PMC3439153
200177836,GSE177836,22955616,PMC3439153
200177831,GSE177831,22955616,PMC3439153
200177830,GSE177830,22955616,PMC3439153
200177826,GSE177826,22955616,PMC3439153
200177824,GSE177824,22955616,PMC3439153
200177823,GSE177823,22955616,PMC3439153
200177820,GSE177820,22955616,PMC3439153
200177819,GSE177819,22955616,PMC3439153
200177817,GSE177817,22955616,PMC3439153
200177805,GSE177805,22955616,PMC3439153
200177801,GSE177801,22955616,PMC3439153
200177800,GSE177800,22955616,PMC3439153
200177796,GSE177796,22955616,PMC3439153
200177794,GSE177794,22955616,PMC3439153
200177789,GSE177789,22955616,PMC3439153
200177787,GSE177787,22955616,PMC3439153
200177786,GSE177786,22955616,PMC3439153
200177780,GSE177780,22955616,PMC3439153
200177776,GSE177776,22955616,PMC3439153
200177775,GSE177775,22955616,PMC3439153
200177770,GSE177770,22955616,PMC3439153
200177769,GSE177769,22955616,PMC3439153
200177763,GSE177763,22955616,PMC3439153
200177760,GSE177760,22955616,PMC3439153
200177758,GSE177758,22955616,PMC3439153
200177757,GSE177757,22955616,PMC3439153
200177756,GSE177756,22955616,PMC3439153
200177754,GSE177754,22955616,PMC3439153
200177747,GSE177747,22955616,PMC3439153
200177746,GSE177746,22955616,PMC3439153
200177745,GSE177745,22955616,PMC3439153
200177743,GSE177743,22955616,PMC3439153
200177736,GSE177736,22955616,PMC3439153
200177732,GSE177732,22955616,PMC3439153
200177728,GSE177728,22955616,PMC3439153
200177723,GSE177723,22955616,PMC3439153
200177722,GSE177722,22955616,PMC3439153
200177720,GSE177720,22955616,PMC3439153
200177719,GSE177719,22955616,PMC3439153
200177717,GSE177717,22955616,PMC3439153
200177713,GSE177713,22955616,PMC3439153
200177712,GSE177712,22955616,PMC3439153
200177705,GSE177705,22955616,PMC3439153
200177704,GSE177704,22955616,PMC3439153
200177699,GSE177699,22955616,PMC3439153
200177697,GSE177697,22955616,PMC3439153
200177696,GSE177696,22955616,PMC3439153
200177694,GSE177694,22955616,PMC3439153
200177693,GSE177693,22955616,PMC3439153
200177683,GSE177683,22955616,PMC3439153
200177681,GSE177681,22955616,PMC3439153
200177677,GSE177677,22955616,PMC3439153
200177676,GSE177676,22955616,PMC3439153
200177673,GSE177673,22955616,PMC3439153
200177671,GSE177671,22955616,PMC3439153
200177665,GSE177665,22955616,PMC3439153
200177663,GSE177663,22955616,PMC3439153
200177661,GSE177661,22955616,PMC3439153
200177656,GSE177656,22955616,PMC3439153
200177653,GSE177653,22955616,PMC3439153
200177644,GSE177644,22955616,PMC3439153
200177643,GSE177643,22955616,PMC3439153
200177642,GSE177642,22955616,PMC3439153
200177636,GSE177636,22955616,PMC3439153
200177633,GSE177633,22955616,PMC3439153
200177632,GSE177632,22955616,PMC3439153
200177631,GSE177631,22955616,PMC3439153
200177630,GSE177630,22955616,PMC3439153
200177628,GSE177628,22955616,PMC3439153
200177622,GSE177622,22955616,PMC3439153
200177620,GSE177620,22955616,PMC3439153
200177618,GSE177618,22955616,PMC3439153
200177617,GSE177617,22955616,PMC3439153
200177615,GSE177615,22955616,PMC3439153
200177610,GSE177610,22955616,PMC3439153
200177607,GSE177607,22955616,PMC3439153
200177605,GSE177605,22955616,PMC3439153
200177600,GSE177600,22955616,PMC3439153
200177593,GSE177593,22955616,PMC3439153
200177590,GSE177590,22955616,PMC3439153
200177586,GSE177586,22955616,PMC3439153
200177585,GSE177585,22955616,PMC3439153
200177583,GSE177583,22955616,PMC3439153
200177580,GSE177580,22955616,PMC3439153
200177576,GSE177576,22955616,PMC3439153
200177571,GSE177571,22955616,PMC3439153
200177570,GSE177570,22955616,PMC3439153
200177565,GSE177565,22955616,PMC3439153
200177562,GSE177562,22955616,PMC3439153
200177561,GSE177561,22955616,PMC3439153
200177560,GSE177560,22955616,PMC3439153
200177556,GSE177556,22955616,PMC3439153
200177552,GSE177552,22955616,PMC3439153
200177551,GSE177551,22955616,PMC3439153
200177542,GSE177542,22955616,PMC3439153
200177540,GSE177540,22955616,PMC3439153
200177536,GSE177536,22955616,PMC3439153
200177535,GSE177535,22955616,PMC3439153
200177534,GSE177534,22955616,PMC3439153
200177532,GSE177532,22955616,PMC3439153
200177531,GSE177531,22955616,PMC3439153
200177530,GSE177530,22955616,PMC3439153
200177529,GSE177529,22955616,PMC3439153
200177528,GSE177528,22955616,PMC3439153
200177527,GSE177527,22955616,PMC3439153
200177525,GSE177525,22955616,PMC3439153
200177524,GSE177524,22955616,PMC3439153
200177523,GSE177523,22955616,PMC3439153
200177519,GSE177519,22955616,PMC3439153
200177516,GSE177516,22955616,PMC3439153
200177512,GSE177512,22955616,PMC3439153
200177511,GSE177511,22955616,PMC3439153
200177507,GSE177507,22955616,PMC3439153
200177505,GSE177505,22955616,PMC3439153
200177498,GSE177498,22955616,PMC3439153
200177497,GSE177497,22955616,PMC3439153
200177495,GSE177495,22955616,PMC3439153
200177493,GSE177493,22955616,PMC3439153
200177492,GSE177492,22955616,PMC3439153
200177491,GSE177491,22955616,PMC3439153
200177490,GSE177490,22955616,PMC3439153
200177486,GSE177486,22955616,PMC3439153
200177475,GSE177475,22955616,PMC3439153
200177474,GSE177474,22955616,PMC3439153
200177473,GSE177473,22955616,PMC3439153
200177465,GSE177465,22955616,PMC3439153
200177463,GSE177463,22955616,PMC3439153
200177456,GSE177456,22955616,PMC3439153
200177454,GSE177454,22955616,PMC3439153
200177452,GSE177452,22955616,PMC3439153
200177451,GSE177451,22955616,PMC3439153
200177450,GSE177450,22955616,PMC3439153
200177441,GSE177441,22955616,PMC3439153
200177440,GSE177440,22955616,PMC3439153
200177436,GSE177436,22955616,PMC3439153
200177435,GSE177435,22955616,PMC3439153
200177432,GSE177432,22955616,PMC3439153
200177428,GSE177428,22955616,PMC3439153
200177423,GSE177423,22955616,PMC3439153
200177422,GSE177422,22955616,PMC3439153
200177421,GSE177421,22955616,PMC3439153
200177420,GSE177420,22955616,PMC3439153
200177414,GSE177414,22955616,PMC3439153
200177409,GSE177409,22955616,PMC3439153
200177407,GSE177407,22955616,PMC3439153
200177403,GSE177403,22955616,PMC3439153
200177400,GSE177400,22955616,PMC3439153
200177398,GSE177398,22955616,PMC3439153
200177397,GSE177397,22955616,PMC3439153
200177394,GSE177394,22955616,PMC3439153
200177388,GSE177388,22955616,PMC3439153
200177383,GSE177383,22955616,PMC3439153
200177373,GSE177373,22955616,PMC3439153
200177368,GSE177368,22955616,PMC3439153
200177367,GSE177367,22955616,PMC3439153
200177366,GSE177366,22955616,PMC3439153
200177365,GSE177365,22955616,PMC3439153
200177364,GSE177364,22955616,PMC3439153
200177359,GSE177359,22955616,PMC3439153
200177357,GSE177357,22955616,PMC3439153
200177351,GSE177351,22955616,PMC3439153
200177349,GSE177349,22955616,PMC3439153
200177346,GSE177346,22955616,PMC3439153
200177345,GSE177345,22955616,PMC3439153
200177341,GSE177341,22955616,PMC3439153
200177339,GSE177339,22955616,PMC3439153
200177334,GSE177334,22955616,PMC3439153
200177328,GSE177328,22955616,PMC3439153
200177321,GSE177321,22955616,PMC3439153
200177313,GSE177313,22955616,PMC3439153
200177310,GSE177310,22955616,PMC3439153
200177305,GSE177305,22955616,PMC3439153
200177304,GSE177304,22955616,PMC3439153
200177303,GSE177303,22955616,PMC3439153
200177301,GSE177301,22955616,PMC3439153
200177296,GSE177296,22955616,PMC3439153
200177295,GSE177295,22955616,PMC3439153
200177294,GSE177294,22955616,PMC3439153
200177292,GSE177292,22955616,PMC3439153
200177291,GSE177291,22955616,PMC3439153
200177290,GSE177290,22955616,PMC3439153
200177286,GSE177286,22955616,PMC3439153
200177285,GSE177285,22955616,PMC3439153
200177280,GSE177280,22955616,PMC3439153
200177279,GSE177279,22955616,PMC3439153
200177273,GSE177273,22955616,PMC3439153
200177268,GSE177268,22955616,PMC3439153
200177267,GSE177267,22955616,PMC3439153
200177266,GSE177266,22955616,PMC3439153
200177265,GSE177265,22955616,PMC3439153
200177264,GSE177264,22955616,PMC3439153
200177262,GSE177262,22955616,PMC3439153
200177261,GSE177261,22955616,PMC3439153
200177254,GSE177254,22955616,PMC3439153
200177251,GSE177251,22955616,PMC3439153
200177247,GSE177247,22955616,PMC3439153
200177245,GSE177245,22955616,PMC3439153
200177242,GSE177242,22955616,PMC3439153
200177241,GSE177241,22955616,PMC3439153
200177237,GSE177237,22955616,PMC3439153
200177235,GSE177235,22955616,PMC3439153
200177234,GSE177234,22955616,PMC3439153
200177233,GSE177233,22955616,PMC3439153
200177231,GSE177231,22955616,PMC3439153
200177224,GSE177224,22955616,PMC3439153
200177219,GSE177219,22955616,PMC3439153
200177218,GSE177218,22955616,PMC3439153
200177214,GSE177214,22955616,PMC3439153
200177213,GSE177213,22955616,PMC3439153
200177212,GSE177212,22955616,PMC3439153
200177211,GSE177211,22955616,PMC3439153
200177209,GSE177209,22955616,PMC3439153
200177202,GSE177202,22955616,PMC3439153
200177201,GSE177201,22955616,PMC3439153
200177196,GSE177196,22955616,PMC3439153
200177190,GSE177190,22955616,PMC3439153
200177188,GSE177188,22955616,PMC3439153
200177187,GSE177187,22955616,PMC3439153
200177182,GSE177182,22955616,PMC3439153
200177181,GSE177181,22955616,PMC3439153
200177179,GSE177179,22955616,PMC3439153
200177178,GSE177178,22955616,PMC3439153
200177175,GSE177175,22955616,PMC3439153
200177172,GSE177172,22955616,PMC3439153
200177171,GSE177171,22955616,PMC3439153
200177170,GSE177170,22955616,PMC3439153
200177167,GSE177167,22955616,PMC3439153
200177166,GSE177166,22955616,PMC3439153
200177156,GSE177156,22955616,PMC3439153
200177150,GSE177150,22955616,PMC3439153
200177148,GSE177148,22955616,PMC3439153
200177144,GSE177144,22955616,PMC3439153
200177142,GSE177142,22955616,PMC3439153
200177141,GSE177141,22955616,PMC3439153
200177140,GSE177140,22955616,PMC3439153
200177139,GSE177139,22955616,PMC3439153
200177138,GSE177138,22955616,PMC3439153
200177134,GSE177134,22955616,PMC3439153
200177133,GSE177133,22955616,PMC3439153
200177132,GSE177132,22955616,PMC3439153
200177131,GSE177131,22955616,PMC3439153
200177119,GSE177119,22955616,PMC3439153
200177117,GSE177117,22955616,PMC3439153
200177115,GSE177115,22955616,PMC3439153
200177113,GSE177113,22955616,PMC3439153
200177111,GSE177111,22955616,PMC3439153
200177107,GSE177107,22955616,PMC3439153
200177106,GSE177106,22955616,PMC3439153
200177102,GSE177102,22955616,PMC3439153
200177091,GSE177091,22955616,PMC3439153
200177085,GSE177085,22955616,PMC3439153
200177082,GSE177082,22955616,PMC3439153
200177080,GSE177080,22955616,PMC3439153
200177074,GSE177074,22955616,PMC3439153
200177072,GSE177072,22955616,PMC3439153
200177071,GSE177071,22955616,PMC3439153
200177070,GSE177070,22955616,PMC3439153
200177067,GSE177067,22955616,PMC3439153
200177065,GSE177065,22955616,PMC3439153
200177022,GSE177022,22955616,PMC3439153
200177021,GSE177021,22955616,PMC3439153
200177020,GSE177020,22955616,PMC3439153
200177018,GSE177018,22955616,PMC3439153
200177017,GSE177017,22955616,PMC3439153
200177012,GSE177012,22955616,PMC3439153
200177010,GSE177010,22955616,PMC3439153
200177008,GSE177008,22955616,PMC3439153
200177006,GSE177006,22955616,PMC3439153
200177004,GSE177004,22955616,PMC3439153
200177003,GSE177003,22955616,PMC3439153
200177002,GSE177002,22955616,PMC3439153
200176997,GSE176997,22955616,PMC3439153
200176996,GSE176996,22955616,PMC3439153
200176993,GSE176993,22955616,PMC3439153
200176986,GSE176986,22955616,PMC3439153
200176985,GSE176985,22955616,PMC3439153
200176984,GSE176984,22955616,PMC3439153
200176983,GSE176983,22955616,PMC3439153
200176979,GSE176979,22955616,PMC3439153
200176978,GSE176978,22955616,PMC3439153
200176976,GSE176976,22955616,PMC3439153
200176970,GSE176970,22955616,PMC3439153
200176968,GSE176968,22955616,PMC3439153
200176967,GSE176967,22955616,PMC3439153
200176964,GSE176964,22955616,PMC3439153
200176960,GSE176960,22955616,PMC3439153
200176953,GSE176953,22955616,PMC3439153
200176947,GSE176947,22955616,PMC3439153
200176941,GSE176941,22955616,PMC3439153
200176937,GSE176937,22955616,PMC3439153
200176935,GSE176935,22955616,PMC3439153
200176934,GSE176934,22955616,PMC3439153
200176929,GSE176929,22955616,PMC3439153
200176927,GSE176927,22955616,PMC3439153
200176924,GSE176924,22955616,PMC3439153
200176922,GSE176922,22955616,PMC3439153
200176920,GSE176920,22955616,PMC3439153
200176919,GSE176919,22955616,PMC3439153
200176917,GSE176917,22955616,PMC3439153
200176902,GSE176902,22955616,PMC3439153
200176898,GSE176898,22955616,PMC3439153
200176897,GSE176897,22955616,PMC3439153
200176894,GSE176894,22955616,PMC3439153
200176893,GSE176893,22955616,PMC3439153
200176892,GSE176892,22955616,PMC3439153
200176890,GSE176890,22955616,PMC3439153
200176888,GSE176888,22955616,PMC3439153
200176887,GSE176887,22955616,PMC3439153
200176883,GSE176883,22955616,PMC3439153
200176879,GSE176879,22955616,PMC3439153
200176878,GSE176878,22955616,PMC3439153
200176874,GSE176874,22955616,PMC3439153
200176863,GSE176863,22955616,PMC3439153
200176861,GSE176861,22955616,PMC3439153
200176856,GSE176856,22955616,PMC3439153
200176855,GSE176855,22955616,PMC3439153
200176854,GSE176854,22955616,PMC3439153
200176846,GSE176846,22955616,PMC3439153
200176842,GSE176842,22955616,PMC3439153
200176840,GSE176840,22955616,PMC3439153
200176838,GSE176838,22955616,PMC3439153
200176831,GSE176831,22955616,PMC3439153
200176829,GSE176829,22955616,PMC3439153
200176826,GSE176826,22955616,PMC3439153
200176823,GSE176823,22955616,PMC3439153
200176820,GSE176820,22955616,PMC3439153
200176819,GSE176819,22955616,PMC3439153
200176818,GSE176818,22955616,PMC3439153
200176812,GSE176812,22955616,PMC3439153
200176811,GSE176811,22955616,PMC3439153
200176809,GSE176809,22955616,PMC3439153
200176802,GSE176802,22955616,PMC3439153
200176801,GSE176801,22955616,PMC3439153
200176799,GSE176799,22955616,PMC3439153
200176793,GSE176793,22955616,PMC3439153
200176792,GSE176792,22955616,PMC3439153
200176791,GSE176791,22955616,PMC3439153
200176790,GSE176790,22955616,PMC3439153
200176788,GSE176788,22955616,PMC3439153
200176783,GSE176783,22955616,PMC3439153
200176782,GSE176782,22955616,PMC3439153
200176779,GSE176779,22955616,PMC3439153
200176778,GSE176778,22955616,PMC3439153
200176777,GSE176777,22955616,PMC3439153
200176774,GSE176774,22955616,PMC3439153
200176773,GSE176773,22955616,PMC3439153
200176771,GSE176771,22955616,PMC3439153
200176767,GSE176767,22955616,PMC3439153
200176759,GSE176759,22955616,PMC3439153
200176757,GSE176757,22955616,PMC3439153
200176756,GSE176756,22955616,PMC3439153
200176753,GSE176753,22955616,PMC3439153
200176751,GSE176751,22955616,PMC3439153
200176750,GSE176750,22955616,PMC3439153
200176747,GSE176747,22955616,PMC3439153
200176746,GSE176746,22955616,PMC3439153
200176739,GSE176739,22955616,PMC3439153
200176737,GSE176737,22955616,PMC3439153
200176736,GSE176736,22955616,PMC3439153
200176730,GSE176730,22955616,PMC3439153
200176724,GSE176724,22955616,PMC3439153
200176719,GSE176719,22955616,PMC3439153
200176715,GSE176715,22955616,PMC3439153
200176714,GSE176714,22955616,PMC3439153
200176713,GSE176713,22955616,PMC3439153
200176709,GSE176709,22955616,PMC3439153
200176708,GSE176708,22955616,PMC3439153
200176702,GSE176702,22955616,PMC3439153
200176701,GSE176701,22955616,PMC3439153
200176700,GSE176700,22955616,PMC3439153
200176695,GSE176695,22955616,PMC3439153
200176692,GSE176692,22955616,PMC3439153
200176691,GSE176691,22955616,PMC3439153
200176690,GSE176690,22955616,PMC3439153
200176686,GSE176686,22955616,PMC3439153
200176677,GSE176677,22955616,PMC3439153
200176676,GSE176676,22955616,PMC3439153
200176673,GSE176673,22955616,PMC3439153
200176657,GSE176657,22955616,PMC3439153
200176655,GSE176655,22955616,PMC3439153
200176653,GSE176653,22955616,PMC3439153
200176652,GSE176652,22955616,PMC3439153
200176650,GSE176650,22955616,PMC3439153
200176649,GSE176649,22955616,PMC3439153
200176643,GSE176643,22955616,PMC3439153
200176640,GSE176640,22955616,PMC3439153
200176637,GSE176637,22955616,PMC3439153
200176628,GSE176628,22955616,PMC3439153
200176624,GSE176624,22955616,PMC3439153
200176622,GSE176622,22955616,PMC3439153
200176620,GSE176620,22955616,PMC3439153
200176619,GSE176619,22955616,PMC3439153
200176618,GSE176618,22955616,PMC3439153
200176616,GSE176616,22955616,PMC3439153
200176611,GSE176611,22955616,PMC3439153
200176608,GSE176608,22955616,PMC3439153
200176604,GSE176604,22955616,PMC3439153
200176597,GSE176597,22955616,PMC3439153
200176593,GSE176593,22955616,PMC3439153
200176592,GSE176592,22955616,PMC3439153
200176590,GSE176590,22955616,PMC3439153
200176586,GSE176586,22955616,PMC3439153
200171340,GSE171340,34088671,PMC8177702
200158244,GSE158244,34035231,PMC8149849
200141861,GSE141861,34271981,PMC8283888
200174078,GSE174078,34381028,PMC8357983
200156959,GSE156959,34381028,PMC8357983
200152351,GSE152351,34131282,PMC8205207
200176546,GSE176546,36894562,PMC9998874
200176537,GSE176537,34459501,PMC8488578
200168672,GSE168672,34211974,PMC8239392
200174537,GSE174537,34141623,PMC8204089
200169211,GSE169211,34630502,PMC8494201
200165405,GSE165405,33876224,PMC8525334
200159237,GSE159237,33771853,PMC8172466
200158552,GSE158552,34083693;35486664,PMC8175750;PMC9053788
200140708,GSE140708,33432115,PMC8169757
200135361,GSE135361,33288900,PMC8166945
200175787,GSE175787,34513691,PMC8428533
200173201,GSE173201,34071702;40447611,PMC8198185;PMC12125295
200166080,GSE166080,34233200,PMC8278229
200161303,GSE161303,34088870,PMC8349875
200161302,GSE161302,34088870,PMC8349875
200161301,GSE161301,34088870,PMC8349875
200145767,GSE145767,34234804,PMC8256274
200160442,GSE160442,33983114,PMC8203294
200158607,GSE158607,33318037,PMC7933113
200176178,GSE176178,34430403,PMC8350238
200176149,GSE176149,34267311,PMC8282794
200164088,GSE164088,34108603,PMC8190269
200163492,GSE163492,34157120,PMC8450095
200158884,GSE158884,34099540,PMC8200296
200162976,GSE162976,34078608,PMC10166578
200157830,GSE157830,34381026,PMC8357841
200153518,GSE153518,33849067,PMC8136773
200151774,GSE151774,34289897,PMC8293573
200151085,GSE151085,34078651,PMC9401456
200150810,GSE150810,34193871,PMC8245514
200136016,GSE136016,34127815;40456604,PMC8266679;PMC12315708
200175863,GSE175863,35393416,PMC8990014
200171939,GSE171939,34069743,PMC8161288
200158239,GSE158239,40712016,PMC12292949
200153871,GSE153871,34716195,PMC8866212
200151612,GSE151612,33999145,PMC8152508
200164032,GSE164032,34064441,PMC8125390
200152642,GSE152642,33786580,PMC8351530
200114492,GSE114492,33786580,PMC8351530
200165631,GSE165631,34373451,PMC8352964
200159546,GSE159546,34272384,PMC8285479
200157692,GSE157692,33753779,PMC7985311
200155909,GSE155909,35479410,PMC9036131
200169017,GSE169017,34072893,PMC8229065
200169016,GSE169016,34072893,PMC8229065
200132407,GSE132407,32025719,PMC7102951
200175462,GSE175462,34072436;39409941;40949873,PMC8199175;PMC11476290;PMC12425789
200175714,GSE175714,34465866,PMC8807392
200175713,GSE175713,34465866,PMC8807392
200171425,GSE171425,34244494,PMC8270969
200166936,GSE166936,34043960,PMC8711274
200164859,GSE164859,34314419,PMC8345871
200165019,GSE165019,34001994,PMC8129124
200160303,GSE160303,34016956,PMC8138012
200156082,GSE156082,34138730,PMC8133758
200143551,GSE143551,34249676,PMC8265608
200175454,GSE175454,35740546,PMC9221398
200163025,GSE163025,33992102,PMC8122567
200158242,GSE158242,34290732,PMC8287183
200151801,GSE151801,34535653,PMC8448863
200150832,GSE150832,34535653,PMC8448863
200141138,GSE141138,34330905,PMC8324837
200166923,GSE166923,34066165,PMC8150958
200175347,GSE175347,22955616,PMC3439153
200175336,GSE175336,22955616,PMC3439153
200175291,GSE175291,22955616,PMC3439153
200175221,GSE175221,22955616,PMC3439153
200175204,GSE175204,22955616,PMC3439153
200175197,GSE175197,22955616,PMC3439153
200175163,GSE175163,22955616,PMC3439153
200175126,GSE175126,22955616,PMC3439153
200175064,GSE175064,22955616,PMC3439153
200175056,GSE175056,22955616,PMC3439153
200175038,GSE175038,22955616,PMC3439153
200174998,GSE174998,22955616,PMC3439153
200174954,GSE174954,22955616,PMC3439153
200163803,GSE163803,34004147,PMC8567840
200163802,GSE163802,34004147,PMC8567840
200151385,GSE151385,34088716,PMC8256865
200171076,GSE171076,29514068,PMC5897043
200136630,GSE136630,34059508,PMC8745382
200174740,GSE174740,34439134,PMC8391235
200174717,GSE174717,34370213,PMC8505316
200167060,GSE167060,34019811,PMC8221567
200151513,GSE151513,33937724,PMC8074517
200173432,GSE173432,34103329,PMC8563395
200161090,GSE161090,33980824,PMC8116339
200154872,GSE154872,34001972,PMC8129150
200153694,GSE153694,33921957,PMC8122258
200152415,GSE152415,33906066,PMC8099593
200174520,GSE174520,34646389,PMC8490506
200169539,GSE169539,33946033;39273316,PMC8111319;PMC11394772
200161800,GSE161800,33983115,PMC8169122
200154919,GSE154919,34105235,PMC8339690
200173300,GSE173300,34065180,PMC8160902
200171729,GSE171729,34244513,PMC8270899
200166976,GSE166976,34149724,PMC8212864
200157096,GSE157096,34049503,PMC8164247
200155945,GSE155945,34026620,PMC8138323
200174443,GSE174443,34128839,PMC8321576
200173530,GSE173530,36441764,PMC9731500
200153867,GSE153867,33966038,PMC8175237
200150686,GSE150686,34552071,PMC8458293
200155010,GSE155010,33932087,PMC8564660
200148542,GSE148542,34324489,PMC8320976
200137752,GSE137752,34108665,PMC8324889
200116492,GSE116492,34129824,PMC8378827
200174330,GSE174330,34556645,PMC8460807
200171364,GSE171364,33947745,PMC8349796
200155547,GSE155547,34189439,PMC8215303
200155546,GSE155546,34189439,PMC8215303
200174169,GSE174169,35021089,PMC8796272
200174152,GSE174152,34395436;36003143,PMC8363264;PMC9393755
200160027,GSE160027,33958580,PMC8102500
200158438,GSE158438,33877296,PMC8095143
200155272,GSE155272,34042278,PMC8261488
200130385,GSE130385,33833385,PMC8102193
200128983,GSE128983,33973518,PMC8128439
200174267,GSE174267,34019788,PMC8183601
200174266,GSE174266,34019788,PMC8183601
200173783,GSE173783,34019788,PMC8183601
200152958,GSE152958,34142050,PMC8184503
200174128,GSE174128,34311131;34563222,PMC8365522;PMC8465700
200161021,GSE161021,33948992;37737266,PMC9026622;PMC10561733
200152755,GSE152755,33914706,PMC8203459
200171513,GSE171513,34063609,PMC8125555
200173662,GSE173662,33992677,PMC8608001
200169205,GSE169205,33945506,PMC8203465
200150038,GSE150038,33500709,PMC7797697
200173849,GSE173849,35091468,PMC8812561
200168611,GSE168611,33937262,PMC8082113
200162714,GSE162714,33945502,PMC8262282
200155919,GSE155919,33907296,PMC8079361
200155375,GSE155375,33907296,PMC8079361
200145645,GSE145645,33931443,PMC8087410
200140441,GSE140441,32788653,PMC8080762
200134886,GSE134886,33931030,PMC8088053
200131967,GSE131967,34172737,PMC8233332
200124064,GSE124064,32360601,PMC8081033
200173784,GSE173784,34112916,PMC8192788
200169087,GSE169087,34155378,PMC7611696
200168043,GSE168043,33941614,PMC7611293
200155231,GSE155231,34096575,PMC8216451
200151833,GSE151833,34158510,PMC8219801
200145397,GSE145397,33929501,PMC8114557
200173709,GSE173709,34286662,PMC8677047
200164939,GSE164939,30381297;34572907,PMC6442957;PMC8469149
200163815,GSE163815,34274947,PMC8413130
200163814,GSE163814,34274947,PMC8413130
200163813,GSE163813,34274947,PMC8413130
200155897,GSE155897,34012444,PMC8126711
200132295,GSE132295,34168370,PMC8434898
200171148,GSE171148,33922695,PMC8123022
200165286,GSE165286,33911148,PMC8080729
200164926,GSE164926,33931740;40613436,PMC8141032;PMC12231571
200163969,GSE163969,35402828,PMC8975083
200162706,GSE162706,35178834,PMC8990806
200151000,GSE151000,34466783;36325065,PMC8384902;PMC9619308
200173616,GSE173616,34258251,PMC8249207
200173221,GSE173221,34016118,PMC8139166
200166513,GSE166513,35332119;38750011,PMC8948260;PMC11096176
200165288,GSE165288,35654829,PMC9163075
200162187,GSE162187,36338974,PMC9634254
200148924,GSE148924,33824465;34683129,PMC8102200;PMC8541503
200148919,GSE148919,36012128,PMC9408752
200144964,GSE144964,34262028,PMC8280233
200156653,GSE156653,33930311;35565457,PMC9100622
200132966,GSE132966,33930311;35565457,PMC9100622
200173274,GSE173274,34059679,PMC8166871
200173273,GSE173273,34059679,PMC8166871
200142731,GSE142731,33839593,PMC8058567
200142258,GSE142258,33839593,PMC8058567
200173377,GSE173377,34023508,PMC8530944
200173302,GSE173302,34145035,PMC8373817
200167075,GSE167075,33961823,PMC8090989
200167005,GSE167005,33911178,PMC8550965
200173342,GSE173342,33853962,PMC8315978
200160383,GSE160383,33971925,PMC8108447
200154190,GSE154190,33879449,PMC8419081
200145537,GSE145537,34162892,PMC8222265
200141335,GSE141335,33730585,PMC8057695
200141333,GSE141333,33730585,PMC8057695
200173194,GSE173194,34326171,PMC8323398
200173169,GSE173169,34099670,PMC8184780
200164921,GSE164921,34136390,PMC8201516
200173116,GSE173116,34524860,PMC9719791
200161961,GSE161961,34010296;37682902,PMC8133447;PMC10490896
200155398,GSE155398,33664848,PMC7914352
200153853,GSE153853,33833412,PMC9113930
200128570,GSE128570,33958723,PMC8298201
200106516,GSE106516,33960111,PMC8366456
200165255,GSE165255,33911468,PMC8047535
200163977,GSE163977,34012434,PMC8126722
200161420,GSE161420,33886505,PMC8262355
200160946,GSE160946,33859174,PMC8050313
200158097,GSE158097,33502104,PMC8049977
200150216,GSE150216,34158490,PMC8219694
200147305,GSE147305,33626321,PMC8052288
200172370,GSE172370,34050636,PMC8336515
200172359,GSE172359,33987102,PMC8111292
200172318,GSE172318,36271440,PMC9587560
200164405,GSE164405,33799331,PMC8001983
200161761,GSE161761,33806906,PMC8004890
200161760,GSE161760,33806906,PMC8004890
200160683,GSE160683,32353949;33066523,PMC7281449;PMC7602184
200158739,GSE158739,33839687,PMC7611478
200157401,GSE157401,33731694,PMC7969951
200157365,GSE157365,33731694,PMC7969951
200172275,GSE172275,34105998,PMC8312881
200153410,GSE153410,33761351,PMC7611173
200150443,GSE150443,33852846;34818047,PMC10108902;PMC8612691
200144642,GSE144642,34163069,PMC8647409
200137270,GSE137270,33878299,PMC8062036
200137245,GSE137245,33878299,PMC8062036
200172100,GSE172100,34244297,PMC8416787
200161518,GSE161518,33827814,PMC8026124
200158387,GSE158387,33883278,PMC8092411
200171992,GSE171992,33804860,PMC8036390
200166996,GSE166996,33803922,PMC7999120
200165732,GSE165732,33912921,PMC8106952
200160253,GSE160253,33824309,PMC8024252
200158669,GSE158669,33664453,PMC8026734
200152258,GSE152258,33762305,PMC8020767
200169682,GSE169682,34336831,PMC8321512
200146722,GSE146722,33093149,PMC7785673
200115335,GSE115335,33893149,PMC7611624
200113268,GSE113268,31555743,PMC6750908
200171837,GSE171837,34568832,PMC8462183
200168670,GSE168670,33846123,PMC8254790
200168665,GSE168665,33846123,PMC8254790
200168663,GSE168663,33846123,PMC8254790
200164804,GSE164804,33996816,PMC8116664
200149426,GSE149426,33611811,PMC8034452
200171711,GSE171711,33941899,PMC8387338
200171664,GSE171664,34836940,PMC8626493
200171650,GSE171650,34038737,PMC8170369
200164726,GSE164726,34465901,PMC8863208
200160703,GSE160703,33874979,PMC8054409
200124769,GSE124769,33836152,PMC8119378
200171552,GSE171552,33902674,PMC8074444
200166972,GSE166972,33791305,PMC8006284
200165195,GSE165195,33883224,PMC8315968
200165194,GSE165194,33883224,PMC8315968
200160245,GSE160245,33816248,PMC8010247
200158258,GSE158258,33796454,PMC8008117
200149206,GSE149206,33782107,PMC8009229
200144372,GSE144372,33596420,PMC8006859
200171486,GSE171486,34789165,PMC8600871
200171485,GSE171485,34789165,PMC8600871
200171473,GSE171473,34221969,PMC8242932
200165181,GSE165181,34663689,PMC8647826
200159824,GSE159824,33987019,PMC8086570
200123490,GSE123490,34155404,PMC8238916
200138417,GSE138417,34168367,PMC9249104
200171358,GSE171358,34095877,PMC8149375
200147932,GSE147932,33596640,PMC8719092
200147931,GSE147931,33596640,PMC8719092
200164894,GSE164894,33897436,PMC8061304
200163067,GSE163067,33968037,PMC8100505
200162052,GSE162052,34836971,PMC8626462
200161144,GSE161144,34174808,PMC8236165
200160826,GSE160826,35019730,PMC8754100
200160393,GSE160393,33724955,PMC8119192
200159164,GSE159164,34429326,PMC8595749
200159153,GSE159153,33763698,PMC8667054
200157153,GSE157153,33331115,PMC8024726
200153735,GSE153735,34389725,PMC8363664
200152397,GSE152397,34448811,PMC8525237
200149035,GSE149035,39301750,PMC11694165
200148033,GSE148033,34396988,PMC8363279
200142514,GSE142514,33876749,PMC8054020
200133979,GSE133979,33923976,PMC8073275
200171197,GSE171197,34103370,PMC8591704
200165767,GSE165767,36230972,PMC9564335
200162475,GSE162475,33807411,PMC8037275
200163071,GSE163071,34040258,PMC8346229
200161616,GSE161616,34488783,PMC8419920
200159964,GSE159964,33789109,PMC8111960
200157300,GSE157300,33764853,PMC8098069
200153980,GSE153980,34552146,PMC8458439
200142331,GSE142331,33789109,PMC8111960
200142329,GSE142329,33789109,PMC8111960
200171011,GSE171011,34188490,PMC8232851
200158947,GSE158947,34099697,PMC8185002
200148657,GSE148657,32455980,PMC7281239
200129305,GSE129305,34520743,PMC8857039
200151064,GSE151064,33975627,PMC8112059
200169743,GSE169743,34083519,PMC8175569
200169722,GSE169722,33898319,PMC8063044
200149146,GSE149146,34090482,PMC8180030
200166609,GSE166609,33785524,PMC8046419
200139974,GSE139974,33357448,PMC8043252
200112350,GSE112350,30927911,PMC6441211
200168493,GSE168493,33766982,PMC8015722
200162186,GSE162186,33980985,PMC8115294
200152239,GSE152239,33782537,PMC8478650
200150772,GSE150772,33915080,PMC8423434
200169418,GSE169418,33986188,PMC8262342
200163044,GSE163044,33631116;36070144,PMC8110245;PMC9547787
200162198,GSE162198,33726845,PMC7967996
200159931,GSE159931,33741901,PMC7979773
200147705,GSE147705,34113809,PMC8169803
200169321,GSE169321,34580113,PMC9401459
200168602,GSE168602,36267209,PMC9575185
200164098,GSE164098,33493519,PMC7949158
200160091,GSE160091,34263179;40849896,PMC8277122;PMC12507408
200169059,GSE169059,33795748,PMC8016878
200161087,GSE161087,33829040,PMC8019740
200161086,GSE161086,33829040,PMC8019740
200148047,GSE148047,34258103,PMC8265280
200169255,GSE169255,33807176,PMC8036618
200146901,GSE146901,34140506,PMC8211852
200167249,GSE167249,33589497,PMC7938802
200159353,GSE159353,33712565,PMC7955082
200155972,GSE155972,33953401,PMC9166167
200155371,GSE155371,33601339,PMC7950289
200153637,GSE153637,34458856,PMC8388313
200169000,GSE169000,33921698,PMC8073694
200162393,GSE162393,33431701,PMC8090939
200141987,GSE141987,33977073,PMC8097366
200168922,GSE168922,35933472,PMC9357016
200158596,GSE158596,33683343,PMC7948263
200156423,GSE156423,33717143,PMC7953504
200127934,GSE127934,33708200,PMC7940519
200105029,GSE105029,33851096,PMC8022221
200168888,GSE168888,35151311,PMC8841122
200153823,GSE153823,33046535;35366798,PMC7614603;PMC8977041
200148355,GSE148355,33772139,PMC7997876
200162270,GSE162270,33728422,PMC8205956
200157517,GSE157517,33429428,PMC8168141
200168843,GSE168843,34094961,PMC8176115
200166798,GSE166798,34183647,PMC8238956
200168745,GSE168745,33896016,PMC9942701
200168706,GSE168706,34839571,PMC8819338
200151276,GSE151276,33709453,PMC8013850
200137048,GSE137048,33758101,PMC8020771
200159466,GSE159466,33679867,PMC7925891
200153348,GSE153348,33972549,PMC8110775
200144958,GSE144958,33692124,PMC7980444
200166047,GSE166047,33671464;33924951;34901353,PMC7922682;PMC8145808;PMC8640228
200164677,GSE164677,33681213,PMC7930499
200163937,GSE163937,33670495,PMC7922270
200163639,GSE163639,33803266,PMC7967175
200157725,GSE157725,33290632,PMC7898707
200153468,GSE153468,33674758,PMC7935961
200152015,GSE152015,33741342,PMC8079281
200149763,GSE149763,33596784,PMC7897819
200140374,GSE140374,33218968,PMC7854508
200168498,GSE168498,33808696,PMC8003509
200168484,GSE168484,34964438,PMC8758141
200161437,GSE161437,33720519;35563134,PMC8334257;PMC9102906
200158953,GSE158953,33729568,PMC9211384
200148522,GSE148522,33664368,PMC7933146
200168404,GSE168404,34084179,PMC8168535
200165278,GSE165278,33588426,PMC8057670
200147085,GSE147085,33875663,PMC8055995
200111675,GSE111675,30279734,PMC6160778
200111674,GSE111674,30279734,PMC6160778
200111673,GSE111673,30279734,PMC6160778
200168326,GSE168326,34019812,PMC8190596
200166122,GSE166122,33671345,PMC7922145
200155186,GSE155186,33658703,PMC8257622
200168205,GSE168205,33913810,PMC8143797
200162438,GSE162438,33670926;33802447,PMC7957585;PMC7959459
200159747,GSE159747,34316702,PMC8210184
200154394,GSE154394,33846320,PMC8042111
200149493,GSE149493,33879794,PMC8058046
200168102,GSE168102,33734579,PMC8026919
200167968,GSE167968,33731366;33649772;35927247,PMC8172525;PMC8462405;PMC9352682
200155858,GSE155858,33627630,PMC7904855
200144752,GSE144752,33911076,PMC8080841
200167971,GSE167971,33795650,PMC8017009
200167956,GSE167956,35031618,PMC8760265
200166428,GSE166428,33658347;35297672,PMC8139656;PMC9006913
200164261,GSE164261,33498201,PMC7908983
200152003,GSE152003,33747911,PMC7970185
200138787,GSE138787,33378675,PMC7901356
200111354,GSE111354,34036652,PMC9639216
200167827,GSE167827,33960931,PMC8104960
200167440,GSE167440,34734184,PMC8559160
200164693,GSE164693,33651980,PMC8172426
200163882,GSE163882,35935976,PMC9352856
200157712,GSE157712,34784301,PMC8783691
200152740,GSE152740,33622174,PMC8078538
200147840,GSE147840,34728628,PMC8563902
200165211,GSE165211,33547159,PMC8337092
200158521,GSE158521,33657400,PMC8056186
200167590,GSE167590,33693707,PMC8101357
200167547,GSE167547,33859949,PMC8042314
200167495,GSE167495,36596852,PMC9898288
200166794,GSE166794,33639972,PMC7913442
200161959,GSE161959,33791218,PMC8005808
200167480,GSE167480,33742149,PMC7975240
200167473,GSE167473,33941777;36722641,PMC8093243;PMC9994481
200167432,GSE167432,35264579,PMC8907293
200167395,GSE167395,34714577,PMC8748246
200163761,GSE163761,33732651,PMC7959325
200147543,GSE147543,33631117,PMC8106629
200141880,GSE141880,33626345,PMC7954228
200167362,GSE167362,33833992,PMC8023048
200167345,GSE167345,34127945,PMC8196240
200163469,GSE163469,33527899,PMC7886351
200163466,GSE163466,33527899,PMC7886351
200158480,GSE158480,33411340,PMC7883053
200154545,GSE154545,33657372,PMC7970065
200150085,GSE150085,33990599,PMC8121805
200145790,GSE145790,33391515,PMC7738850
200136725,GSE136725,33250513,PMC7884794
200167300,GSE167300,35110572,PMC8810888
200149536,GSE149536,33601056,PMC8178527
200166801,GSE166801,33431608,PMC8026526
200131005,GSE131005,33568479,PMC7875532
200111410,GSE111410,33621485;33798424,PMC7613297
200111004,GSE111004,29649003,PMC6025969
200167099,GSE167099,33889549,PMC8056175
200167097,GSE167097,34071205,PMC8198550
200162689,GSE162689,33711030,PMC7954335
200162281,GSE162281,33658346,PMC8139675
200161960,GSE161960,33498476,PMC7930955
200150228,GSE150228,33941243,PMC8091538
200167001,GSE167001,33777335,PMC7960499
200166942,GSE166942,34463254,PMC8463077
200165690,GSE165690,33756106,PMC8141029
200163240,GSE163240,33705753,PMC12178334
200162894,GSE162894,33593877,PMC9533326
200162743,GSE162743,33377281,PMC7875906
200157574,GSE157574,33580144,PMC7881197
200166773,GSE166773,34462366,PMC8559619
200165952,GSE165952,33662046,PMC7963093
200165849,GSE165849,33540698,PMC7867223
200163899,GSE163899,33535616,PMC7867154
200153907,GSE153907,33748720,PMC7957120
200145889,GSE145889,33579893,PMC7881003
200145663,GSE145663,33846331,PMC8042060
200118216,GSE118216,30481782;40792023,PMC12337702
200165552,GSE165552,33577798;34919964,PMC7948511;PMC8761705
200166630,GSE166630,36618265,PMC9800263
200166621,GSE166621,35875066,PMC9300928
200163275,GSE163275,33673123,PMC7917770
200162205,GSE162205,33406420,PMC8485877
200150081,GSE150081,33539590,PMC8248163
200145075,GSE145075,33555349,PMC7969022
200166539,GSE166539,33709473,PMC8103098
200166449,GSE166449,33857424,PMC9310669
200166448,GSE166448,34671012,PMC8528917
200162749,GSE162749,34108231,PMC8370741
200161559,GSE161559,34108230,PMC8370746
200159851,GSE159851,33560373,PMC8643445
200157951,GSE157951,33613715,PMC7856692
200156699,GSE156699,33499129;33727600;34429773;35884615;37165578;37444425;39941116,PMC7865736;PMC7971042;PMC8371958;PMC9323510;PMC10172618;PMC10340580;PMC11818617
200154146,GSE154146,33591310,PMC7969023
200153250,GSE153250,33626359,PMC7921846
200150252,GSE150252,33596994,PMC7888175
200150203,GSE150203,33453168,PMC7611325
200143561,GSE143561,33558336,PMC10266546
200122986,GSE122986,33650667,PMC7859996
200166392,GSE166392,33679782,PMC7925617
200157659,GSE157659,33846488,PMC8042017
200162069,GSE162069,33854057,PMC8046803
200157374,GSE157374,33529999,PMC7851772
200153972,GSE153972,33521702,PMC7817874
200150099,GSE150099,33541373,PMC7863273
200149920,GSE149920,33208912;35426938,PMC7856044;PMC9357204
200149670,GSE149670,33626351;40128719,PMC8006058;PMC11934474
200166279,GSE166279,35270010,PMC8911444
200166143,GSE166143,35646538,PMC9136613
200159920,GSE159920,33854239,PMC8246597
200156185,GSE156185,33627408,PMC7936362
200154257,GSE154257,33197925,PMC8215192
200146588,GSE146588,33854239,PMC8246597
200145805,GSE145805,33623109,PMC7900654
200161341,GSE161341,33716953,PMC7945945
200153395,GSE153395,33475085,PMC7884071
200165972,GSE165972,33693958,PMC7979257
200164141,GSE164141,33495298;35681561;36754452;37821650;38740827,PMC7839859;PMC9179855;PMC9923360;PMC10567710;PMC11091074
200155007,GSE155007,33633154,PMC7907272
200165340,GSE165340,33568513,PMC8104106
200161501,GSE161501,38693155,PMC11063049
200152650,GSE152650,33589614,PMC7884843
200165248,GSE165248,33850637,PMC8022159
200165247,GSE165247,33850637,PMC8022159
200160658,GSE160658,33767452,PMC7610630
200158090,GSE158090,34686315,PMC8931856
200152323,GSE152323,33468559,PMC8088126
200151423,GSE151423,33535553,PMC7867039
200151419,GSE151419,33535553,PMC7867039
200150982,GSE150982,33833453,PMC8270111
200144833,GSE144833,33653947,PMC7958225
200133139,GSE133139,33767452,PMC7610630
200133107,GSE133107,33767452,PMC7610630
200132749,GSE132749,33548228,PMC7949156
200163547,GSE163547,34214467,PMC8220945
200154494,GSE154494,34326467,PMC9511212
200152312,GSE152312,32859606,PMC8445072
200136401,GSE136401,33208770,PMC7675970
200165766,GSE165766,33649794,PMC7934226
200165724,GSE165724,34238982,PMC8266864
200158678,GSE158678,33476703,PMC8035426
200145567,GSE145567,33654095,PMC7925689
200145108,GSE145108,33654095,PMC7925689
200139261,GSE139261,33846316,PMC8042097
200125836,GSE125836,32888955,PMC9004592
200165624,GSE165624,33556960,PMC8328983
200162104,GSE162104,33436496,PMC8666826
200162004,GSE162004,33505426,PMC7831514
200145789,GSE145789,33846619,PMC8159865
200165595,GSE165595,35042936,PMC8766575
200163601,GSE163601,33750796,PMC7943813
200162179,GSE162179,33306960,PMC9341432
200161283,GSE161283,33490071,PMC7817781
200157236,GSE157236,33643691,PMC7872097
200148538,GSE148538,33471819,PMC7817027
200147523,GSE147523,33490078;33531590,PMC7815690;PMC7854679
200115096,GSE115096,33782403,PMC8007823
200151934,GSE151934,33422939,PMC7809436
200147352,GSE147352,33539787,PMC7979509
200143781,GSE143781,32714863,PMC7344276
200140253,GSE140253,33239721,PMC7809021
200139455,GSE139455,33530306,PMC7865718
200165304,GSE165304,33690800;35115654,PMC8233685;PMC8814058
200150040,GSE150040,33782401,PMC8007824
200134615,GSE134615,33658690,PMC8725601
200157256,GSE157256,33402335,PMC8039187
200144102,GSE144102,33564071,PMC7946643
200165183,GSE165183,33864660,PMC8025462
200163370,GSE163370,33451349,PMC7809770
200147046,GSE147046,33388419,PMC8058445
200145043,GSE145043,33541860;34479963,PMC8178179;PMC8530929
200143905,GSE143905,35354884,PMC8969163
200136920,GSE136920,33452395,PMC7810865
200132447,GSE132447,33434274,PMC7802813
200165137,GSE165137,33761896,PMC7992817
200165115,GSE165115,33741917,PMC7979729
200161170,GSE161170,33513133,PMC7875385
200160252,GSE160252,33383671,PMC7795159
200152220,GSE152220,33416164,PMC7757089
200150400,GSE150400,33472061,PMC7871196
200149315,GSE149315,33437212,PMC7797529
200146517,GSE146517,33450187,PMC8145876
200143948,GSE143948,33777799,PMC7987952
200163539,GSE163539,36335093,PMC9637107
200161349,GSE161349,33436496,PMC8666826
200164158,GSE164158,33552118,PMC7863988
200150539,GSE150539,34608273,PMC8901790
200164949,GSE164949,33795428,PMC8049103
200164887,GSE164887,33469989,PMC8096796
200163214,GSE163214,33445503,PMC7826843
200156332,GSE156332,32911332,PMC7490531
200155345,GSE155345,33497421,PMC7864721
200145525,GSE145525,33446572,PMC7849361
200144214,GSE144214,33594203,PMC7886870
200163746,GSE163746,33608544,PMC7895829
200156009,GSE156009,33446637,PMC7809369
200154909,GSE154909,33436389,PMC8178177
200152123,GSE152123,33436389,PMC8178177
200152121,GSE152121,33436389,PMC8178177
200164642,GSE164642,32878879,PMC7860133
200161070,GSE161070,33398073,PMC7782543
200160499,GSE160499,33414469,PMC7790830
200149233,GSE149233,33203729,PMC7790990
200145407,GSE145407,33414433,PMC7791116
200139528,GSE139528,33414468,PMC7791038
200137053,GSE137053,33375322,PMC7795790
200136332,GSE136332,33406418;34458869,PMC8197658;PMC8379522
200126658,GSE126658,33514835,PMC7846610
200164544,GSE164544,33732646,PMC7959730
200162832,GSE162832,33553272,PMC7855975
200152291,GSE152291,33502116,PMC7838827
200164531,GSE164531,33632899,PMC8286295
200162285,GSE162285,33417832,PMC8670073
200158262,GSE158262,33063904,PMC7780018
200154168,GSE154168,33692367,PMC7946914
200152385,GSE152385,33416496,PMC7793627
200143442,GSE143442,32265227,PMC8294167
200141696,GSE141696,33542078,PMC8653766
200128580,GSE128580,35121941,PMC10734094
200164495,GSE164495,34610961,PMC9744461
200164492,GSE164492,33970103,PMC8195604
200159528,GSE159528,33505907,PMC7832584
200164431,GSE164431,34296805,PMC8419699
200164340,GSE164340,33828201,PMC8027391
200164334,GSE164334,33671637,PMC7927021
200145356,GSE145356,33417860,PMC8437243
200164326,GSE164326,34858498,PMC8632397
200163374,GSE163374,33526787,PMC7851397
200149246,GSE149246,33318173,PMC7777191
200164179,GSE164179,33451982,PMC8346515
200145471,GSE145471,33031100,PMC7773370
200164150,GSE164150,33889540,PMC8056216
200157293,GSE157293,33384713,PMC7770169
200159852,GSE159852,33379241,PMC7838888
200164133,GSE164133,33355532,PMC7813545
200164132,GSE164132,33355532,PMC7813545
200162427,GSE162427,33466695,PMC7828837
200160723,GSE160723,33388344,PMC8542389
200156969,GSE156969,33784351,PMC8009363
200153713,GSE153713,35396222,PMC10852100
200149523,GSE149523,35192608,PMC8863262
200145141,GSE145141,33323928,PMC7738522
200139651,GSE139651,32703768,PMC8194360
200139004,GSE139004,33514403,PMC7845134
200161631,GSE161631,33297432,PMC7762230
200160302,GSE160302,33317041,PMC7763492
200160071,GSE160071,33523948,PMC10964968
200159531,GSE159531,33316876,PMC7763367
200156328,GSE156328,33514539,PMC7846160
200154041,GSE154041,32661549,PMC7906066
200153610,GSE153610,33327714;34012444,PMC8094106;PMC8126711
200153264,GSE153264,33382982,PMC7867650
200152705,GSE152705,33229459,PMC8086191
200151280,GSE151280,33561012,PMC8011889
200151083,GSE151083,33255236;33339129,PMC7759897;PMC7765584
200150807,GSE150807,33255236;33339129,PMC7759897;PMC7765584
200147440,GSE147440,33376190;36441764,PMC7962486;PMC9731500
200147199,GSE147199,32965543,PMC11801979
200143957,GSE143957,32862732,PMC7951966
200142221,GSE142221,34101624,PMC8279591
200139190,GSE139190,34354266,PMC8446310
200115357,GSE115357,33156908,PMC7820877
200114564,GSE114564,35205612;35456219;35729324;36599932,PMC8870597;PMC9027255;PMC9256715;PMC9898302
200110989,GSE110989,31452782,PMC6676401
200158095,GSE158095,33420368,PMC7892341
200156775,GSE156775,33040078,PMC7548007
200155452,GSE155452,34533562,PMC8458781
200154451,GSE154451,33418509;38464090;39189258,PMC7804970;PMC10925438;PMC11348144
200151025,GSE151025,33355532,PMC7813545
200151024,GSE151024,33355532,PMC7813545
200163923,GSE163923,34085923,PMC8192121
200163906,GSE163906,33428749,PMC8661409
200156541,GSE156541,33320836,PMC7934873
200151159,GSE151159,33354656,PMC7746204
200160008,GSE160008,33575210,PMC7871909
200155164,GSE155164,35294258,PMC9311231
200148265,GSE148265,33356791,PMC7849761
200146624,GSE146624,33355184,PMC8026650
200131912,GSE131912,33414171,PMC8137540
200163817,GSE163817,34654425,PMC8520256
200152414,GSE152414,33342034,PMC8096786
200123740,GSE123740,33772001,PMC7998036
200155749,GSE155749,33470497,PMC8248136
200147635,GSE147635,33712610,PMC7954855
200143223,GSE143223,34658689,PMC7611838
200163646,GSE163646,33438577,PMC7857731
200160692,GSE160692,33415077,PMC7784081
200157986,GSE157986,33275145,PMC7736799
200152634,GSE152634,33335226,PMC7746726
200148175,GSE148175,33558760,PMC7614082
200143415,GSE143415,34316693,PMC8210124
200139203,GSE139203,31820786;36372230,PMC9764199
200156531,GSE156531,33067268,PMC8647946
200151514,GSE151514,33490904,PMC7811140
200147010,GSE147010,33308298,PMC7731507
200147009,GSE147009,33308298;34976440,PMC7731507;PMC8693350
200111709,GSE111709,33416891,PMC7802370
200163517,GSE163517,33404013,PMC7846273
200163468,GSE163468,33634013,PMC7900521
200161950,GSE161950,33731701,PMC7969754
200148228,GSE148228,32601208,PMC7368267
200160748,GSE160748,33331994,PMC7847432
200150892,GSE150892,33426808,PMC7926262
200150717,GSE150717,33334821,PMC7778265
200150716,GSE150716,33334821,PMC7778265
200163377,GSE163377,34453119,PMC8738768
200162056,GSE162056,33339161,PMC7765595
200150588,GSE150588,33338397,PMC7867654
200149049,GSE149049,33331926,PMC7751359
200124628,GSE124628,33795683;37041291,PMC8016872;PMC10089381
200124627,GSE124627,33795683;37041291,PMC8016872;PMC10089381
200124626,GSE124626,33795683;37041291,PMC8016872;PMC10089381
200142975,GSE142975,33252038,PMC7728445
200142809,GSE142809,33741908,PMC7979745
200131568,GSE131568,33313120;35087744,PMC7723659;PMC8786726
200161148,GSE161148,33255413,PMC7727862
200159889,GSE159889,33291443,PMC7762192
200159791,GSE159791,33287223,PMC7730278
200159739,GSE159739,33291443,PMC7762192
200133933,GSE133933,36303838,PMC9593058
200162353,GSE162353,33378668,PMC7809772
200154057,GSE154057,33323965,PMC7878189
200154938,GSE154938,33361404;35223493,PMC7759960;PMC8867579
200154086,GSE154086,33284104,PMC7746233
200153333,GSE153333,33589522,PMC7887377
200162945,GSE162945,33552051,PMC7862546
200161502,GSE161502,34627389,PMC8502397
200159004,GSE159004,33795875,PMC8162121
200154559,GSE154559,33392083,PMC7772431
200143975,GSE143975,33795875,PMC8162121
200142499,GSE142499,33269701,PMC7735754
200162836,GSE162836,33854627,PMC8040704
200149675,GSE149675,33616307,PMC7933935
200149671,GSE149671,33616307,PMC7933935
200147449,GSE147449,33277602,PMC7718249
200138963,GSE138963,33330063,PMC7710661
200149031,GSE149031,33186461;38368441,PMC7686885;PMC10997508
200145368,GSE145368,33298525,PMC7948402
200162627,GSE162627,33323517,PMC7773998
200161351,GSE161351,33436641,PMC7804257
200160123,GSE160123,33141118,PMC7685726
200159493,GSE159493,33228208,PMC7699520
200159260,GSE159260,33207694,PMC7697094
200153499,GSE153499,33292639,PMC7718662
200148636,GSE148636,33296667,PMC8052261
200147171,GSE147171,33232910,PMC7691619
200140406,GSE140406,35290621,PMC8979909
200132829,GSE132829,32946850,PMC8039011
200109203,GSE109203,33304451,PMC7695927
200162720,GSE162720,33478577,PMC7818937
200162716,GSE162716,33717142,PMC7952299
200157496,GSE157496,33347625,PMC7883293
200143780,GSE143780,33232305,PMC7821587
200159905,GSE159905,33738254,PMC7960914
200162611,GSE162611,32855269,PMC7718321
200162592,GSE162592,34079898,PMC8161486
200160637,GSE160637,33547282,PMC7865055
200142179,GSE142179,33259601,PMC7724907
200162564,GSE162564,33431496,PMC8102310
200162532,GSE162532,33508385;37029299,PMC7981256;PMC10205688
200162515,GSE162515,34593797,PMC8484618
200162487,GSE162487,33681816,PMC7935131
200152317,GSE152317,32690540,PMC7642036
200162366,GSE162366,33692367,PMC7946914
200152737,GSE152737,33913810,PMC8143797
200145536,GSE145536,33239740,PMC7689471
200144378,GSE144378,32956836,PMC7686120
200144020,GSE144020,33443130,PMC8026652
200140578,GSE140578,33148654,PMC7673688
200140577,GSE140577,33148654,PMC7673688
200136931,GSE136931,33170271,PMC7708066
200133183,GSE133183,33514712,PMC7846766
200161942,GSE161942,33479234,PMC7820416
200160678,GSE160678,33285511,PMC7856191
200150933,GSE150933,33321074,PMC7837212
200162295,GSE162295,34931347,PMC9305535
200162215,GSE162215,34145290,PMC8213729
200144287,GSE144287,33768209,PMC7610389
200144286,GSE144286,33768209,PMC7610389
200142314,GSE142314,33208761,PMC7676271
200162095,GSE162095,33445472,PMC7838980
200125834,GSE125834,33586907,PMC7926219
200125833,GSE125833,33586907,PMC7926219
200125832,GSE125832,33586907,PMC7926219
200085656,GSE85656,33586907,PMC7926219
200151904,GSE151904,33482121,PMC8143037
200146776,GSE146776,33536615,PMC7969354
200144961,GSE144961,33452241,PMC7810852
200128405,GSE128405,32366480,PMC7611217
200150548,GSE150548,33564070,PMC8049873
200161914,GSE161914,34930403,PMC8690403
200156461,GSE156461,33661764,PMC8262506
200151957,GSE151957,33219129;41349769,PMC7949079;PMC12800686
200161231,GSE161231,33288886,PMC7862062
200160928,GSE160928,33288886,PMC7862062
200148062,GSE148062,33207202,PMC7703850
200161513,GSE161513,31727771,PMC6942053
200156308,GSE156308,33661764,PMC8262506
200137403,GSE137403,33332735,PMC7863405
200161385,GSE161385,33619278,PMC7900178
200153502,GSE153502,34316692,PMC8210301
200123891,GSE123891,33188013,PMC7673760
200161379,GSE161379,34631280,PMC8479293
200161243,GSE161243,33218188,PMC7709014
200160159,GSE160159,33362237,PMC7757817
200159547,GSE159547,33177106,PMC8601150
200154340,GSE154340,32780991,PMC7606608
200146726,GSE146726,33287884,PMC7722315
200145984,GSE145984,33287884,PMC7722315
200148473,GSE148473,33176148;35326450,PMC7682620;PMC8946988
200140960,GSE140960,33054128,PMC8485690
200147147,GSE147147,32499560,PMC7608409
200142031,GSE142031,32415222,PMC7608858
200129408,GSE129408,33121495,PMC7599101
200124409,GSE124409,33155082,PMC8934373
200160882,GSE160882,33402692,PMC7785735
200145275,GSE145275,32068780,PMC7146021
200145274,GSE145274,32068780,PMC7146021
200160803,GSE160803,34568799,PMC8449240
200160792,GSE160792,33483506,PMC7822815
200158271,GSE158271,33096700,PMC7590168
200160705,GSE160705,33335029,PMC7745695
200137469,GSE137469,33292531,PMC7722448
200132024,GSE132024,32960359,PMC11802017
200160693,GSE160693,33332422,PMC7745986
200149682,GSE149682,33106374,PMC8923240
200160609,GSE160609,33271120,PMC7874576
200160608,GSE160608,33271120,PMC7874576
200158527,GSE158527,33148698,PMC7949065
200154496,GSE154496,34520622,PMC8807366
200142083,GSE142083,33106477,PMC7589524
200141352,GSE141352,33115415;35264144,PMC7594334;PMC8908634
200136823,GSE136823,32847042,PMC7563274
200128133,GSE128133,33106477,PMC7589524
200122923,GSE122923,33096335,PMC7581977
200158557,GSE158557,34919781,PMC9462842
200142706,GSE142706,33326447;34988553;39936983,PMC7743957;PMC8725614;PMC11816438
200160524,GSE160524,33378683,PMC7788286
200151699,GSE151699,33060135,PMC7608751
200160434,GSE160434,34071585,PMC8228339
200160420,GSE160420,34585664,PMC8500713
200160417,GSE160417,34739319,PMC8570610
200155343,GSE155343,33143259,PMC7662237
200144714,GSE144714,34635154,PMC8504099
200121501,GSE121501,34635154,PMC8504099
200121139,GSE121139,34635154,PMC8504099
200160322,GSE160322,34071585,PMC8228339
200160296,GSE160296,33395745,PMC7726447
200155887,GSE155887,33330050,PMC7735156
200160195,GSE160195,33680922,PMC7928352
200160186,GSE160186,33507295,PMC7845010
200156147,GSE156147,32890658,PMC7572825
200147159,GSE147159,33034134,PMC7782081
200146856,GSE146856,33096483,PMC7581881
200131182,GSE131182,33330021;35087744,PMC7729060;PMC8786726
200159525,GSE159525,33097530,PMC7608835
200149390,GSE149390,33181138,PMC7888193
200147503,GSE147503,33088975,PMC7566100
200160018,GSE160018,33980863,PMC8115531
200160001,GSE160001,33980863,PMC8115531
200148010,GSE148010,33172974,PMC7925369
200139436,GSE139436,33431820;40195782,PMC7801379;PMC12101050
200139392,GSE139392,32111229,PMC7048151
200159925,GSE159925,32614991,PMC7540375
200159522,GSE159522,33147445,PMC7584921
200159797,GSE159797,33497493,PMC8451758
200159391,GSE159391,33167906,PMC7654162
200156902,GSE156902,33103128,PMC7576690
200148003,GSE148003,33172933;35931676,PMC7855035;PMC9356138
200147911,GSE147911,32438399,PMC7544545
200145955,GSE145955,32971831,PMC7564175
200144194,GSE144194,33024077,PMC7538552
200140768,GSE140768,33086074,PMC7574900
200142556,GSE142556,33139924,PMC8027220
200139263,GSE139263,33311468,PMC7733473
200159620,GSE159620,33472068,PMC7886050
200159559,GSE159559,33634993,PMC7882096
200159548,GSE159548,33437943,PMC7788232
200157610,GSE157610,33055416,PMC7710300
200152661,GSE152661,33075803,PMC7749707
200139091,GSE139091,32966797,PMC7551404
200138636,GSE138636,32901876,PMC7551351
200127988,GSE127988,33113355,PMC8009031
200156943,GSE156943,33298946,PMC7725834
200156942,GSE156942,33298946,PMC7725834
200156941,GSE156941,33298946,PMC7725834
200156940,GSE156940,33298946,PMC7725834
200105090,GSE105090,31602373,PMC6738276
200144484,GSE144484,33063451,PMC7726806
200105001,GSE105001,29937226,PMC6063761
200148910,GSE148910,33109754,PMC7593962
200139050,GSE139050,33176887,PMC7661209
200130067,GSE130067,31888209,PMC6966629
200153839,GSE153839,33014878,PMC7500455
200148377,GSE148377,33024153,PMC7538935
200145372,GSE145372,33024199;33312754;40537980,PMC7538942;PMC7701031;PMC12426746
200145068,GSE145068,33016930,PMC7598076
200152441,GSE152441,32826232,PMC8044910
200150806,GSE150806,33178188,PMC7593774
200147238,GSE147238,33376781,PMC7760485
200149433,GSE149433,32989253,PMC7655549
200159322,GSE159322,33147339,PMC7656934
200159319,GSE159319,33147339,PMC7656934
200159304,GSE159304,33057152,PMC7790757
200143862,GSE143862,33298911,PMC7725785
200159263,GSE159263,29348189,PMC5882512
200159220,GSE159220,35068348,PMC8973770
200158672,GSE158672,33033055,PMC7608747
200156886,GSE156886,33178585,PMC7592903
200149156,GSE149156,33194615,PMC7649802
200142827,GSE142827,33420027,PMC7794382
200142825,GSE142825,33420027,PMC7794382
200159095,GSE159095,33177155,PMC7790869
200151484,GSE151484,32634130,PMC7524479
200149346,GSE149346,32985581,PMC7522078
200131257,GSE131257,33042264,PMC7532671
200159052,GSE159052,33152268,PMC7687292
200159049,GSE159049,33203881;35944584,PMC7673140;PMC9463537
200156221,GSE156221,33163396,PMC7580256
200145148,GSE145148,32877684,PMC7530826
200147334,GSE147334,32995120,PMC7507032
200142525,GSE142525,32978372,PMC7519164
200158949,GSE158949,32575908;33445692;37858159,PMC7352549;PMC7828139;PMC10585874
200158933,GSE158933,33731803,PMC7969766
200158925,GSE158925,31558698,PMC6763495
200158885,GSE158885,34291801,PMC8298264
200146890,GSE146890,32872518,PMC7503638
200135537,GSE135537,33091126,PMC7672458
200126742,GSE126742,33298911,PMC7725785
200126741,GSE126741,33298911,PMC7725785
200126739,GSE126739,33298911,PMC7725785
200158847,GSE158847,34395257,PMC8358774
200158303,GSE158303,33847741,PMC8045513
200157012,GSE157012,32912900,PMC7528703
200153443,GSE153443,32882013,PMC7850113
200152395,GSE152395,33193316;33791196,PMC7658632;PMC8006941
200152254,GSE152254,34382934,PMC8416027
200148589,GSE148589,33024270,PMC7782507
200139262,GSE139262,33024572,PMC7506551
200138048,GSE138048,32812024;34388365,PMC7497820;PMC8452515
200138045,GSE138045,32812024;34388365,PMC7497820;PMC8452515
200117128,GSE117128,33298911,PMC7725785
200112202,GSE112202,34149901;33534128,PMC8200939;PMC8213564
200158743,GSE158743,33459422,PMC7957429
200158559,GSE158559,33580207,PMC7881244
200155685,GSE155685,35177654,PMC8854734
200153646,GSE153646,32993755;38229104,PMC7526135;PMC10790388
200151113,GSE151113,32825120,PMC7555468
200147718,GSE147718,32993128,PMC7599819
200142987,GSE142987,33391469,PMC7681086
200138618,GSE138618,33311477,PMC7732990
200137003,GSE137003,33034091,PMC7667876
200158659,GSE158659,33173155,PMC7655837
200158640,GSE158640,33202873,PMC7697537
200158638,GSE158638,33202873,PMC7697537
200158632,GSE158632,34858489,PMC8632048
200141802,GSE141802,33087347,PMC7577720
200141493,GSE141493,33080033,PMC7672457
200151576,GSE151576,33139953,PMC8330957
200144610,GSE144610,32989283,PMC7855796
200135765,GSE135765,33144593,PMC7609715
200152819,GSE152819,33008446,PMC7532633
200158601,GSE158601,34518544,PMC8438024
200158445,GSE158445,33178684,PMC7593606
200158403,GSE158403,33288749,PMC7721806
200155337,GSE155337,33179015,PMC7116343
200155336,GSE155336,33179015,PMC7116343
200150368,GSE150368,32951005,PMC7502080
200147320,GSE147320,32906688,PMC7565736
200146009,GSE146009,32983990,PMC7492388
200137946,GSE137946,31554642,PMC6891128
200118842,GSE118842,33219226,PMC7679411
200118841,GSE118841,33219226,PMC7679411
200158317,GSE158317,33627414,PMC7904265
200158294,GSE158294,33174020,PMC7646594
200158277,GSE158277,34439758,PMC8394795
200104226,GSE104226,31781169,PMC6861293
200146676,GSE146676,32929331,PMC7481431
200139408,GSE139408,31923563,PMC7237278
200138177,GSE138177,32733069,PMC7471105
200104112,GSE104112,35606086,PMC9174898
200137309,GSE137309,36202798,PMC9537441
200158235,GSE158235,33060649,PMC7567070
200158144,GSE158144,33148882,PMC7710311
200158119,GSE158119,34296805,PMC8419699
200148263,GSE148263,32908304,PMC7501188
200158085,GSE158085,33150660,PMC7736309
200137687,GSE137687,31578185,PMC6891206
200152497,GSE152497,32882003,PMC7479962
200147743,GSE147743,32513775,PMC7483797
200147738,GSE147738,32513775,PMC7483797
200147626,GSE147626,32571799,PMC7483942
200157912,GSE157912,33148642,PMC7673681
200157089,GSE157089,32989154,PMC7568298
200152460,GSE152460,33299127,PMC8091967
200146438,GSE146438,32934073,PMC7685028
200145651,GSE145651,32997115,PMC7641738
200119979,GSE119979,33361815,PMC7933129
200154133,GSE154133,35121889,PMC10097424
200157826,GSE157826,34112753,PMC8192522
200157802,GSE157802,33151035,PMC7721359
200157779,GSE157779,33391492,PMC7738851
200123426,GSE123426,33199705,PMC7669858
200144843,GSE144843,33144586,PMC7609548
200108862,GSE108862,33173731,PMC7610337
200156501,GSE156501,33014881,PMC7511799
200145461,GSE145461,32651991,PMC7467373
200155489,GSE155489,34552933,PMC8450412
200154936,GSE154936,32869031,PMC7457617
200150683,GSE150683,32701512,PMC7455128
200149446,GSE149446,32759498,PMC7455067
200143782,GSE143782,32824266,PMC7465167
200141236,GSE141236,33013921,PMC7511582
200156178,GSE156178,32895418,PMC7477576
200148892,GSE148892,32509585,PMC7248369
200147816,GSE147816,33026191,PMC7645387
200147815,GSE147815,33026191,PMC7645387
200151936,GSE151936,32814898,PMC7484469
200141585,GSE141585,32988398,PMC7523356
200121634,GSE121634,32878980,PMC8269000
200157275,GSE157275,34105998,PMC8312881
200156387,GSE156387,33196691,PMC7597412
200151764,GSE151764,33033248,PMC7546638
200135637,GSE135637,32920490,PMC7492993
200116432,GSE116432,32396937,PMC7453151
200105130,GSE105130,31429776,PMC6701074
200105095,GSE105095,31028278,PMC6814517
200157178,GSE157178,33247227,PMC8155101
200155923,GSE155923,36883564,PMC10077471
200142340,GSE142340,33021054,PMC7607171
200133308,GSE133308,32855205,PMC7616956
200120210,GSE120210,32855205,PMC7616956
200119424,GSE119424,32855205,PMC7616956
200156487,GSE156487,32936072,PMC7529455
200152434,GSE152434,32629833,PMC7408140
200141218,GSE141218,32630838,PMC7407555
200133998,GSE133998,32838810,PMC7446195
200115603,GSE115603,34040254,PMC11171441
200112661,GSE112661,29893852,PMC6121187
200154786,GSE154786,33225563,PMC7788446
200148387,GSE148387,33046735;34580409;35174178,PMC7550331;PMC8476534;PMC8841401
200157040,GSE157040,33143730,PMC7607629
200156963,GSE156963,33127842,PMC7858242
200127261,GSE127261,32349972,PMC7611258
200114648,GSE114648,30291336;31988438,PMC7597970
200108142,GSE108142,30291336;31988438,PMC7597970
200113179,GSE113179,30531834,PMC6484770
200156871,GSE156871,33589584,PMC7884723
200152341,GSE152341,32722616;37371198,PMC7432212;PMC10297134
200150805,GSE150805,32719138;37115755,PMC7430972;PMC10146571
200149684,GSE149684,32404348,PMC7430666
200148100,GSE148100,32801338,PMC7429843
200137170,GSE137170,32404348,PMC7430666
200126720,GSE126720,32854112,PMC7976511
200154694,GSE154694,32826231,PMC7710923
200142226,GSE142226,32960220,PMC7544236
200141941,GSE141941,32746693,PMC7834094
200132722,GSE132722,33037191,PMC7547687
200156708,GSE156708,33024076,PMC7538974
200147980,GSE147980,32876513,PMC7951963
200143966,GSE143966,32983644,PMC7500358
200133928,GSE133928,32841603,PMC7575124
200156624,GSE156624,32936072,PMC7529455
200156607,GSE156607,33436560,PMC7804955
200137535,GSE137535,32816914,PMC9462839
200156454,GSE156454,35296660;36915147,PMC8927306;PMC10009947
200155983,GSE155983,33439114,PMC8115900
200153787,GSE153787,34307152,PMC8299526
200153786,GSE153786,34307152;34862368,PMC8299526;PMC8642434
200153346,GSE153346,32851185,PMC7423359
200143145,GSE143145,32925947,PMC7515200
200136129,GSE136129,33750801,PMC7943793
200128385,GSE128385,32816843,PMC7892644
200154253,GSE154253,32795319,PMC7427779
200141886,GSE141886,33020477,PMC7536215
200141503,GSE141503,32180230,PMC7415511
200130140,GSE130140,32933554,PMC7493976
200156205,GSE156205,33042070;35402303,PMC7522514;PMC8987439
200153432,GSE153432,33224878,PMC7667276
200153398,GSE153398,33224878,PMC7667276
200116778,GSE116778,32611550,PMC7541471
200155457,GSE155457,32839292,PMC7556848
200140535,GSE140535,33112233,PMC7673786
200156255,GSE156255,34345013,PMC8484012
200148458,GSE148458,33004795,PMC7529893
200156209,GSE156209,34006870,PMC8131698
200156207,GSE156207,33462245,PMC7814040
200137850,GSE137850,32885250,PMC7515718
200154280,GSE154280,32795421,PMC7486218
200153368,GSE153368,32823952,PMC7464182
200132707,GSE132707,32843547,PMC7448273
200156067,GSE156067,33228780,PMC7686698
200154274,GSE154274,32949999,PMC7501055
200142680,GSE142680,32485786,PMC7402821
200155955,GSE155955,33647277;41008516,PMC8042402;PMC12467028
200149510,GSE149510,32772918,PMC7416417
200119261,GSE119261,31023702,PMC6609954
200110523,GSE110523,32973789,PMC7472844
200138077,GSE138077,32832624,PMC7439511
200155865,GSE155865,32747416,PMC7409538
200155843,GSE155843,32814708,PMC7455141
200155782,GSE155782,33211885,PMC7708037
200145996,GSE145996,32708981,PMC7409244
200140912,GSE140912,32816037,PMC7544212
200102312,GSE102312,33101773,PMC7553508
200151063,GSE151063,32820006;33597729,PMC7545147;PMC8102198
200147983,GSE147983,32705161,PMC7384843
200124715,GSE124715,32730293,PMC7392229
200155605,GSE155605,32947124,PMC7502350
200155572,GSE155572,34093860,PMC8171091
200153263,GSE153263,32814027,PMC7942809
200149008,GSE149008,32923393,PMC7456846
200144269,GSE144269,32873799;38753612,PMC7462863;PMC11098418
200139054,GSE139054,32747783,PMC7714695
200137038,GSE137038,32675324,PMC7397849
200153783,GSE153783,32711345,PMC7387830
200150722,GSE150722,32719743,PMC7347992
200148801,GSE148801,32736413,PMC7540989
200136540,GSE136540,32817457,PMC7426173
200140545,GSE140545,33468244,PMC7814459
200135870,GSE135870,35385747,PMC9044438
200134319,GSE134319,38612478,PMC11012216
200133112,GSE133112,32911532,PMC7885821
200103111,GSE103111,35941662,PMC9358838
200155437,GSE155437,33608508,PMC7895949
200153692,GSE153692,32978519;37766977,PMC7644463;PMC10520879
200149205,GSE149205,32994205,PMC7962984
200144552,GSE144552,35250265;36298843,PMC8891870;PMC9612055
200142833,GSE142833,33477536,PMC7831112
200152270,GSE152270,33144587,PMC7641131
200151080,GSE151080,32719521;35967340,PMC9366357
200151079,GSE151079,32719521;35967340,PMC9366357
200151077,GSE151077,32719521;35967340,PMC9366357
200138781,GSE138781,32651957,PMC7377900
200137454,GSE137454,32504554;40035950,PMC7377926;PMC12041012
200137453,GSE137453,32504554;40035950,PMC7377926;PMC12041012
200155201,GSE155201,33382850,PMC7774862
200142430,GSE142430,32709847;41614303,PMC7382496;PMC12856215
200153437,GSE153437,32669372,PMC7501265
200152430,GSE152430,32694712,PMC7374173
200143630,GSE143630,32850445,PMC7431518
200140131,GSE140131,32655131,PMC7426263
200133755,GSE133755,32826895;36140168,PMC7442818;PMC9495731
200154583,GSE154583,32750113,PMC7731793
200147111,GSE147111,32679899,PMC7409172
200154996,GSE154996,32916126,PMC7872287
200151200,GSE151200,32816858,PMC8916161
200147832,GSE147832,32790753,PMC7447048
200143741,GSE143741,32675277,PMC7484045
200154944,GSE154944,34035145,PMC8284321
200154927,GSE154927,34036938,PMC8192123
200154878,GSE154878,34648034,PMC8565347
200134743,GSE134743,32728247,PMC7410831
200138741,GSE138741,32601179,PMC7368283
200135514,GSE135514,32678032,PMC7364656
200151170,GSE151170,32719747,PMC7348045
200131019,GSE131019,32755577,PMC7408502
200125535,GSE125535,32697989;32923585,PMC7427568;PMC7455494
200125534,GSE125534,32697989;32923585,PMC7427568;PMC7455494
200149327,GSE149327,33208941,PMC9462833
200148714,GSE148714,32517300,PMC7352867
200144767,GSE144767,32660466,PMC7359459
200134631,GSE134631,32832616,PMC7439613
200154646,GSE154646,37620362,PMC10449923
200126003,GSE126003,32679107,PMC7116707
200125621,GSE125621,32948765,PMC7501306
200154450,GSE154450,36162992,PMC9511711
200154449,GSE154449,33060569,PMC7566595
200150857,GSE150857,32591645,PMC7612252
200144848,GSE144848,32675368,PMC7816199
200106718,GSE106718,32747535,PMC7443968
200154438,GSE154438,33024090,PMC7538941
200154029,GSE154029,37155905,PMC10193960
200152699,GSE152699,32629178,PMC7338995
200149768,GSE149768,32532008,PMC7352670
200132694,GSE132694,32553107,PMC7371429
200120622,GSE120622,32629386;33846331,PMC7339020;PMC8042060
200100114,GSE100114,32664538;34094709,PMC7408994;PMC8141673
200150524,GSE150524,32668236,PMC7433747
200150523,GSE150523,32668236,PMC7433747
200144164,GSE144164,32668236,PMC7433747
200125942,GSE125942,32632113,PMC7338349
200143189,GSE143189,32795915,PMC7424213
200101386,GSE101386,37620362,PMC10449923
200140476,GSE140476,32626975,PMC7339813
200154094,GSE154094,34849199,PMC8604672
200127855,GSE127855,32652076,PMC7435699
200136673,GSE136673,34689714;34904415,PMC9542862;PMC8669322
200132678,GSE132678,32727565,PMC7391519
200152327,GSE152327,32665698,PMC7359767
200151155,GSE151155,33804958,PMC8036803
200140385,GSE140385,32051529,PMC7682023
200140322,GSE140322,32051529,PMC7682023
200135256,GSE135256,32543350;38250805,PMC7333893;PMC10801504
200135114,GSE135114,33479702;36289348,PMC7116605;PMC9712090
200135113,GSE135113,33479702;36289348,PMC7116605;PMC9712090
200153852,GSE153852,32697014,PMC7530783
200153830,GSE153830,33281976,PMC7709568
200150469,GSE150469,23558953;32605311,PMC3694764;PMC7408083
200149496,GSE149496,32605311;34869001,PMC7408083;PMC8637169
200144232,GSE144232,32589792,PMC8505013
200142206,GSE142206,33823809,PMC8025518
200138659,GSE138659,32924017,PMC7482717
200126698,GSE126698,32719445,PMC7806508
200145988,GSE145988,32923839,PMC7471427
200142268,GSE142268,32612992,PMC7308478
200153792,GSE153792,32780768,PMC7418999
200152483,GSE152483,33077962,PMC7956044
200151926,GSE151926,32849830,PMC7431964
200153746,GSE153746,32938908,PMC7494913
200127001,GSE127001,32814897,PMC7785256
200147091,GSE147091,32770055,PMC7414147
200133296,GSE133296,32766252,PMC7380132
200132548,GSE132548,32542055,PMC7316345
200152129,GSE152129,33202260,PMC7820631
200151585,GSE151585,32503139,PMC7352799
200148740,GSE148740,33945569,PMC8096095
200148739,GSE148739,33843470,PMC8043167
200144759,GSE144759,32589720,PMC8215191
200140184,GSE140184,36400430,PMC9892823
200138496,GSE138496,32641411,PMC8278322
200134864,GSE134864,32606294,PMC7326972
200130350,GSE130350,32606006,PMC7442742
200130349,GSE130349,32606006,PMC7442742
200117521,GSE117521,32932964,PMC7565739
200144794,GSE144794,32220884,PMC7814659
200144119,GSE144119,33322625;34830054,PMC7764299;PMC8625150
200138866,GSE138866,32766252;38360876,PMC7380132;PMC10869703
200134937,GSE134937,32556247,PMC7596761
200134214,GSE134214,32606936,PMC7294050
200106920,GSE106920,31811277,PMC6951341
200147655,GSE147655,32710631,PMC7470964
200146024,GSE146024,32576280,PMC7310532
200153396,GSE153396,37909041,PMC10694618
200153388,GSE153388,32917858,PMC7486376
200153332,GSE153332,32545483,PMC7349683
200153303,GSE153303,33863890;38226395,PMC8052449;PMC10789245
200141806,GSE141806,32704143;34145268,PMC7378231;PMC8213733
200131473,GSE131473,32859895,PMC7455709
200153292,GSE153292,32958772,PMC7505984
200153291,GSE153291,32958772,PMC7505984
200150924,GSE150924,32585856,PMC7352269
200148372,GSE148372,33299191;37034672,PMC8439149;PMC10081170
200147704,GSE147704,32706839,PMC7406108
200144381,GSE144381,37207208,PMC10189148
200133309,GSE133309,33571129,PMC7840125
200131575,GSE131575,32586342,PMC7315491
200145028,GSE145028,32669118;35194152,PMC7362484;PMC8993689
200130650,GSE130650,32661241,PMC7359337
200124523,GSE124523,32544094,PMC7406270
200123020,GSE123020,32596459,PMC7299630
200152904,GSE152904,32900860,PMC7478034
200149435,GSE149435,32576660,PMC7450125
200143944,GSE143944,32565737;37386030,PMC7301982;PMC10310817
200141839,GSE141839,32456310,PMC7281730
200113857,GSE113857,31804621,PMC7269905
200152855,GSE152855,32674054;34258595,PMC7363692;PMC8255943
200152836,GSE152836,32984770,PMC7489581
200149091,GSE149091,32531951;32512818,PMC7349866;PMC7349646
200142481,GSE142481,32371576;37645799,PMC12108540;PMC10461970
200152667,GSE152667,32576962,PMC7688486
200085353,GSE85353,32718321,PMC7384226
200146806,GSE146806,32761127,PMC7470957
200146804,GSE146804,32761127,PMC7470957
200146803,GSE146803,32761127,PMC7470957
200146802,GSE146802,32761127,PMC7470957
200146547,GSE146547,32761127,PMC7470957
200146546,GSE146546,32761127,PMC7470957
200138209,GSE138209,32193360,PMC7610820
200138089,GSE138089,32193360,PMC7610820
200133632,GSE133632,32487167;33234130,PMC7265647;PMC7686732
200131400,GSE131400,32349217,PMC7281601
200127165,GSE127165,32487167;37205188;33234130,PMC7265647;PMC10188209;PMC7686732
200152102,GSE152102,32628111,PMC7338058
200137646,GSE137646,32528872,PMC7253684
200151039,GSE151039,33289482,PMC7744101
200149890,GSE149890,32917881,PMC7486939
200149004,GSE149004,32467590;34580409;35174178,PMC7498368;PMC8476534;PMC8841401
200148560,GSE148560,32917881,PMC7486939
200143803,GSE143803,34272396,PMC8285542
200138984,GSE138984,32228703,PMC7104536
200152345,GSE152345,32764426;36533672;40083719,PMC7463722;PMC10108231;PMC11904601
200152309,GSE152309,34385309,PMC8379983
200152262,GSE152262,32636268,PMC7382244
200142357,GSE142357,31915197,PMC7275250
200128287,GSE128287,32699299,PMC7376100
200152201,GSE152201,32816914,PMC9462839
200141137,GSE141137,32499403,PMC7328517
200132506,GSE132506,32686664,PMC7371715
200152147,GSE152147,34584066,PMC8478910
200125119,GSE125119,31770109,PMC7269592
200117773,GSE117773,32390003,PMC7274902
200152108,GSE152108,34728628,PMC8563902
200148546,GSE148546,32467291,PMC7415686
200148544,GSE148544,32509575,PMC7248370
200146360,GSE146360,32518213,PMC7484251
200150354,GSE150354,32680994,PMC7367836
200140350,GSE140350,32460847,PMC7251672
200137579,GSE137579,32548262,PMC7274770
200106661,GSE106661,32483112,PMC7264300
200134510,GSE134510,32839551,PMC7484128
200143195,GSE143195,33402390,PMC8026506
200151821,GSE151821,33555272,PMC7954605
200151820,GSE151820,33555272,PMC7954605
200151765,GSE151765,32850332,PMC7416559
200151741,GSE151741,32832034,PMC7429975
200132363,GSE132363,32917881,PMC7486939
200112735,GSE112735,31508283,PMC6724471
200112734,GSE112734,31508283,PMC6724471
200151666,GSE151666,34255749;34572780;36675007;39633044,PMC8409981;PMC8467954;PMC9864224;PMC12276860
200151660,GSE151660,34373735,PMC8344022
200148451,GSE148451,32449352,PMC7429271
200143471,GSE143471,32492433,PMC7786450
200151521,GSE151521,33613454,PMC7890081
200151519,GSE151519,33096488,PMC7581926
200149624,GSE149624,32444465,PMC7483384
200149485,GSE149485,32721120,PMC7685144
200147976,GSE147976,32679108,PMC7472556
200147250,GSE147250,32460015;33658518;34244513;40964329,PMC7453577;PMC7930198;PMC8270899;PMC12439934
200144761,GSE144761,33199492,PMC8191507
200143717,GSE143717,32227433,PMC7446734
200142381,GSE142381,32493845,PMC7308050
200139621,GSE139621,32444465,PMC7483384
200139620,GSE139620,32444465,PMC7483384
200139619,GSE139619,32444465,PMC7483384
200139618,GSE139618,32444465,PMC7483384
200139617,GSE139617,32444465,PMC7483384
200139616,GSE139616,32444465,PMC7483384
200139614,GSE139614,32444465,PMC7483384
200139613,GSE139613,32444465,PMC7483384
200138938,GSE138938,33284517,PMC8246981
200134298,GSE134298,33953180,PMC8100287
200131507,GSE131507,32471474,PMC7257146
200115221,GSE115221,33846376,PMC8042115
200101432,GSE101432,30014619;36008383,PMC9411159
200099707,GSE99707,29351904,PMC9011919
200149533,GSE149533,32753672,PMC7482486
200149448,GSE149448,35292632,PMC8924246
200147971,GSE147971,32376656,PMC8366292
200145641,GSE145641,32584883,PMC7316257
200151412,GSE151412,36117551,PMC9481113
200151347,GSE151347,32824198,PMC7465460
200151336,GSE151336,32814829,PMC7498371
200151317,GSE151317,32651270,PMC7395437
200145106,GSE145106,32422235,PMC7401316
200135030,GSE135030,32418995,PMC7374097
200132764,GSE132764,32229306,PMC7245555
200151207,GSE151207,33174010,PMC8811471
200151165,GSE151165,34376784,PMC8355374
200149005,GSE149005,32461361,PMC7293621
200146688,GSE146688,32501500,PMC7367155
200150819,GSE150819,35637255,PMC9151746
200144968,GSE144968,32402250,PMC7335338
200144963,GSE144963,32402250,PMC7335338
200144959,GSE144959,32402250,PMC7335338
200143649,GSE143649,32252403;33730996,PMC7226417;PMC7968329
200141385,GSE141385,32119176,PMC7226279
200139407,GSE139407,32440474,PMC7237858
200139406,GSE139406,32440474,PMC7237858
200133927,GSE133927,32467227,PMC7443492
200148500,GSE148500,32778845,PMC7862923
200146503,GSE146503,32241846,PMC7849562
200127979,GSE127979,32439635;33301444,PMC7328515;PMC7755276
200131422,GSE131422,31727766,PMC7395293
200151073,GSE151073,32610077,PMC7445430
200151059,GSE151059,32754922,PMC7484420
200150849,GSE150849,34812139,PMC8610417
200148715,GSE148715,32393731,PMC7214452
200136151,GSE136151,32446320,PMC7362310
200150942,GSE150942,32709004,PMC7409137
200148292,GSE148292,32432046,PMC7214627
200140116,GSE140116,32283838,PMC7226023
200133841,GSE133841,32467669,PMC7236301
200133676,GSE133676,32467669,PMC7236301
200146604,GSE146604,32393790,PMC7214438
200143859,GSE143859,32482863,PMC7306800
200140455,GSE140455,32390556,PMC7311676
200134803,GSE134803,32235890,PMC7220851
200134769,GSE134769,32323860,PMC7108129
200132062,GSE132062,32403054,PMC7218227
200131739,GSE131739,32162843,PMC7216815
200143501,GSE143501,32418298,PMC7385341
200140421,GSE140421,32382014,PMC7206012
200128458,GSE128458,32424275,PMC7737911
200150653,GSE150653,32532995,PMC7293284
200150630,GSE150630,32532977,PMC7293269
200150591,GSE150591,32503257,PMC7352480
200150557,GSE150557,32891059,PMC7479628
200149200,GSE149200,32626660,PMC7314951
200098930,GSE98930,30289973,PMC6294659
200150477,GSE150477,32407979,PMC8941988
200147368,GSE147368,32581250,PMC7314803
200140274,GSE140274,32620791,PMC7335172
200131276,GSE131276,37723865,PMC12185045
200150364,GSE150364,32554601;34258492,PMC7541631;PMC8271203
200148310,GSE148310,32400970,PMC7278557
200147784,GSE147784,34375640,PMC8403768
200146096,GSE146096,32968055,PMC7511315
200146095,GSE146095,32968055,PMC7511315
200139671,GSE139671,32574366,PMC7322944
200136868,GSE136868,32532995,PMC7293284
200142475,GSE142475,32494682,PMC7190335
200123752,GSE123752,32546717,PMC7298006
200143681,GSE143681,32376693,PMC7324497
200139463,GSE139463,32483291,PMC7610447
200139462,GSE139462,32483291,PMC7610447
200139461,GSE139461,32483291,PMC7610447
200150143,GSE150143,33230478,PMC7658378
200150142,GSE150142,33230478,PMC7658378
200147076,GSE147076,32398261,PMC7324504
200141605,GSE141605,32385160,PMC7261015
200125285,GSE125285,33997165,PMC8099692
200150003,GSE150003,32484965,PMC7361286
200148550,GSE148550,32381627,PMC7263147
200143406,GSE143406,32582913,PMC7714094
200114154,GSE114154,31796516,PMC7416644
200114153,GSE114153,31796516,PMC7416644
200142024,GSE142024,32376686,PMC7335798
200131917,GSE131917,32027624,PMC7190935
200131916,GSE131916,32027624,PMC7190935
200127890,GSE127890,32887688,PMC7545145
200122308,GSE122308,32719551,PMC7425812
200100026,GSE100026,32405436,PMC7210475
200145529,GSE145529,32500120,PMC7252574
200144800,GSE144800,32413024,PMC7228066
200149775,GSE149775,32380717,PMC7290316
200147340,GSE147340,32483379,PMC7442691
200137561,GSE137561,32345977,PMC7188842
200136609,GSE136609,32424339,PMC7462085
200136597,GSE136597,32424339,PMC7462085
200136596,GSE136596,32424339,PMC7462085
200149724,GSE149724,32647134,PMC7426265
200149723,GSE149723,32647134,PMC7426265
200149714,GSE149714,33304472,PMC7710133
200149631,GSE149631,32669295,PMC7566579
200149374,GSE149374,32561861,PMC7785011
200148444,GSE148444,32357907,PMC7193415
200145329,GSE145329,32290278,PMC7230230
200145180,GSE145180,33402155,PMC7786480
200138346,GSE138346,34053190,PMC8283170
200138344,GSE138344,34053190,PMC8283170
200132339,GSE132339,32427329,PMC7337520
200132332,GSE132332,32427329,PMC7337520
200116391,GSE116391,32188705,PMC8188517
200149611,GSE149611,32864416,PMC7443741
200149609,GSE149609,32699215,PMC7376194
200149566,GSE149566,33125137,PMC7640361
200147770,GSE147770,32694731,PMC7566881
200146769,GSE146769,32743551,PMC7380489
200144373,GSE144373,32488085,PMC7265461
200127212,GSE127212,32225100,PMC7177918
200144747,GSE144747,32376621,PMC7343206
200118051,GSE118051,32367068,PMC7116321
200149132,GSE149132,32427827,PMC7237473
200140482,GSE140482,32329713,PMC7200154
200139339,GSE139339,32286266,PMC7156523
200129127,GSE129127,31160710,PMC7170003
200121022,GSE121022,32343676,PMC7410051
200113682,GSE113682,32661168,PMC7395556
200134376,GSE134376,32308763,PMC7163442
200131502,GSE131502,32309805,PMC7147719
200149161,GSE149161,32483191;35357426,PMC7264232;PMC9433725
200149158,GSE149158,32332049,PMC7415532
200148800,GSE148800,28174265,PMC5338386
200130234,GSE130234,31417158,PMC6989381
200147986,GSE147986,32582543,PMC7292205
200143950,GSE143950,32236620,PMC7160550
200134879,GSE134879,32058648,PMC7156829
200148991,GSE148991,32998338,PMC7599955
200148937,GSE148937,34820005,PMC8607232
200136231,GSE136231,32127384,PMC7161353
200131378,GSE131378,32127384;31560396,PMC7161353;PMC6884703
200148241,GSE148241,32306769;39075446,PMC11287949
200147427,GSE147427,32269030,PMC7334057
200147419,GSE147419,32269030,PMC7334057
200140652,GSE140652,32315601,PMC7245572
200140651,GSE140651,32315601,PMC7245572
200129237,GSE129237,32483191;35357426,PMC7264232;PMC9433725
200128529,GSE128529,32284990,PMC7141832
200143583,GSE143583,32015091,PMC7127942
200141711,GSE141711,32085612,PMC7072876
200139567,GSE139567,32488030,PMC7265490
200139326,GSE139326,31981317,PMC7077530
200137225,GSE137225,32365187,PMC7261184
200127180,GSE127180,32203145,PMC7787980
200148216,GSE148216,33446752,PMC7809491
200148551,GSE148551,32570949,PMC7349238
200143319,GSE143319,32099031,PMC7042267
200139274,GSE139274,31795964,PMC6889534
200137480,GSE137480,31731517,PMC6864528
200147093,GSE147093,32690969,PMC7897397
200145807,GSE145807,32244996;36976623;39061826,PMC7139652;PMC10155186;PMC11274089
200134428,GSE134428,31500347,PMC6769476
200134029,GSE134029,32155756,PMC7139527
200130152,GSE130152,31515468,PMC6742644
200130012,GSE130012,32245489,PMC7118901
200128969,GSE128969,31116002,PMC6639256
200126894,GSE126894,31619506,PMC6942205
200126495,GSE126495,31331120,PMC6678245
200123660,GSE123660,30760870,PMC6687534
200124374,GSE124374,32424073,PMC7263187
200148483,GSE148483,31978840;32637480,PMC7327418
200136204,GSE136204,32531268,PMC7363590
200148397,GSE148397,32333502,PMC7463324
200148389,GSE148389,32145124,PMC7383594
200128914,GSE128914,31296250,PMC6625065
200127559,GSE127559,32224864,PMC7226299
200115552,GSE115552,31763513,PMC6839454
200113472,GSE113472,31039140,PMC6597210
200076344,GSE76344,31266464,PMC6604165
200147570,GSE147570,32345368,PMC7189544
200148276,GSE148276,33184109,PMC7854489
200145018,GSE145018,32165621,PMC7067885
200148200,GSE148200,32699225,PMC7376204
200138622,GSE138622,32352518,PMC7261182
200138620,GSE138620,32352518,PMC7261182
200136634,GSE136634,32202637,PMC7332900
200131581,GSE131581,32249213,PMC7269820
200141482,GSE141482,32156728,PMC7104257
200140490,GSE140490,32251410,PMC7246176
200137351,GSE137351,32373107;35437843,PMC7179764;PMC9233153
200135320,GSE135320,32086528,PMC7102946
200132418,GSE132418,32231742,PMC7097957
200121168,GSE121168,31015230;34440533,PMC8400051
200148069,GSE148069,34108263,PMC8941846
200132055,GSE132055,31420371,PMC6825570
200130356,GSE130356,31285370,PMC6744995
200108588,GSE108588,31216473,PMC7433711
200143233,GSE143233,32368828,PMC7298296
200125994,GSE125994,31585940,PMC7015045
200147850,GSE147850,32532924,PMC7334567
200141446,GSE141446,32291304,PMC7157822
200140758,GSE140758,32787886,PMC7425060
200133164,GSE133164,32243828,PMC7164681
200132705,GSE132705,32402252,PMC7305985
200130620,GSE130620,31647098,PMC7145715
200126960,GSE126960,32236593,PMC7170042
200078025,GSE78025,32411606,PMC7198888
200147735,GSE147735,33627489,PMC8897043
200145783,GSE145783,32268116,PMC7219601
200143896,GSE143896,32216806,PMC7098112
200140471,GSE140471,33115448,PMC7594423
200146070,GSE146070,32213464,PMC7093811
200134979,GSE134979,32208488,PMC7094010
200129542,GSE129542,32209106,PMC7093963
200113001,GSE113001,32194860,PMC7053184
200112989,GSE112989,32194860,PMC7053184
200111928,GSE111928,29626126,PMC7087411
200095024,GSE95024,32234473;34503222,PMC7182397;PMC8430983
200147620,GSE147620,32539073,PMC7478725
200120919,GSE120919,32321829,PMC7211963
200147493,GSE147493,32380981,PMC7204307
200139896,GSE139896,32724080,PMC7387492
200133086,GSE133086,32251473,PMC7162549
200126917,GSE126917,32220301,PMC7292228
200147507,GSE147507,32416070;33782412,PMC7227586;PMC8007747
200147447,GSE147447,32596145,PMC7304445
200140961,GSE140961,32321921,PMC7176673
200135023,GSE135023,32242051,PMC7787973
200123441,GSE123441,32398749,PMC7217953
200133499,GSE133499,32204435,PMC7140081
200133039,GSE133039,32240714,PMC12452110
200138574,GSE138574,32208170,PMC7191556
200132762,GSE132762,32016454,PMC8371434
200147223,GSE147223,32224866,PMC7226122
200135328,GSE135328,32203164,PMC7203011
200130049,GSE130049,32251515,PMC7971134
200143797,GSE143797,32426279,PMC7204547
200113255,GSE113255,31773340,PMC7165151
200145618,GSE145618,32258031,PMC7089963
200128550,GSE128550,31743393,PMC6880893
200127861,GSE127861,31648334,PMC6849935
200120860,GSE120860,31735169,PMC6859620
200120659,GSE120659,31735169,PMC6859620
200120611,GSE120611,31735169,PMC6859620
200147043,GSE147043,32868848,PMC7459099
200137325,GSE137325,32126142,PMC7065481
200135964,GSE135964,32123257,PMC7052206
200135623,GSE135623,32155117,PMC7064337
200130576,GSE130576,32427938,PMC7237486
200130575,GSE130575,32427938,PMC7237486
200130572,GSE130572,32427938,PMC7237486
200127904,GSE127904,31822799,PMC7056651
200137374,GSE137374,32868908,PMC7541666
200146867,GSE146867,33483601,PMC7822933
200146850,GSE146850,32183160,PMC7140110
200146770,GSE146770,32332729,PMC7181745
200133029,GSE133029,32152280,PMC7062854
200132896,GSE132896,32332729,PMC7181745
200146687,GSE146687,32184294,PMC7299830
200146632,GSE146632,34233004,PMC8373074
200121103,GSE121103,31307004;32332753;34965383,PMC6629722;PMC7181647;PMC8764204
200144786,GSE144786,32155413,PMC7402197
200139505,GSE139505,32108138,PMC7046790
200135640,GSE135640,32219408,PMC7105328
200106548,GSE106548,32109341,PMC7048380
200146496,GSE146496,37041757,PMC10083037
200146479,GSE146479,36522653,PMC9756471
200139441,GSE139441,31861825,PMC7017197
200139010,GSE139010,31861825,PMC7017197
200138031,GSE138031,32276273,PMC7332894
200127916,GSE127916,39908352,PMC12258192
200146358,GSE146358,32358191,PMC7245100
200146353,GSE146353,33707306,PMC8178191
200134147,GSE134147,31519689,PMC6881519
200146307,GSE146307,32248641,PMC7293079
200139962,GSE139962,32350277,PMC7190674
200129982,GSE129982,32128997;34611298,PMC7136964;PMC8901929
200128515,GSE128515,32350277,PMC7190674
200114052,GSE114052,32350277,PMC7190674
200146231,GSE146231,32209435,PMC7210706
200146169,GSE146169,34260811,PMC8564657
200144601,GSE144601,32243842,PMC7160375
200128255,GSE128255,32182224,PMC7260036
200127750,GSE127750,32130883,PMC7194078
200130161,GSE130161,32103989,PMC7023860
200144561,GSE144561,32620742,PMC7335061
200145949,GSE145949,36229456,PMC9561678
200136272,GSE136272,31947537,PMC7016952
200142695,GSE142695,32080184,PMC7033124
200138286,GSE138286,32103997,PMC7025737
200129026,GSE129026,32350249,PMC7190866
200129010,GSE129010,31784530,PMC6884549
200145662,GSE145662,32318333,PMC7154132
200145129,GSE145129,32195191,PMC7066074
200145371,GSE145371,32102886;36317881;38630167,PMC7199404;PMC9682993
200137543,GSE137543,32061262,PMC7023763
200137297,GSE137297,32133495,PMC7192610
200136040,GSE136040,32082365,PMC7005251
200118998,GSE118998,31431461,PMC7451049
200126964,GSE126964,32982583;39123175,PMC7510315;PMC11312251
200145647,GSE145647,32350082,PMC7276940
200144781,GSE144781,32175280,PMC7056873
200128683,GSE128683,32059745,PMC7023776
200126798,GSE126798,34328417,PMC8384419
200119369,GSE119369,32286289,PMC7156485
200117924,GSE117924,32385899;30996073,PMC7400792;PMC6820162
200117923,GSE117923,32385899;30996073,PMC7400792;PMC6820162
200117922,GSE117922,32385899;30996073,PMC7400792;PMC6820162
200117921,GSE117921,32385899;30996073,PMC7400792;PMC6820162
200145447,GSE145447,32209637,PMC7269842
200134442,GSE134442,32066912,PMC7109136
200145412,GSE145412,32093387,PMC7073064
200145389,GSE145389,32306906,PMC7168998
200145383,GSE145383,32211331,PMC7076123
200136009,GSE136009,32042365,PMC7001283
200132519,GSE132519,32042551,PMC7001651
200126311,GSE126311,32058953,PMC7000804
200124510,GSE124510,32321912,PMC7176739
200130817,GSE130817,32001516;35690611,PMC7416790;PMC9188573
200124861,GSE124861,32415271,PMC8107828
200124857,GSE124857,32415271,PMC8107828
200115284,GSE115284,32134197,PMC7136967
200113045,GSE113045,32129880,PMC7217064
200145313,GSE145313,32345725,PMC7428051
200143514,GSE143514,34248943,PMC8264543
200142586,GSE142586,32059745,PMC7023776
200142479,GSE142479,32142667,PMC7286719
200134220,GSE134220,32051587,PMC9723538
200133517,GSE133517,31827395,PMC6888952
200145105,GSE145105,32762126,PMC7541000
200138581,GSE138581,32292502;37144485,PMC7150470;PMC10250239
200145069,GSE145069,32531194,PMC7363877
200145064,GSE145064,32086342,PMC7299809
200145062,GSE145062,32577157,PMC7289905
200145007,GSE145007,32069268,PMC7260017
200140739,GSE140739,32049046,PMC7321798
200140101,GSE140101,32045384,PMC7141401
200129637,GSE129637,32001657,PMC7754791
200126353,GSE126353,32531271,PMC7363571
200140077,GSE140077,31823522,PMC6997050
200135424,GSE135424,31782885,PMC6998393
200114382,GSE114382,29859176,PMC7001723
200143589,GSE143589,32028704,PMC7072282
200143152,GSE143152,32076484,PMC6980627
200141327,GSE141327,32366932,PMC7198571
200129082,GSE129082,32061921,PMC7384259
200141577,GSE141577,32023483,PMC7093231
200140763,GSE140763,32111827,PMC7048933
200138702,GSE138702,31985806,PMC6988405
200136961,GSE136961,31959763,PMC6971301
200133383,GSE133383,32059780,PMC7194029
200131823,GSE131823,31770110,PMC7269587
200126044,GSE126044,32879421,PMC8080767
200121272,GSE121272,31484791,PMC6985905
200140202,GSE140202,32149026,PMC7049252
200138122,GSE138122,32143622,PMC7060551
200126337,GSE126337,36473869,PMC9726987
200141687,GSE141687,31836624,PMC6978698
200134205,GSE134205,33391510,PMC7738844
200132213,GSE132213,31980609,PMC6981169
200127468,GSE127468,32157726,PMC7196916
200144366,GSE144366,32142683,PMC7663823
200140520,GSE140520,32170132;38037844,PMC7069944;PMC10870039
200125259,GSE125259,31646766;31984210,PMC6811686;PMC6970181
200144259,GSE144259,32139701,PMC7058049
200144258,GSE144258,32572029,PMC7308397
200143897,GSE143897,35031546,PMC9066364
200141444,GSE141444,31911474,PMC6983418
200130246,GSE130246,31855178,PMC6968917
200106725,GSE106725,31786016,PMC6900751
200121105,GSE121105,31690671,PMC7002225
200114282,GSE114282,34294679,PMC8298397
200139178,GSE139178,35440108,PMC9019088
200132511,GSE132511,31974170,PMC7124979
200128898,GSE128898,31504629,PMC6823729
200120853,GSE120853,32010427,PMC6968780
200124824,GSE124824,32885175,PMC7467080
200119968,GSE119968,31959771,PMC6971024
200115525,GSE115525,32885175,PMC7467080
200115384,GSE115384,32885175,PMC7467080
200143986,GSE143986,31961925,PMC7180081
200130594,GSE130594,31566065,PMC6948976
200129951,GSE129951,32012197,PMC6996832
200143941,GSE143941,32113157,PMC7048625
200137020,GSE137020,33372403,PMC7772527
200128773,GSE128773,31938073,PMC6956807
200136717,GSE136717,32071273,PMC7029144
200137691,GSE137691,31959624,PMC6971368
200136420,GSE136420,31959131,PMC6971947
200112190,GSE112190,31862696,PMC7219472
200143790,GSE143790,32352029,PMC7181646
200136451,GSE136451,31996893;33472061,PMC7102967;PMC7871196
200135552,GSE135552,31940827;33233528;39000441,PMC7013520;PMC7699574;PMC11242282
200124447,GSE124447,32206101,PMC7069091
200140164,GSE140164,31740444,PMC7814394
200129698,GSE129698,31771968;40188268,PMC7058374;PMC11972322
200135323,GSE135323,31626302,PMC8204946
200143505,GSE143505,32054830,PMC7018700
200119901,GSE119901,31869378,PMC6927605
200141220,GSE141220,31941784;34434177,PMC7081890;PMC8381357
200139905,GSE139905,31935373,PMC7197326
200138710,GSE138710,31935372;34075878,PMC7184928;PMC8346284
200138412,GSE138412,31935372;34075878,PMC7184928;PMC8346284
200138147,GSE138147,31907020,PMC6943933
200131601,GSE131601,31935369,PMC7146079
200131594,GSE131594,31935369,PMC7146079
200119168,GSE119168,31870409,PMC6927177
200137833,GSE137833,31931431,PMC6957805
200132289,GSE132289,31940494,PMC6963791
200143462,GSE143462,32804918,PMC7450785
200125022,GSE125022,30916811,PMC6488383
200124963,GSE124963,32071334,PMC7029036
200143274,GSE143274,32292350,PMC7118906
200141116,GSE141116,31843922,PMC6936349
200143147,GSE143147,33042275,PMC7532664
200128730,GSE128730,31978326,PMC7301608
200137702,GSE137702,31594826,PMC7007851
200135458,GSE135458,31988137,PMC7022176
200125186,GSE125186,31853060,PMC7061414
200139581,GSE139581,32094355,PMC7040020
200133014,GSE133014,32595833,PMC7299536
200132207,GSE132207,34403459,PMC8464064
200131120,GSE131120,31910867,PMC6947866
200128237,GSE128237,32094355,PMC7040020
200128229,GSE128229,32094355,PMC7040020
200128037,GSE128037,32066931,PMC7316573
200126807,GSE126807,32123577,PMC7026120
200125109,GSE125109,34189438,PMC8215304
200124030,GSE124030,33754068,PMC7977462
200114018,GSE114018,34635154,PMC8504099
200142767,GSE142767,32546838,PMC7298048
200137768,GSE137768,31687977,PMC6994137
200135975,GSE135975,31717573,PMC6896141
200135069,GSE135069,31826721,PMC6913622
200134475,GSE134475,31393856,PMC6819102
200133893,GSE133893,31636124;40430023,PMC6885619;PMC12111955
200131085,GSE131085,31840082,PMC6897992
200130367,GSE130367,33390589,PMC8080798
200124643,GSE124643,30924641,PMC6948846
200124526,GSE124526,31903119,PMC6929633
200115136,GSE115136,31123343,PMC7494157
200107144,GSE107144,31582551,PMC7271611
200097766,GSE97766,31568691,PMC6912054
200128326,GSE128326,32071317,PMC7028943
200134045,GSE134045,31637999,PMC6908434
200142668,GSE142668,32550005,PMC7270112
200142620,GSE142620,31941995,PMC6962381
200102599,GSE102599,31882655,PMC6934839
200141945,GSE141945,31883794,PMC7556703
200130893,GSE130893,31300274,PMC6731133
200130872,GSE130872,31300274,PMC6731133
200130869,GSE130869,31300274,PMC6731133
200130868,GSE130868,31300274,PMC6731133
200126146,GSE126146,32060262,PMC7021771
200126145,GSE126145,32060262,PMC7021771
200137168,GSE137168,33420019,PMC7794422
200126486,GSE126486,31780813,PMC7192845
200131658,GSE131658,32034135,PMC7005744
200142456,GSE142456,30590736,PMC6500550
200142334,GSE142334,33569544,PMC7872152
200141126,GSE141126,31863035,PMC6925215
200138113,GSE138113,32075753,PMC7148092
200142308,GSE142308,32070401,PMC7027068
200129261,GSE129261,32024842,PMC7002374
200112590,GSE112590,31929751,PMC6949152
200103143,GSE103143,30975912,PMC6939512
200124655,GSE124655,31826955,PMC6936436
200107637,GSE107637,31883965,PMC8048778
200142198,GSE142198,32393309,PMC7212609
200129263,GSE129263,32024842,PMC7002374
200113288,GSE113288,31752957,PMC6873410
200113283,GSE113283,31752957,PMC6873410
200110159,GSE110159,31605010,PMC6789028
200131267,GSE131267,31844290,PMC7008090
200128753,GSE128753,31941886,PMC6962326
200142025,GSE142025,31578193;32086290,PMC6868471;PMC7364665
200123760,GSE123760,36639156,PMC9843227
200141906,GSE141906,32109236,PMC7046633
200141828,GSE141828,33083529;35183258,PMC7538898;PMC8858535
200139074,GSE139074,31980632,PMC6981122
200138606,GSE138606,31934613,PMC6944689
200129590,GSE129590,31900363,PMC6983430
200129436,GSE129436,31980485,PMC7081723
200118713,GSE118713,31949157,PMC6965612
200141685,GSE141685,39311908,PMC11745726
200141666,GSE141666,31968252,PMC7238436
200141633,GSE141633,32086391,PMC7071906
200133509,GSE133509,31992716,PMC6987220
200132343,GSE132343,31815181,PMC6884575
200131640,GSE131640,31771627,PMC6878650
200131050,GSE131050,31754050;35155218,PMC6942634;PMC8828571
200130425,GSE130425,31825826,PMC7254883
200115139,GSE115139,31754186,PMC6872820
200141558,GSE141558,32685473,PMC7333031
200140543,GSE140543,31911652,PMC6946686
200138942,GSE138942,31754113,PMC6872649
200135831,GSE135831,31598701,PMC6868375
200126736,GSE126736,31911279,PMC6948383
200111620,GSE111620,31884170,PMC6941881
200131379,GSE131379,31560396,PMC6884703
200130342,GSE130342,31826988,PMC7022368
200132008,GSE132008,31801078,PMC6917043
200114981,GSE114981,31786140,PMC6917035
200139335,GSE139335,31953400;34163028;35127252;36754452,PMC6969104;PMC8321896;PMC8812775;PMC9923360
200136829,GSE136829,31934644,PMC6944693
200135879,GSE135879,31503550,PMC6795499
200135732,GSE135732,31961934,PMC7099330
200073999,GSE73999,31907411,PMC6952556
200138042,GSE138042,33748479,PMC7970325
200125511,GSE125511,34733015;36893152,PMC8561761;PMC9997903
200118272,GSE118272,31913126,PMC6984821
200116864,GSE116864,31493351,PMC6826133
200141169,GSE141169,32071289,PMC7028730
200139516,GSE139516,32223537;35060842,PMC7170352;PMC8843244
200131132,GSE131132,31831874,PMC7244577
200129340,GSE129340,31782890,PMC6998394
200126675,GSE126675,31926619,PMC6906704
200123278,GSE123278,31748226,PMC7132630
200141142,GSE141142,32164626,PMC7068944
200128696,GSE128696,31921138,PMC6927467
200141021,GSE141021,31924735,PMC7196498
200118719,GSE118719,30477559,PMC6257964
200141013,GSE141013,32488114,PMC7265345
200140432,GSE140432,31792060,PMC6892436
200137408,GSE137408,31775037,PMC6936330
200134865,GSE134865,31888698,PMC6936103
200130397,GSE130397,31856832,PMC6924022
200137675,GSE137675,31722709;33196849;34331418,PMC6854757;PMC7708045;PMC8456278
200128097,GSE128097,31809999,PMC6909097
200123485,GSE123485,31698461,PMC6855103
200140707,GSE140707,32596058,PMC7305774
200134888,GSE134888,31888698,PMC6936103
200127826,GSE127826,32345368;35367648,PMC7189544;PMC9134101
200127825,GSE127825,30518613;35367648,PMC9134101
200137253,GSE137253,31648989,PMC6838448
200121842,GSE121842,31169949,PMC6757124
200120703,GSE120703,31911676;34469736,PMC6962552;PMC8534300
200130503,GSE130503,31819273,PMC6982609
200128836,GSE128836,31964861,PMC6972792
200128070,GSE128070,31930723,PMC7005644
200140430,GSE140430,31827286,PMC7108171
200140373,GSE140373,31923801,PMC7000350
200129703,GSE129703,32054837,PMC7018943
200103320,GSE103320,33585078,PMC7860111
200086097,GSE86097,33585078,PMC7860111
200140186,GSE140186,31932695,PMC7341683
200136661,GSE136661,31591222,PMC6815170
200135453,GSE135453,31838022,PMC7033618
200124227,GSE124227,31932695,PMC7341683
200117116,GSE117116,31848340;34664408;37126443,PMC6917744;PMC8649869;PMC10165445
200140198,GSE140198,32087735,PMC7036260
200115414,GSE115414,31732695,PMC6858606
200140172,GSE140172,32640215,PMC7409774
200132392,GSE132392,31709421,PMC6824518
200131358,GSE131358,31715132,PMC6880868
200129696,GSE129696,31181810,PMC6627640
200129078,GSE129078,31881017,PMC6934268
200132698,GSE132698,31819055,PMC6901540
200118823,GSE118823,31819055,PMC6901540
200140150,GSE140150,32029850,PMC7005181
200140031,GSE140031,31852848,PMC6975275
200139372,GSE139372,31852848,PMC6975275
200129467,GSE129467,31881017,PMC6934268
200126207,GSE126207,31767764;33416496,PMC6911241;PMC7793627
200098281,GSE98281,31744494,PMC6862850
200140048,GSE140048,31940495,PMC7067293
200140003,GSE140003,31937753,PMC6959298
200138475,GSE138475,31712311;38481314,PMC6926466;PMC10935831
200136135,GSE136135,31709724,PMC6895612
200128388,GSE128388,31652979,PMC6896067
200139928,GSE139928,32843722,PMC7529584
200139924,GSE139924,31704733,PMC7002231
200137813,GSE137813,31821784,PMC7227117
200127506,GSE127506,31821784,PMC7227117
200084683,GSE84683,31678172,PMC6911827
200139887,GSE139887,32661348,PMC8080688
200135800,GSE135800,31679823,PMC6939458
200106858,GSE106858,31685988;35673898,PMC6927814;PMC9348601
200134849,GSE134849,33741961,PMC7979715
200139822,GSE139822,31871155,PMC6955337
200120920,GSE120920,31900415,PMC6941971
200139682,GSE139682,31792210,PMC6889377
200138058,GSE138058,32406909,PMC7337521
200136904,GSE136904,33046716,PMC7550350
200133423,GSE133423,31733123,PMC6942431
200132868,GSE132868,32325032,PMC7257911
200132475,GSE132475,31788936,PMC6945057
200129862,GSE129862,31697837,PMC6940199
200128576,GSE128576,31801064,PMC6939447
200121445,GSE121445,32164722,PMC7066857
200121382,GSE121382,32164722,PMC7066857
200138250,GSE138250,31658584;34944751,PMC6829352;PMC8698431
200121536,GSE121536,31659294,PMC6989216
200139540,GSE139540,31653782,PMC6899004
200123285,GSE123285,31913353,PMC7116647
200121632,GSE121632,31659294,PMC6989216
200139518,GSE139518,32161614,PMC7052364
200135873,GSE135873,31632411,PMC6779808
200133331,GSE133331,31623640,PMC6796384
200129716,GSE129716,31619268,PMC6794841
200129624,GSE129624,31619268,PMC6794841
200129535,GSE129535,31619268,PMC6794841
200107422,GSE107422,31578316;38816545,PMC6802642;PMC11139887
200100363,GSE100363,31623628,PMC6796492
200130078,GSE130078,31732666,PMC6900598
200114808,GSE114808,31446059,PMC7309153
200130401,GSE130401,31672841,PMC6911631
200130742,GSE130742,31701124,PMC7145544
200130595,GSE130595,31701124,PMC7145544
200123989,GSE123989,31836708,PMC6911043
200139293,GSE139293,31519809,PMC6826014
200138937,GSE138937,31666380,PMC6955261
200136864,GSE136864,31682641,PMC6932815
200136299,GSE136299,31768023,PMC7340496
200135902,GSE135902,31648319,PMC6849944
200134973,GSE134973,31455674,PMC6983300
200089521,GSE89521,31076479,PMC6606333
200139238,GSE139238,35383235,PMC8983706
200126232,GSE126232,31551255,PMC6938689
200139169,GSE139169,31865182,PMC6931198
200121017,GSE121017,31049937,PMC7065064
200087607,GSE87607,31679819,PMC6868509
200139021,GSE139021,32544250,PMC7367210
200139018,GSE139018,31774199,PMC6939194
200137239,GSE137239,31600962,PMC6826756
200137238,GSE137238,31600962,PMC6826756
200137237,GSE137237,31600962,PMC6826756
200121258,GSE121258,31802906,PMC6827506
200124495,GSE124495,31675375,PMC6853375
200138863,GSE138863,34381018,PMC8358054
200137390,GSE137390,31733993,PMC7137507
200137851,GSE137851,31767858;34261293,PMC6877618;PMC9052895
200134567,GSE134567,31586101,PMC6778192
200133384,GSE133384,31324883,PMC6796877
200132433,GSE132433,31588232,PMC6771234
200131897,GSE131897,31343987,PMC6777804
200138772,GSE138772,31731200,PMC6889747
200138518,GSE138518,32759991,PMC7782128
200138485,GSE138485,33102213;33225985;33680932,PMC7545743;PMC7682083;PMC7933665
200130751,GSE130751,31185214,PMC7534582
200121043,GSE121043,30851239,PMC7988342
200114053,GSE114053,31690716,PMC6831662
200113581,GSE113581,30626868,PMC6327034
200133151,GSE133151,31723142,PMC6853924
200137559,GSE137559,31614463,PMC6826487
200124451,GSE124451,30952905,PMC6451017
200138288,GSE138288,31619387,PMC6891213
200126319,GSE126319,31588023,PMC7104854
200138269,GSE138269,32014859;32238403;33708626,PMC6996518;PMC7133750;PMC7942227
200133664,GSE133664,31641008,PMC6942206
200133663,GSE133663,31641008,PMC6942206
200138155,GSE138155,31848385,PMC6917815
200136891,GSE136891,31802004,PMC6944329
200136155,GSE136155,31594824,PMC7153754
200134308,GSE134308,36620589;33605558,PMC9815773;PMC8255842
200134076,GSE134076,33514588,PMC7969366
200131990,GSE131990,32350082,PMC7276940
200131934,GSE131934,31842906,PMC6916027
200129950,GSE129950,31515468,PMC6742644
200125772,GSE125772,31624087,PMC6942226
200123970,GSE123970,37801613,PMC10841833
200123777,GSE123777,31681329,PMC6813538
200137106,GSE137106,33976158,PMC8113560
200123518,GSE123518,33792119,PMC8177787
200087080,GSE87080,29108258,PMC5667991
200076043,GSE76043,31784729;33051686,PMC7641766
200076041,GSE76041,31784729;33051686,PMC7641766
200129596,GSE129596,31308078,PMC6995728
200114267,GSE114267,31428587,PMC6688199
200129381,GSE129381,31564637,PMC6876280
200136433,GSE136433,31653849,PMC6814821
200130534,GSE130534,31551480,PMC6760229
200120534,GSE120534,31067569,PMC7316406
200128563,GSE128563,31543463,PMC6801112
200122248,GSE122248,31530865,PMC6749057
200109570,GSE109570,31551256,PMC6891197
200087559,GSE87559,30549291,PMC6519263
200087558,GSE87558,30549291,PMC6519263
200128395,GSE128395,31819156,PMC7244501
200104675,GSE104675,29983888,PMC6033359
200133553,GSE133553,31534521,PMC6735379
200137803,GSE137803,33038372,PMC7686287
200137802,GSE137802,39732803,PMC11682282
200137777,GSE137777,32642704,PMC7236404
200137775,GSE137775,31747605,PMC6886683
200130501,GSE130501,31462429,PMC6801100
200137755,GSE137755,31761563,PMC6949384
200137725,GSE137725,31844050,PMC6915789
200120303,GSE120303,32669559,PMC7363861
200119974,GSE119974,31511320,PMC6859848
200134598,GSE134598,31582538,PMC7271606
200126895,GSE126895,31523390,PMC6731103
200110649,GSE110649,31133691,PMC6738113
200105094,GSE105094,31133691;31980649,PMC6738113;PMC6981206
200137519,GSE137519,32002539,PMC7351133
200137460,GSE137460,31551362,PMC6911633
200119931,GSE119931,31531882,PMC6792020
200126365,GSE126365,31943118,PMC7049692
200118629,GSE118629,31515496,PMC6742760
200130160,GSE130160,31432603,PMC6778641
200123090,GSE123090,31444154,PMC6801099
200122416,GSE122416,31553912,PMC7297508
200137173,GSE137173,31720090,PMC6844129
200115121,GSE115121,31664040,PMC6820555
200113542,GSE113542,31467287,PMC6715699
200077307,GSE77307,31282108,PMC6714287
200123892,GSE123892,31533980;33720519;35563134,PMC6771409;PMC8334257;PMC9102906
200134595,GSE134595,31599491,PMC6893290
200137056,GSE137056,32198885,PMC7229860
200136928,GSE136928,31607954,PMC6761282
200129540,GSE129540,31478829,PMC6788855
200129146,GSE129146,31492753,PMC6816095
200132610,GSE132610,33086658,PMC7650722
200136781,GSE136781,31731486;32413978,PMC6895980;PMC7281098
200136763,GSE136763,32665538,PMC7360734
200073957,GSE73957,30118678,PMC6149533
200131651,GSE131651,31649247,PMC6813313
200125014,GSE125014,31501863,PMC6821169
200112330,GSE112330,31270412,PMC6796870
200131075,GSE131075,31501275,PMC6817756
200124768,GSE124768,31447390,PMC6863466
200118476,GSE118476,30923319,PMC7340798
200117155,GSE117155,31616795,PMC6774727
200113005,GSE113005,32977582,PMC7598246
200053259,GSE53259,31811682;31820845,PMC7266268
200136664,GSE136664,32064749,PMC7132202
200136410,GSE136410,31383640,PMC6776795
200134954,GSE134954,31555637,PMC6727631
200128056,GSE128056,30867218,PMC6606366
200131592,GSE131592,31395785,PMC7327437
200130903,GSE130903,31451564,PMC6891167
200118320,GSE118320,31368616,PMC6778635
200136569,GSE136569,32366257,PMC7197141
200136560,GSE136560,31500094,PMC6769617
200136559,GSE136559,32014486,PMC8867604
200136533,GSE136533,31604914,PMC6789141
200131147,GSE131147,31437130,PMC6819120
200126275,GSE126275,31231465,PMC6570473
200136372,GSE136372,31649238;34771673;39341835,PMC6813355;PMC8583122;PMC11438863
200136369,GSE136369,31918914,PMC6920326
200119360,GSE119360,31511512,PMC6739341
200117305,GSE117305,31260412,PMC6715370
200133629,GSE133629,31562301,PMC6764945
200133628,GSE133628,31562301,PMC6764945
200133568,GSE133568,31439820,PMC6731642
200133567,GSE133567,31439820,PMC6731642
200116668,GSE116668,31551414,PMC6760172
200116111,GSE116111,31533822,PMC6751789
200136113,GSE136113,34109199,PMC8180850
200120957,GSE120957,31239270,PMC6698222
200135997,GSE135997,31451483,PMC7780711
200130359,GSE130359,31380274;31685921,PMC6660286;PMC6828681
200130358,GSE130358,31380274,PMC6660286
200129652,GSE129652,31611688,PMC6858565
200127960,GSE127960,31392276,PMC6669021
200125245,GSE125245,31466944,PMC7202356
200116015,GSE116015,30661959,PMC6687310
200113909,GSE113909,31519911,PMC6744561
200110059,GSE110059,31152681,PMC6670021
200108706,GSE108706,31380287,PMC6653061
200130648,GSE130648,31201181,PMC6785242
200124221,GSE124221,31427232,PMC6796576
200135914,GSE135914,32711549,PMC7382040
200119970,GSE119970,31511524,PMC6739408
200131512,GSE131512,31481608,PMC6754586
200119808,GSE119808,31941829,PMC7116365
200132812,GSE132812,31353502,PMC7154753
200132810,GSE132810,31353502,PMC7154753
200135753,GSE135753,31511522,PMC6739309
200127959,GSE127959,31316209,PMC6934414
200118558,GSE118558,32245794,PMC7507765
200116765,GSE116765,31266833,PMC6744985
200135619,GSE135619,31896581,PMC6983376
200135579,GSE135579,31903133,PMC6929984
200132053,GSE132053,31358475,PMC6711861
200135527,GSE135527,31506280,PMC6829598
200135515,GSE135515,31857292,PMC7024658
200134720,GSE134720,31515477,PMC6742637
200133286,GSE133286,32613204,PMC7328899
200133285,GSE133285,32613204,PMC7328899
200107280,GSE107280,31433991,PMC6754178
200135420,GSE135420,31659118,PMC6901317
200135413,GSE135413,31519749,PMC6827284
200135402,GSE135402,32979793,PMC7519368
200135257,GSE135257,31576015;36632741,PMC10067438
200133523,GSE133523,31390573,PMC6733019
200118407,GSE118407,31372511,PMC6656769
200091065,GSE91065,30552977;34298727,PMC8306386
200131856,GSE131856,31604910,PMC6789042
200115895,GSE115895,32203470,PMC7138649
200115894,GSE115894,32203470,PMC7138649
200135222,GSE135222,31537801;32762727,PMC6753140;PMC7410160
200119654,GSE119654,31366730,PMC6755804
200131730,GSE131730,31344408,PMC6802295
200131728,GSE131728,31344408,PMC6802295
200124380,GSE124380,31215771,PMC6653217
200122369,GSE122369,31461652,PMC6718812
200122368,GSE122368,31461652,PMC6718812
200115760,GSE115760,31351877,PMC6754283
200115759,GSE115759,31351877,PMC6754283
200135028,GSE135028,31371381,PMC6781010
200130307,GSE130307,31300344,PMC6642412
200129563,GSE129563,31216647,PMC6627522
200124127,GSE124127,31315653,PMC6636093
200118963,GSE118963,31309149;37794021,PMC6620102;PMC10550934
200133822,GSE133822,31484735,PMC6761013
200131011,GSE131011,31242423,PMC6657699
200129915,GSE129915,31311575,PMC6636010
200121626,GSE121626,31334126,PMC6621974
200134978,GSE134978,31856849,PMC6921542
200134938,GSE134938,34392603,PMC8732350
200134919,GSE134919,31387918,PMC6774875
200118377,GSE118377,31039138,PMC6629156
200118372,GSE118372,31039138,PMC6629156
200134817,GSE134817,31772269,PMC6879629
200134776,GSE134776,31856849,PMC6921542
200130513,GSE130513,31350286,PMC6679384
200128805,GSE128805,31474574;34930825,PMC7065273;PMC8740767
200117623,GSE117623,30218669,PMC6347478
200134630,GSE134630,31856849,PMC6921542
200126395,GSE126395,31468686,PMC6776892
200111798,GSE111798,31395738,PMC6717262
200086213,GSE86213,30953555;31311601;31358019,PMC6451284;PMC6633653;PMC6661739
200120715,GSE120715,31266503,PMC6604197
200131375,GSE131375,31262335,PMC6604188
200117523,GSE117523,31468695,PMC6776914
200100785,GSE100785,31306552,PMC6972655
200117415,GSE117415,30555573,PMC6276287
200134506,GSE134506,31676777,PMC6825213
200124894,GSE124894,31054182,PMC6668982
200133976,GSE133976,31462641,PMC6713762
200117429,GSE117429,30930119,PMC6467783
200103074,GSE103074,31327655,PMC7210785
200134375,GSE134375,31534498,PMC6735387
200126078,GSE126078,31361600;33471819,PMC6763249;PMC7817027
200134320,GSE134320,33921974,PMC8122681
200125607,GSE125607,31303470,PMC6707877
200125606,GSE125606,31303470,PMC6707877
200124704,GSE124704,31227306,PMC6920609
200130229,GSE130229,31451685,PMC6710278
200129501,GSE129501,31495563,PMC6842433
200134173,GSE134173,31452512,PMC6713475
200134095,GSE134095,31383875,PMC6683171
200134074,GSE134074,31523835,PMC6826201
200123980,GSE123980,31399571,PMC6689055
200114791,GSE114791,31346082,PMC6697815
200133925,GSE133925,31387917,PMC6839953
200119598,GSE119598,31310591,PMC6763228
200116907,GSE116907,31000582,PMC6610760
200112817,GSE112817,31399573,PMC6689091
200119866,GSE119866,31375671,PMC6677832
200109886,GSE109886,31306413,PMC6657958
200109885,GSE109885,31306413,PMC6657958
200110580,GSE110580,29922161,PMC5996282
200133876,GSE133876,33976187,PMC8113490
200125218,GSE125218,31819274;38234848;38842510,PMC7085969;PMC10793472;PMC11155197
200110915,GSE110915,31266983,PMC6606599
200110820,GSE110820,31266983,PMC6606599
200133660,GSE133660,31433975,PMC6716532
200133626,GSE133626,34873462,PMC8640800
200122630,GSE122630,31200764,PMC6570893
200116521,GSE116521,30425508,PMC6203107
200111960,GSE111960,31249870,PMC6594773
200111959,GSE111959,31249870,PMC6594773
200131931,GSE131931,31292201,PMC6943826
200129782,GSE129782,31391455;32321567;35326450,PMC6686004;PMC7178746;PMC8946988
200129779,GSE129779,31391455;32321567;35326450,PMC6686004;PMC7178746;PMC8946988
200126029,GSE126029,31266538,PMC6604319
200125282,GSE125282,31253868,PMC6755966
200118131,GSE118131,31300474,PMC6733269
200117543,GSE117543,31395852,PMC6687714
200123605,GSE123605,30779441,PMC6593830
200120858,GSE120858,31396265,PMC6667652
200114332,GSE114332,31619158,PMC6796420
200099169,GSE99169,31519907,PMC6744440
200133460,GSE133460,35280651,PMC8899146
200133447,GSE133447,28728983,PMC5632138
200125852,GSE125852,32123031,PMC7196586
200125215,GSE125215,31178407,PMC6936329
200124854,GSE124854,31178407,PMC6936329
200120105,GSE120105,31251911,PMC6760001
200099116,GSE99116,31178407,PMC6936329
200132500,GSE132500,36286413,PMC9605225
200115481,GSE115481,31281524,PMC6587348
200106119,GSE106119,29560130,PMC5849194
200131261,GSE131261,31292228,PMC6620372
200126850,GSE126850,31257184,PMC6754293
200128749,GSE128749,31485472,PMC6715830
200125648,GSE125648,31186036,PMC6560732
200125437,GSE125437,31253180,PMC6599250
200114273,GSE114273,31266892,PMC6642419
200133137,GSE133137,31310053,PMC6685085
200133078,GSE133078,31284509,PMC6651528
200130449,GSE130449,31136958,PMC6536746
200128274,GSE128274,31156698,PMC6530380
200132982,GSE132982,31581124;33498176,PMC7863919
200130437,GSE130437,31100952;32344635;33599863,PMC6563125;PMC7230561;PMC8019424
200129336,GSE129336,31396262;37107179,PMC6668488;PMC10134992
200126998,GSE126998,30898650,PMC6557734
200119196,GSE119196,31115563,PMC6549078
200115976,GSE115976,31060906,PMC6558223
200084267,GSE84267,31018951,PMC6542644
200124720,GSE124720,31597964,PMC6858563
200100322,GSE100322,29121253,PMC6018707
200097098,GSE97098,31378681,PMC7505724
200131414,GSE131414,31616472,PMC6764484
200124841,GSE124841,31160577,PMC6547665
200123835,GSE123835,31183075,PMC6555941
200119255,GSE119255,31115582,PMC6549092
200132718,GSE132718,33060740,PMC7562701
200132693,GSE132693,31721355,PMC6985668
200132660,GSE132660,34815308,PMC8744680
200112705,GSE112705,31281537,PMC6592166
200132624,GSE132624,31207090,PMC6777998
200130727,GSE130727,31251810,PMC6698740
200130284,GSE130284,31242243,PMC6594622
200095280,GSE95280,31207090,PMC6777998
200132428,GSE132428,31362937,PMC6724674
200127948,GSE127948,31227503,PMC6744978
200120631,GSE120631,31133010,PMC6537309
200120158,GSE120158,31151404,PMC6544940
200104462,GSE104462,31108460,PMC6526247
200103096,GSE103096,30723171,PMC6530478
200103095,GSE103095,30723171,PMC6530478
200132233,GSE132233,31498151,PMC6763270
200132223,GSE132223,33252861,PMC7653798
200132194,GSE132194,31704972,PMC6841924
200125086,GSE125086,31171704,PMC6601509
200132138,GSE132138,31266868,PMC6606803
200132082,GSE132082,31409692,PMC6771143
200115255,GSE115255,30733195,PMC6467765
200109184,GSE109184,30582655,PMC6398890
200131626,GSE131626,31281901,PMC6609211
200122802,GSE122802,31279659,PMC6688901
200122801,GSE122801,31279659,PMC6688901
200122800,GSE122800,31279659,PMC6688901
200114472,GSE114472,31281487,PMC6587167
200102357,GSE102357,31147722,PMC6698646
200099744,GSE99744,30177832,PMC7182071
200098555,GSE98555,28868519,PMC5578628
200128632,GSE128632,31243293,PMC6594956
200120106,GSE120106,31147591,PMC6542853
200114055,GSE114055,30341421,PMC6748083
200082291,GSE82291,29438977;28440341,PMC5894810
200125743,GSE125743,31106149;31578346,PMC6498862;PMC6775143
200122149,GSE122149,31196176,PMC6567413
200121106,GSE121106,31285436,PMC6614369
200119646,GSE119646,30755444,PMC6467770
200123860,GSE123860,31435022,PMC6872931
200099680,GSE99680,31110002,PMC6561257
200128967,GSE128967,30965636,PMC6521309
200115659,GSE115659,31089191,PMC6517443
200112883,GSE112883,30987380;32847042,PMC6520695;PMC7563274
200131753,GSE131753,31633784,PMC6993854
200131680,GSE131680,31903159;33182805,PMC6929991;PMC7709039
200114856,GSE114856,31844057,PMC6914800
200131521,GSE131521,32057994,PMC7839060
200131470,GSE131470,31477794,PMC7050407
200121472,GSE121472,31149037,PMC6531294
200099724,GSE99724,30242258,PMC6155045
200129944,GSE129944,32236631,PMC7160548
200127886,GSE127886,31043489,PMC6679760
200127081,GSE127081,30860984,PMC6486333
200121247,GSE121247,30626740,PMC6485357
200114632,GSE114632,32858747,PMC7480115
200131303,GSE131303,31253784,PMC6599020
200131300,GSE131300,31147469,PMC7056941
200131249,GSE131249,31799603,PMC6954439
200131222,GSE131222,31134896,PMC6538376
200129221,GSE129221,31073278;32923394,PMC6498592;PMC7456826
200125128,GSE125128,31073170,PMC6509342
200124527,GSE124527,31027518,PMC6486691
200128603,GSE128603,31048683,PMC6497712
200128351,GSE128351,31033435,PMC6538374
200120781,GSE120781,33001025,PMC7599066
200119668,GSE119668,31039152,PMC6490878
200113922,GSE113922,30696953,PMC6499706
200104917,GSE104917,30536898,PMC6491995
200130174,GSE130174,31217347;32556941;40800603,PMC6629090;PMC7525636;PMC12341739
200128668,GSE128668,31223530,PMC6571010
200128300,GSE128300,31074842,PMC6635741
200117446,GSE117446,31085178;33207202,PMC6521975;PMC7703850
200103509,GSE103509,30013107,PMC6101038
200131031,GSE131031,31168092,PMC6626542
200114826,GSE114826,31853539,PMC7026595
200130892,GSE130892,32313079,PMC7170965
200130858,GSE130858,33762579,PMC7991640
200130857,GSE130857,31731490,PMC6896086
200130852,GSE130852,31292138,PMC6774879
200128913,GSE128913,31043582,PMC6494844
200117965,GSE117965,31239516,PMC6639130
200114320,GSE114320,31217428,PMC6584500
200128526,GSE128526,31110013,PMC6561285
200128313,GSE128313,31061459,PMC6563615
200130660,GSE130660,31992186,PMC6988223
200130637,GSE130637,31799386,PMC6867884
200130616,GSE130616,31138768,PMC6871662
200125403,GSE125403,31048321,PMC6606342
200098786,GSE98786,29997151;34662337,PMC6201274;PMC8601628
200098785,GSE98785,29997151;34662337,PMC6201274;PMC8601628
200129437,GSE129437,31000698,PMC6472371
200121332,GSE121332,30992459,PMC6467924
200119103,GSE119103,31015400,PMC6478836
200129337,GSE129337,31554806,PMC6761109
200116129,GSE116129,31085176,PMC6945775
200102674,GSE102674,31113850,PMC6584619
200098422,GSE98422,31130957,PMC6509587
200129076,GSE129076,31101765,PMC6606360
200125903,GSE125903,31058073,PMC6477087
200108388,GSE108388,31133746;31427792,PMC6952269;PMC6952272
200079864,GSE79864,31142587,PMC6605752
200128638,GSE128638,31097419,PMC6692909
200127333,GSE127333,31110180,PMC6527565
200103496,GSE103496,30991027,PMC6812656
200103495,GSE103495,30991027,PMC6812656
200103494,GSE103494,30991027,PMC6812656
200130363,GSE130363,31285280,PMC7611280
200129871,GSE129871,31142743,PMC6541620
200112276,GSE112276,31031084,PMC6588483
200098268,GSE98268,28663582,PMC12856936
200130084,GSE130084,32153636,PMC7047281
200125525,GSE125525,30813560,PMC6468617
200113942,GSE113942,30696738;40537980,PMC6355981;PMC12426746
200119153,GSE119153,30664790,PMC6948102
200123807,GSE123807,30717152,PMC6406699
200114574,GSE114574,30952620,PMC6491796
200125512,GSE125512,31120332,PMC6909779
200119241,GSE119241,31217338,PMC6724184
200126831,GSE126831,30978357,PMC8318381
200122130,GSE122130,30938333,PMC6457324
200100799,GSE100799,29844878;35331169;36123629,PMC5963621;PMC8953143;PMC9484138
200126489,GSE126489,31097698,PMC6522510
200113182,GSE113182,30975897,PMC6601215
200127564,GSE127564,30987999,PMC6548652
200125520,GSE125520,30814679,PMC6461993
200115862,GSE115862,30955885,PMC6823843
200114085,GSE114085,29789628,PMC5964252
200109310,GSE109310,31043611,PMC6494882
200121958,GSE121958,32125007,PMC7110136
200129508,GSE129508,41325517,PMC12704748
200108833,GSE108833,29629903;40281007,PMC5919820;PMC12032076
200125848,GSE125848,30858552,PMC6756219
200108787,GSE108787,30944316,PMC6447566
200100066,GSE100066,30971321,PMC6456988
200129362,GSE129362,32332873,PMC7181695
200129361,GSE129361,32332873,PMC7181695
200128399,GSE128399,30917865;33008340,PMC6438015;PMC7530956
200127492,GSE127492,30953031,PMC6756218
200122273,GSE122273,31253791,PMC6599207
200129307,GSE129307,31130520,PMC6697612
200127762,GSE127762,36229456,PMC9561678
200105786,GSE105786,31133746,PMC6952269
200129182,GSE129182,33627784,PMC7979544
200123065,GSE123065,30914725,PMC6435722
200120439,GSE120439,31169889;37210723,PMC6582409;PMC10558134
200129142,GSE129142,31552420,PMC6846710
200129111,GSE129111,31012116,PMC6660365
200120596,GSE120596,30929268,PMC6753944
200120268,GSE120268,31007848,PMC6459349
200117180,GSE117180,31060542,PMC6503380
200111252,GSE111252,30903020,PMC6430783
200127764,GSE127764,31110180,PMC6527565
200129071,GSE129071,31931755,PMC6958774
200129058,GSE129058,30968748,PMC6535958
200128998,GSE128998,31014355,PMC6480895
200128915,GSE128915,31267558,PMC6669927
200126529,GSE126529,30914792,PMC6884148
200119864,GSE119864,30874541,PMC6420644
200119149,GSE119149,30910979,PMC6462070
200118797,GSE118797,30891063,PMC6411637
200118197,GSE118197,30899378;32764982,PMC6413274;PMC7369416
200117970,GSE117970,30930117,PMC6472943
200117054,GSE117054,30930056,PMC6525023
200096779,GSE96779,30205046,PMC6422029
200128866,GSE128866,36914661,PMC10011561
200126753,GSE126753,30918399,PMC6707377
200123637,GSE123637,31133756,PMC8183600
200115365,GSE115365,30928206;36424410,PMC6527870
200113861,GSE113861,30928206,PMC6527870
200122304,GSE122304,30988284,PMC6465371
200122303,GSE122303,30988284,PMC6465371
200113313,GSE113313,30988284,PMC6465371
200113312,GSE113312,30988284,PMC6465371
200111247,GSE111247,30775418,PMC6365369
200106557,GSE106557,29386185,PMC5882560
200128766,GSE128766,31208434,PMC6580486
200118937,GSE118937,30912515,PMC6440742
200112795,GSE112795,31061416;32444598,PMC6502834;PMC7244544
200108212,GSE108212,30926605,PMC6527152
200102506,GSE102506,31015465,PMC6478686
200126535,GSE126535,30894749,PMC6812682
200121092,GSE121092,30846719,PMC6405761
200117138,GSE117138,30850577,PMC6408575
200081977,GSE81977,30337563,PMC6193986
200122614,GSE122614,30979895,PMC6461621
200111905,GSE111905,30894746,PMC7611299
200115763,GSE115763,30858363,PMC6411998
200098069,GSE98069,30846826,PMC6405739
200128500,GSE128500,30807234,PMC6506420
200112445,GSE112445,30877256;38886396,PMC6452716;PMC11183067
200125905,GSE125905,30951670,PMC6664447
200119834,GSE119834,30948495,PMC6504206
200115873,GSE115873,30770999;30976974,PMC6546611;PMC6999025
200084273,GSE84273,30212242,PMC6391636
200105145,GSE105145,31110221,PMC6527698
200128392,GSE128392,31043744,PMC6533917
200128342,GSE128342,37148657;37833915,PMC10192941;PMC10572120
200128257,GSE128257,30979708,PMC6549033
200125775,GSE125775,31015438,PMC6479050
200121790,GSE121790,30972518,PMC6541682
200120233,GSE120233,31015438,PMC6479050
200128205,GSE128205,32106863,PMC7045492
200128174,GSE128174,31015486,PMC6479060
200125941,GSE125941,30962207,PMC6500973
200119501,GSE119501,30693469,PMC6850467
200115377,GSE115377,30865883;31996893,PMC6448596;PMC7102967
200110205,GSE110205,30837581,PMC6401130
200110130,GSE110130,30837577,PMC6401026
200126109,GSE126109,31048689,PMC6497655
200124453,GSE124453,30849979,PMC6408762
200117311,GSE117311,30858614,PMC6755913
200116984,GSE116984,30832689,PMC6399913
200111073,GSE111073,31198831;30979659,PMC6557731;PMC6853029
200127905,GSE127905,32106863;38041015,PMC7045492;PMC10690983
200125602,GSE125602,30763770,PMC6468197
200125370,GSE125370,30808711,PMC6463700
200122672,GSE122672,30814731,PMC6561087
200120663,GSE120663,30714679,PMC6488130
200114974,GSE114974,30763770;32294439;35482409,PMC6468197;PMC7474926;PMC9220943
200127836,GSE127836,32371391,PMC7307189
200122437,GSE122437,30674889,PMC6393520
200109752,GSE109752,30827887,PMC6424636
200103404,GSE103404,30742544,PMC6680296
200119587,GSE119587,30796839,PMC6542340
200117746,GSE117746,30840889,PMC6449498
200127169,GSE127169,22955616,PMC3439153
200127168,GSE127168,22955616,PMC3439153
200127167,GSE127167,22955616,PMC3439153
200127166,GSE127166,22955616,PMC3439153
200127164,GSE127164,22955616,PMC3439153
200127163,GSE127163,22955616,PMC3439153
200127162,GSE127162,22955616,PMC3439153
200127160,GSE127160,22955616,PMC3439153
200127159,GSE127159,22955616,PMC3439153
200127158,GSE127158,22955616,PMC3439153
200127157,GSE127157,22955616,PMC3439153
200127156,GSE127156,22955616,PMC3439153
200127155,GSE127155,22955616,PMC3439153
200127154,GSE127154,22955616,PMC3439153
200127153,GSE127153,22955616,PMC3439153
200127152,GSE127152,22955616,PMC3439153
200127150,GSE127150,22955616,PMC3439153
200127148,GSE127148,22955616,PMC3439153
200127147,GSE127147,22955616,PMC3439153
200127145,GSE127145,22955616,PMC3439153
200127141,GSE127141,22955616,PMC3439153
200127138,GSE127138,22955616,PMC3439153
200127137,GSE127137,22955616,PMC3439153
200127135,GSE127135,22955616,PMC3439153
200127134,GSE127134,22955616,PMC3439153
200127133,GSE127133,22955616,PMC3439153
200127131,GSE127131,22955616,PMC3439153
200127130,GSE127130,22955616,PMC3439153
200127129,GSE127129,22955616,PMC3439153
200127127,GSE127127,22955616,PMC3439153
200127126,GSE127126,22955616,PMC3439153
200127124,GSE127124,22955616,PMC3439153
200127123,GSE127123,22955616,PMC3439153
200127122,GSE127122,22955616,PMC3439153
200127120,GSE127120,22955616,PMC3439153
200127118,GSE127118,22955616,PMC3439153
200127115,GSE127115,22955616,PMC3439153
200127113,GSE127113,22955616,PMC3439153
200127112,GSE127112,22955616,PMC3439153
200127111,GSE127111,22955616,PMC3439153
200127110,GSE127110,22955616,PMC3439153
200127109,GSE127109,22955616,PMC3439153
200127108,GSE127108,22955616,PMC3439153
200127105,GSE127105,22955616,PMC3439153
200127104,GSE127104,22955616,PMC3439153
200127103,GSE127103,22955616,PMC3439153
200127102,GSE127102,22955616,PMC3439153
200127101,GSE127101,22955616,PMC3439153
200127100,GSE127100,22955616,PMC3439153
200127099,GSE127099,22955616,PMC3439153
200127098,GSE127098,22955616,PMC3439153
200127097,GSE127097,22955616,PMC3439153
200127096,GSE127096,22955616,PMC3439153
200127095,GSE127095,22955616,PMC3439153
200127094,GSE127094,22955616,PMC3439153
200127093,GSE127093,22955616,PMC3439153
200127091,GSE127091,22955616,PMC3439153
200127090,GSE127090,22955616,PMC3439153
200127088,GSE127088,22955616,PMC3439153
200127087,GSE127087,22955616,PMC3439153
200127086,GSE127086,22955616,PMC3439153
200127085,GSE127085,22955616,PMC3439153
200127084,GSE127084,22955616,PMC3439153
200127083,GSE127083,22955616,PMC3439153
200127082,GSE127082,22955616,PMC3439153
200127080,GSE127080,22955616,PMC3439153
200127078,GSE127078,22955616,PMC3439153
200127077,GSE127077,22955616,PMC3439153
200127076,GSE127076,22955616,PMC3439153
200127074,GSE127074,22955616,PMC3439153
200127073,GSE127073,22955616,PMC3439153
200127071,GSE127071,22955616,PMC3439153
200127070,GSE127070,22955616,PMC3439153
200127068,GSE127068,22955616,PMC3439153
200127066,GSE127066,22955616,PMC3439153
200127065,GSE127065,22955616,PMC3439153
200127063,GSE127063,22955616,PMC3439153
200127062,GSE127062,22955616,PMC3439153
200127061,GSE127061,22955616,PMC3439153
200124535,GSE124535,30814741;32968453,PMC7499982
200124357,GSE124357,30918060,PMC6437273
200118185,GSE118185,30867289,PMC6442582
200124876,GSE124876,30867051,PMC6417085
200118942,GSE118942,30841919;32001757,PMC6404325;PMC6992640
200110644,GSE110644,30046001,PMC6124402
200110182,GSE110182,30796052,PMC6571057
200095588,GSE95588,31068444,PMC6726376
200122927,GSE122927,30865623,PMC6433297
200120720,GSE120720,30644358,PMC6336405
200116873,GSE116873,30745086,PMC6485942
200116870,GSE116870,30745086,PMC6485942
200116867,GSE116867,30745086,PMC6485942
200113650,GSE113650,30628666,PMC6365037
200111423,GSE111423,30365065,PMC6257835
200106305,GSE106305,30655535,PMC6336817
200126975,GSE126975,34638266,PMC8508280
200122237,GSE122237,30563893;36509990,PMC6377833;PMC9744873
200109519,GSE109519,30108207,PMC6092349
200101980,GSE101980,29786075,PMC6370770
200123755,GSE123755,30665893,PMC6432718
200121422,GSE121422,30542117,PMC6461515
200117193,GSE117193,30742096,PMC6546609
200117189,GSE117189,30760707;37743465,PMC6374379;PMC10518106
200126933,GSE126933,32296014,PMC7067872
200126912,GSE126912,30842218,PMC6499322
200121976,GSE121976,30886783,PMC6421064
200126840,GSE126840,30842215,PMC6499328
200126797,GSE126797,31980822;34090325;35657102,PMC7049693;PMC8178906;PMC9226514
200122536,GSE122536,30899417,PMC6420793
200122535,GSE122535,30899417,PMC6420793
200121949,GSE121949,30867593,PMC6438714
200118148,GSE118148,30518851,PMC6281582
200110320,GSE110320,30867593,PMC6438714
200126784,GSE126784,31179855,PMC6779404
200126723,GSE126723,31158229,PMC6546236
200126451,GSE126451,30886146,PMC6423285
200121896,GSE121896,30993034,PMC6461029
200119631,GSE119631,30663495,PMC6363278
200114642,GSE114642,30755707,PMC6880927
200126609,GSE126609,31649238;34771673;39341835,PMC6813355;PMC8583122;PMC11438863
200126602,GSE126602,31095645,PMC6541308
200126575,GSE126575,37505720,PMC10467105
200126562,GSE126562,30948643,PMC6486754
200126537,GSE126537,30955884,PMC6711371
200126504,GSE126504,31001480,PMC6454005
200126503,GSE126503,30962446,PMC6453957
200124466,GSE124466,30788509,PMC6451131
200125866,GSE125866,31467541;33345447,PMC6699286;PMC7882956
200124620,GSE124620,30718505,PMC6362136
200112592,GSE112592,30584254,PMC6315025
200103203,GSE103203,30389702,PMC6705596
200125578,GSE125578,30792186,PMC6400532
200125472,GSE125472,30792186,PMC6400532
200111009,GSE111009,31113863;38766006,PMC6615668;PMC11100809
200107692,GSE107692,30754719,PMC6406924
200102243,GSE102243,30805632,PMC6486546
200124826,GSE124826,30833784,PMC6709854
200117493,GSE117493,30833784,PMC6709854
200110449,GSE110449,30297712,PMC6175882
200126306,GSE126306,31006810,PMC6582326
200110417,GSE110417,30529531,PMC6551333
200126253,GSE126253,31041561,PMC8078134
200093758,GSE93758,30923315,PMC6438984
200126153,GSE126153,30697731;31570773,PMC6593675;PMC7044113
200108304,GSE108304,30419347,PMC6351074
200126152,GSE126152,30818224,PMC6393697
200126083,GSE126083,30902546,PMC6598686
200111918,GSE111918,30709863,PMC6373749
200107572,GSE107572,31126321,PMC6534875
200126076,GSE126076,30914431,PMC6522315
200113946,GSE113946,30926969,PMC6443099
200110219,GSE110219,29907599,PMC7115916
200085610,GSE85610,30675233;30854052,PMC6341838;PMC6365901
200124508,GSE124508,30755442,PMC6497578
200120298,GSE120298,30718512,PMC6361890
200120297,GSE120297,30718512,PMC6361890
200096825,GSE96825,30668775,PMC6468493
200125966,GSE125966,30770362;34323958,PMC6391660;PMC8361458
200118140,GSE118140,30517713,PMC6393244
200101934,GSE101934,30728260,PMC6450116
200125802,GSE125802,30718260,PMC6497540
200113695,GSE113695,30305285,PMC6373451
200111520,GSE111520,30700829,PMC6756228
200109673,GSE109673,30343511,PMC6317945
200109620,GSE109620,29510190;35241665;37790936,PMC8894386;PMC10544577
200065830,GSE65830,30783652,PMC6486550
200125453,GSE125453,31937566,PMC7309453
200125369,GSE125369,25538889,PMC4259114
200125365,GSE125365,25538889,PMC4259114
200121425,GSE121425,30992567,PMC7679026
200113386,GSE113386,30616658,PMC6322269
200113215,GSE113215,30630822,PMC6397693
200106810,GSE106810,30865625,PMC6433296
200112101,GSE112101,30674564,PMC6363437
200121845,GSE121845,30664779,PMC6633917
200121843,GSE121843,30664779,PMC6633917
200112378,GSE112378,30809307,PMC6376470
200112037,GSE112037,30923373,PMC7605494
200121515,GSE121515,30554877,PMC6329640
200114016,GSE114016,30578319,PMC6329966
200125112,GSE125112,30514804,PMC6545850
200109245,GSE109245,31338875,PMC6800786
200125024,GSE125024,31294790,PMC6735767
200120675,GSE120675,30801039,PMC6376255
200125011,GSE125011,32823589,PMC7465057
200122688,GSE122688,30718424,PMC6386723
200117701,GSE117701,30819645,PMC6450743
200115616,GSE115616,30496141,PMC6355211
200111363,GSE111363,30374110,PMC6206098
200102539,GSE102539,29844105,PMC6049506
200124934,GSE124934,38144452,PMC10746524
200124530,GSE124530,30670076,PMC6341724
200118532,GSE118532,30506884,PMC6349343
200119147,GSE119147,30615637,PMC6322746
200123898,GSE123898,30541837,PMC6384073
200112241,GSE112241,30651280,PMC6360819
200109084,GSE109084,30918008,PMC6463213
200124761,GSE124761,30804224,PMC6411009
200124711,GSE124711,30567979,PMC6401440
200123098,GSE123098,30659195,PMC6338783
200124607,GSE124607,30905681,PMC6588464
200124538,GSE124538,30710044,PMC6401260
200119832,GSE119832,30237855,PMC6145692
200109378,GSE109378,30076926,PMC6309654
200090762,GSE90762,30573454,PMC6317322
200124519,GSE124519,30773595,PMC6486551
200122069,GSE122069,30643298,PMC6348009
200119005,GSE119005,30658679,PMC6339303
200119001,GSE119001,33811251,PMC8018973
200117106,GSE117106,31138842,PMC6887538
200116759,GSE116759,32398747,PMC7217962
200101799,GSE101799,31779235;34067180,PMC6966513;PMC8125831
200093605,GSE93605,30912515,PMC6440742
200120755,GSE120755,30598549,PMC6358485
200115850,GSE115850,30150753,PMC6110798
200107163,GSE107163,31434678,PMC6771400
200098016,GSE98016,29581274,PMC5899436
200087096,GSE87096,29507648,PMC5833094
200084439,GSE84439,30665420,PMC6341764
200059009,GSE59009,29581250,PMC5939079
200102720,GSE102720,30595437,PMC6386617
200124450,GSE124450,30952905,PMC6451017
200124412,GSE124412,30986824,PMC6486572
200108596,GSE108596,31480645,PMC6769494
200113144,GSE113144,30679557,PMC6345880
200118870,GSE118870,30559927,PMC6284858
200118864,GSE118864,30559927,PMC6284858
200118774,GSE118774,30334368,PMC6237559
200114213,GSE114213,30563971,PMC6299095
200113400,GSE113400,30382079,PMC6208382
200111653,GSE111653,30037853;31649238,PMC6279594;PMC6813355
200109841,GSE109841,30429372,PMC6302950
200109708,GSE109708,30242112,PMC6239953
200102880,GSE102880,30185628,PMC6214763
200102377,GSE102377,30295647;38510127,PMC6205409;PMC10951988
200098692,GSE98692,29722878,PMC6158714
200094686,GSE94686,30507380,PMC6303110
200085494,GSE85494,30181507,PMC6163887
200081816,GSE81816,29432597,PMC6280140
200081164,GSE81164,30306128,PMC6170038
200117275,GSE117275,30206227,PMC6134089
200117143,GSE117143,33244139,PMC7691338
200114069,GSE114069,30135308,PMC6141185
200108541,GSE108541,29997232,PMC6125218
200100828,GSE100828,29769207,PMC6125216
200092914,GSE92914,30241526,PMC6148962
200124268,GSE124268,30628724,PMC7423571
200124208,GSE124208,31037510,PMC6949206
200124199,GSE124199,30926812,PMC6441097
200116347,GSE116347,30348759,PMC6233093
200120849,GSE120849,30605520,PMC6411930
200116943,GSE116943,30626869,PMC6327059
200108317,GSE108317,30412224,PMC6225810
200123943,GSE123943,32029838,PMC7005266
200121226,GSE121226,30559421,PMC6532069
200092328,GSE92328,30670627;39381371,PMC6360814;PMC11459621
200123769,GSE123769,30425966,PMC6218583
200118974,GSE118974,30641411,PMC6330361
200117609,GSE117609,30670781;34203273,PMC6544520;PMC8303801
200115845,GSE115845,30548162,PMC6555698
200114644,GSE114644,30593567,PMC6338862
200113803,GSE113803,29968778,PMC6030186
200095057,GSE95057,30552333;32976578,PMC6294251;PMC7778938
200054946,GSE54946,30606742,PMC6360806
200123681,GSE123681,30674989,PMC6563616
200120330,GSE120330,30546079,PMC6558280
200120329,GSE120329,30546079,PMC6558280
200120328,GSE120328,30546079,PMC6558280
200107707,GSE107707,30537514,PMC6352909
200121995,GSE121995,32886690;37293157,PMC7498034;PMC10244119
200119336,GSE119336,36476255,PMC9730630
200123631,GSE123631,31316060,PMC6637138
200123603,GSE123603,30288360,PMC6169572
200118727,GSE118727,30320932,PMC6272096
200115193,GSE115193,30449681,PMC6326872
200112983,GSE112983,30510575;33672651,PMC6230429;PMC7924215
200110248,GSE110248,34089720,PMC9020801
200106416,GSE106416,30538335,PMC6294324
200118448,GSE118448,30568916,PMC6290060
200123477,GSE123477,31147539,PMC6542800
200123380,GSE123380,30796221,PMC6385232
200122309,GSE122309,30513106;32435269,PMC6279030;PMC7218820
200114027,GSE114027,30635567,PMC6329799
200117452,GSE117452,30321299,PMC6412125
200116963,GSE116963,30082494,PMC6236466
200114040,GSE114040,30478299,PMC6255842
200113230,GSE113230,30454010,PMC6240936
200121810,GSE121810,30742122,PMC6408961
200123275,GSE123275,33680912,PMC7931689
200117485,GSE117485,30496486,PMC6379679
200107717,GSE107717,30042378,PMC6057987
200110397,GSE110397,30573629,PMC6711172
200107943,GSE107943,30941318;31214875,PMC6444048
200107781,GSE107781,30517868,PMC6342284
200107594,GSE107594,30808686,PMC6391669
200085443,GSE85443,27643989,PMC5028058
200123156,GSE123156,30237497,PMC6148032
200123113,GSE123113,30237497,PMC6148032
200107516,GSE107516,30026490,PMC6053364
200119744,GSE119744,30503705,PMC6298230
200107490,GSE107490,29773599,PMC6119130
200123016,GSE123016,32316190;35743036,PMC7226987;PMC9223905
200107370,GSE107370,29605720,PMC5915992
200093326,GSE93326,30658994;29249692;29440233,PMC6509007;PMC5760435;PMC6086768
200122876,GSE122876,30631056,PMC6328544
200122818,GSE122818,30651550,PMC6335434
200114519,GSE114519,30791937,PMC6383285
200107391,GSE107391,30487242,PMC6398210
200101608,GSE101608,31032141,PMC6477931
200122751,GSE122751,30544928,PMC6316324
200120272,GSE120272,30459395,PMC6244004
200122679,GSE122679,30327326,PMC6288382
200116187,GSE116187,30595531,PMC6444916
200113734,GSE113734,30443311,PMC6220561
200109724,GSE109724,30527665,PMC8968458
200109229,GSE109229,30552103,PMC6314164
200120579,GSE120579,31263060,PMC6686940
200120371,GSE120371,30449723,PMC6309921
200122461,GSE122461,30640896,PMC6331149
200109844,GSE109844,30297869,PMC6218442
200108293,GSE108293,30024860,PMC6159983
200121070,GSE121070,30428356,PMC6321629
200121065,GSE121065,30428356,PMC6321629
200115462,GSE115462,30428345,PMC6296757
200107224,GSE107224,30429088,PMC6306353
200114708,GSE114708,31198906,PMC6563330
200112898,GSE112898,30413703,PMC6226477
200122229,GSE122229,30674353,PMC6343302
200122168,GSE122168,30575730,PMC6303303
200107000,GSE107000,29761158,PMC5935675
200113041,GSE113041,30397315,PMC6698386
200112996,GSE112996,30560866,PMC6299138
200122088,GSE122088,30537512;32907621,PMC6294301;PMC7488324
200110045,GSE110045,33359448,PMC7845757
200106560,GSE106560,30773341,PMC7246081
200104105,GSE104105,30393775,PMC6203837
200119757,GSE119757,30511964,PMC6355239
200117838,GSE117838,30401716,PMC6295222
200117632,GSE117632,30392959,PMC6433469
200113227,GSE113227,30431433,PMC6277197
200106407,GSE106407,29700375,PMC5919936
200106338,GSE106338,30866995;31773340,PMC6416873;PMC7165151
200121964,GSE121964,30332650,PMC6248336
200121857,GSE121857,30517867,PMC6324198
200119688,GSE119688,30629778,PMC6596424
200115334,GSE115334,30842470,PMC6403315
200111556,GSE111556,30379370,PMC7380032
200115542,GSE115542,30355798,PMC6644046
200105016,GSE105016,29398485,PMC5910666
200104425,GSE104425,30819903,PMC6886409
200103864,GSE103864,30679434,PMC6345973
200112277,GSE112277,30337297,PMC6199649
200111881,GSE111881,30476274,PMC6344866
200116816,GSE116816,30456386,PMC6238411
200106290,GSE106290,29719936,PMC6026875
200115237,GSE115237,30503706,PMC6554023
200112608,GSE112608,30340042,PMC6422358
200104837,GSE104837,30454645,PMC6247954
200121476,GSE121476,30395643,PMC6237423
200114510,GSE114510,30524706,PMC6276193
200101860,GSE101860,30191958,PMC6278950
200120710,GSE120710,30353124,PMC6199308
200118548,GSE118548,30353166,PMC6462854
200118490,GSE118490,30353166,PMC6462854
200117497,GSE117497,30343527,PMC6317929
200117264,GSE117264,30323192,PMC6189109
200094807,GSE94807,29269867,PMC6168472
200116642,GSE116642,30323285,PMC6444936
200113493,GSE113493,30348169,PMC6198520
200118488,GSE118488,30214690,PMC6132345
200118435,GSE118435,30334814,PMC6307949
200114765,GSE114765,30232291,PMC6237218
200118504,GSE118504,30265426,PMC6437779
200117796,GSE117796,30305606,PMC6180122
200088965,GSE88965,28716899,PMC8171587
200121277,GSE121277,31578521,PMC6858884
200121276,GSE121276,31578521,PMC6858884
200121238,GSE121238,30357827,PMC6342657
200110451,GSE110451,30423299,PMC6239211
200110193,GSE110193,30400891,PMC6219186
200121127,GSE121127,30469014,PMC6249353
200121117,GSE121117,30605687,PMC6396678
200104872,GSE104872,29899353,PMC5998130
200116650,GSE116650,30451863,PMC6242832
200111177,GSE111177,30314329,PMC6210624
200121095,GSE121095,25977731,PMC4430922
200121093,GSE121093,29593282,PMC5871772
200121007,GSE121007,33150374,PMC8085483
200116133,GSE116133,30371874,PMC6326824
200104744,GSE104744,29895674,PMC6072578
200113171,GSE113171,30272558,PMC6185107
200088888,GSE88888,30018301;32253373,PMC6050266;PMC7136204
200120886,GSE120886,30429208;31822727;31690629,PMC6322389;PMC6904466;PMC7105321
200120004,GSE120004,30446660,PMC6240084
200118206,GSE118206,30287662,PMC6414229
200106899,GSE106899,29794131,PMC6618293
200104607,GSE104607,30086262,PMC6219903
200100860,GSE100860,30282824,PMC6237460
200120798,GSE120798,30987655;34442440,PMC6466735;PMC8399231
200120795,GSE120795,31015567;40002253,PMC6478850;PMC11852724
200120756,GSE120756,30417100,PMC6221537
200115632,GSE115632,30477489,PMC6257957
200101108,GSE101108,30416686;31533654;32409713,PMC6205557;PMC6751742;PMC7224294
200120741,GSE120741,30464211,PMC6249266
200120734,GSE120734,30890736,PMC6425004
200114597,GSE114597,30380416,PMC6366939
200100743,GSE100743,30237511,PMC6748103
200115655,GSE115655,30357359,PMC6277088
200115654,GSE115654,30357359,PMC6277088
200115653,GSE115653,30357359,PMC6277088
200115423,GSE115423,30220099,PMC6215883
200112586,GSE112586,30274785,PMC6225079
200094013,GSE94013,30270106;33849067,PMC6214474;PMC8136773
200118923,GSE118923,30423299,PMC6239211
200118014,GSE118014,30315258,PMC6185985
200113863,GSE113863,30393759,PMC6206135
200108773,GSE108773,30329085,PMC6326780
200108749,GSE108749,30639261,PMC6430684
200103761,GSE103761,30181242,PMC6279241
200120660,GSE120660,30305041;33976187,PMC6180441;PMC8113490
200119827,GSE119827,30538148,PMC6380277
200108223,GSE108223,30185548,PMC6191339
200120562,GSE120562,30373918,PMC6368871
200107611,GSE107611,30232013;39900436,PMC11791029
200118049,GSE118049,30260431,PMC6294507
200084135,GSE84135,30166344,PMC6200927
200114165,GSE114165,30214903,PMC6125337
200089393,GSE89393,30231850,PMC6146521
200117299,GSE117299,30232453,PMC6234840
200114789,GSE114789,30232101,PMC6239193
200114425,GSE114425,30324908,PMC6191286
200104570,GSE104570,29749400,PMC6224398
200120222,GSE120222,30333485,PMC6192987
200113369,GSE113369,30206211,PMC6133967
200102777,GSE102777,30324908,PMC6191286
200097469,GSE97469,31410392,PMC6691505
200097352,GSE97352,37686604,PMC10486903
200117254,GSE117254,30199532,PMC6147668
200106564,GSE106564,30190462,PMC6127298
200102408,GSE102408,30224758,PMC6181206
200102407,GSE102407,30224758,PMC6181206
200119937,GSE119937,30345349,PMC6185974
200119909,GSE119909,30487368,PMC11926408
200119868,GSE119868,30478051,PMC6294934
200105127,GSE105127,30297808,PMC6175862
200103729,GSE103729,30698808,PMC6412124
200115318,GSE115318,30307970,PMC6198989
200111379,GSE111379,30374110,PMC6206098
200110636,GSE110636,29954933;33259601,PMC6269303;PMC7724907
200110635,GSE110635,29954933,PMC6269303
200110634,GSE110634,29954933,PMC6269303
200110633,GSE110633,29954933,PMC6269303
200110632,GSE110632,29954933,PMC6269303
200109860,GSE109860,30216339,PMC6157899
200095077,GSE95077,28790111;33184454,PMC7665074
200112221,GSE112221,30136421,PMC6351162
200119615,GSE119615,31109297,PMC6528255
200119513,GSE119513,38144452,PMC10746524
200119512,GSE119512,38144452,PMC10746524
200119511,GSE119511,38144452,PMC10746524
200119510,GSE119510,38144452,PMC10746524
200116002,GSE116002,30212448,PMC6136692
200114383,GSE114383,30456384,PMC6238595
200104973,GSE104973,30253752,PMC6156849
200103843,GSE103843,29873416,PMC6175245
200108149,GSE108149,30074477,PMC6122955
200118939,GSE118939,30364635,PMC6197336
200117744,GSE117744,30353168,PMC6372071
200116567,GSE116567,30420752,PMC7001730
200111231,GSE111231,29941152,PMC6292767
200118954,GSE118954,30402543,PMC6209383
200115550,GSE115550,30012592,PMC6077712
200116744,GSE116744,30180878,PMC6124012
200111151,GSE111151,30143015,PMC6109356
200108545,GSE108545,30333494,PMC6193001
200107176,GSE107176,30139998,PMC6107513
200106638,GSE106638,29728077,PMC5935908
200064341,GSE64341,30237440,PMC6514849
200063701,GSE63701,30237440,PMC6514849
200119113,GSE119113,30291252,PMC6173745
200107319,GSE107319,30395538,PMC6264730
200111619,GSE111619,30232004,PMC6219633
200119021,GSE119021,30286788,PMC6172843
200111584,GSE111584,30144504,PMC6250058
200100451,GSE100451,30158112,PMC6276880
200096931,GSE96931,29440233,PMC6086768
200110424,GSE110424,30382083,PMC6208368
200106166,GSE106166,30140058,PMC6107547
200103637,GSE103637,30100187,PMC6150493
200115146,GSE115146,30297778,PMC6219929
200113113,GSE113113,29895574;34831008,PMC6074045;PMC8616450
200109062,GSE109062,30016502,PMC6454485
200115821,GSE115821,30127394;30333558,PMC6693632;PMC9639231
200103165,GSE103165,29938567,PMC6161681
200102770,GSE102770,30070011,PMC6156287
200109161,GSE109161,30131370,PMC6186424
200118686,GSE118686,30550790,PMC6474419
200102813,GSE102813,30143629,PMC6109055
200118624,GSE118624,30353617;33296650,PMC6392140;PMC7747301
200111332,GSE111332,30070637,PMC6158008
200097709,GSE97709,30097337,PMC6340736
200118514,GSE118514,30296942,PMC6176514
200105264,GSE105264,30122351,PMC6191937
200118449,GSE118449,30555629,PMC6284737
200118104,GSE118104,30100395,PMC6154886
200102653,GSE102653,29433542,PMC5808446
200098007,GSE98007,30209067,PMC6170170
200113550,GSE113550,30139917,PMC6140511
200107010,GSE107010,30082728,PMC6079100
200111178,GSE111178,30205049,PMC6159911
200102315,GSE102315,30093495,PMC6138434
200111272,GSE111272,30082317,PMC6177587
200118105,GSE118105,31175057,PMC6606960
200103584,GSE103584,30325352,PMC6190740
200115731,GSE115731,30110628,PMC6249693
200111507,GSE111507,30197754,PMC6126696
200110656,GSE110656,30078722,PMC6140332
200116159,GSE116159,30158554,PMC6115401
200116099,GSE116099,30209285,PMC6135858
200116098,GSE116098,30209285,PMC6135858
200112516,GSE112516,30042172,PMC6140460
200088752,GSE88752,30190514,PMC6127155
200108265,GSE108265,30034620,PMC6047668
200098343,GSE98343,30115703,PMC7200079
200106915,GSE106915,30042132,PMC6075149
200117798,GSE117798,30150410,PMC6140489
200117765,GSE117765,31219654,PMC7537108
200117685,GSE117685,30275445,PMC6167382
200117664,GSE117664,35027563,PMC8758684
200082281,GSE82281,30038252,PMC6467203
200117459,GSE117459,30165787;33182805,PMC6224214;PMC7709039
200101726,GSE101726,29864419,PMC6120776
200117110,GSE117110,30120411,PMC6336686
200108392,GSE108392,30005669;38264964,PMC6045882;PMC10920090
200117160,GSE117160,30198908,PMC6159960
200095499,GSE95499,30177776,PMC6163039
200095670,GSE95670,30148686;29747501,PMC6292503;PMC7385754
200117060,GSE117060,30093397,PMC6312034
200117012,GSE117012,30927045,PMC6525710
200113816,GSE113816,30054476,PMC6063898
200116909,GSE116909,41126276,PMC12542114
200116675,GSE116675,30080890,PMC6095625
200116170,GSE116170,30089255,PMC6171747
200116810,GSE116810,33570628,PMC7805322
200116782,GSE116782,30819200,PMC6394047
200098547,GSE98547,30135582,PMC6128698
200112729,GSE112729,29976840,PMC6065023
200116499,GSE116499,30135572,PMC6105679
200108502,GSE108502,30080846,PMC6095604
200101300,GSE101300,29592892,PMC6032890
200116472,GSE116472,30349116,PMC6422046
200112886,GSE112886,30244869,PMC6225525
200109731,GSE109731,30820351,PMC6391384
200100347,GSE100347,29437725,PMC5828395
200081928,GSE81928,30271949,PMC6123626
200115142,GSE115142,30076308,PMC6076257
200107473,GSE107473,39113695,PMC11302882
200100328,GSE100328,29755131,PMC6107480
200116324,GSE116324,30181174,PMC6310235
200116087,GSE116087,30122553,PMC6224545
200082183,GSE82183,29915361,PMC6113057
200102209,GSE102209,30107177,PMC6097876
200100565,GSE100565,31672856,PMC7193771
200085163,GSE85163,29950518,PMC6097653
200111793,GSE111793,30150773,PMC6527314
200115122,GSE115122,29945888,PMC6075037
200112786,GSE112786,29921838,PMC6008438
200102620,GSE102620,29902206,PMC6002042
200107676,GSE107676,29706628,PMC5924756
200115464,GSE115464,29941549,PMC6028512
200111900,GSE111900,29858584,PMC6274620
200095536,GSE95536,29934580,PMC6015003
200115737,GSE115737,30050469,PMC6050429
200104103,GSE104103,29901772,PMC6158501
200115698,GSE115698,31113472,PMC6528217
200115643,GSE115643,29939287,PMC6125627
200110229,GSE110229,29884215,PMC5992658
200099501,GSE99501,29449436;32370190,PMC5865428;PMC7281289
200097928,GSE97928,29875134,PMC6031301
200087785,GSE87785,29862663,PMC6051202
200077295,GSE77295,29884215,PMC5992658
200115598,GSE115598,34463254,PMC8463077
200103528,GSE103528,29894694,PMC6191185
200115509,GSE115509,30926929,PMC6441013
200115442,GSE115442,30042133,PMC6075143
200110054,GSE110054,29657129,PMC5953834
200107405,GSE107405,29511348,PMC5966365
200099790,GSE99790,29045536,PMC6658717
200113573,GSE113573,30079402,PMC6071836
200109342,GSE109342,29700321;32218309,PMC5920050;PMC7225964
200102118,GSE102118,29229600,PMC5811373
200113711,GSE113711,30080437,PMC6140815
200108621,GSE108621,29703889,PMC5923285
200097541,GSE97541,29045844,PMC5687286
200101988,GSE101988,29861175,PMC6398937
200114850,GSE114850,30463017,PMC6338450
200114471,GSE114471,30122444,PMC6135722
200114111,GSE114111,29910151,PMC6035102
200114109,GSE114109,29910151,PMC6035102
200114105,GSE114105,29910151,PMC6035102
200108863,GSE108863,30478449,PMC6755993
200106637,GSE106637,30237493,PMC6148066
200106534,GSE106534,30237493;33661764,PMC6148066;PMC8262506
200104354,GSE104354,29924996,PMC6314477
200103557,GSE103557,29849122,PMC6590918
200115166,GSE115166,29734136,PMC6016551
200108027,GSE108027,29861296;38539460,PMC6791822;PMC10968860
200108026,GSE108026,29861296;38539460,PMC6791822;PMC10968860
200101921,GSE101921,29867216,PMC6122591
200099789,GSE99789,29796672,PMC6125626
200099675,GSE99675,29739788,PMC6125187
200099378,GSE99378,29844167,PMC6042123
200097587,GSE97587,29731168,PMC5984165
200093991,GSE93991,29950651,PMC6021377
200110713,GSE110713,29867773,PMC5964132
200110610,GSE110610,30038414;30135560,PMC6071863;PMC6345371
200102947,GSE102947,29694893,PMC5963704
200101577,GSE101577,30038414;30135560,PMC6071863;PMC6345371
200107564,GSE107564,29847788,PMC6007887
200081484,GSE81484,29669761;35999456,PMC9440127
200097326,GSE97326,29785026,PMC6055231
200114941,GSE114941,29903879,PMC6192670
200114907,GSE114907,30228241,PMC6143740
200108084,GSE108084,29844388,PMC5974302
200107620,GSE107620,30240750,PMC6147024
200099263,GSE99263,30131849,PMC6101278
200114796,GSE114796,32054827,PMC7018958
200104756,GSE104756,30041657;32306892,PMC6058388;PMC7168886
200099768,GSE99768,29768462,PMC5955523
200084476,GSE84476,29758070,PMC5951544
200114716,GSE114716,29905573,PMC6118570
200112491,GSE112491,29792595,PMC5967868
200099531,GSE99531,29892065,PMC6110381
200114013,GSE114013,29853607,PMC6028508
200114012,GSE114012,29853607,PMC6028508
200095863,GSE95863,29866822,PMC6016782
200114636,GSE114636,30673779,PMC6361465
200114625,GSE114625,29746587,PMC5963815
200104131,GSE104131,29741809,PMC6026877
200113191,GSE113191,29760161,PMC6107877
200112124,GSE112124,29743561,PMC5943605
200101342,GSE101342,29743621,PMC5943353
200093386,GSE93386,29479065,PMC5943191
200083327,GSE83327,29755654,PMC5945521
200108177,GSE108177,29970451,PMC6071641
200114493,GSE114493,29042553,PMC5645359
200099181,GSE99181,29764999,PMC5984485
200099175,GSE99175,29764999,PMC5984485
200114360,GSE114360,35499052,PMC9039740
200106634,GSE106634,30467308;32477936,PMC6250664;PMC7239993
200109367,GSE109367,29731978,PMC5929421
200105486,GSE105486,29295957,PMC5914505
200098797,GSE98797,29724193,PMC5934884
200108651,GSE108651,29946150,PMC6018746
200111310,GSE111310,29712909;30150773,PMC5928244;PMC6527314
200113976,GSE113976,29848287,PMC5977534
200101788,GSE101788,29958106,PMC6211564
200109326,GSE109326,29576454,PMC6643283
200106159,GSE106159,29754406,PMC6026950
200101541,GSE101541,29769258,PMC5991599
200101540,GSE101540,29769258,PMC5991599
200100269,GSE100269,29712618,PMC5929907
200106476,GSE106476,30256975,PMC6265444
200100400,GSE100400,29933745,PMC6015472
200080829,GSE80829,29657129;30953519,PMC5953834;PMC6449995
200113753,GSE113753,29993038,PMC6237764
200104050,GSE104050,33542201,PMC7862277
200103811,GSE103811,29650777,PMC5916000
200095511,GSE95511,29692408,PMC5915391
200113601,GSE113601,29991687,PMC6039465
200111210,GSE111210,29695719,PMC5917026
200111199,GSE111199,29695719,PMC5917026
200109231,GSE109231,29661169,PMC5902834
200105773,GSE105773,29724793,PMC5991522
200104729,GSE104729,29518696,PMC5909677
200099536,GSE99536,29608984,PMC5930000
200098208,GSE98208,30059005,PMC6103745
200098559,GSE98559,29662190;29704517,PMC6054535;PMC7474466
200094578,GSE94578,29361088,PMC6231367
200113504,GSE113504,29982439,PMC6065480
200080609,GSE80609,29383125,PMC5777737
200113474,GSE113474,29941933,PMC6030478
200108694,GSE108694,29765028,PMC5954061
200113353,GSE113353,29993038,PMC6237764
200099697,GSE99697,29684192,PMC5961209
200113259,GSE113259,29748571,PMC5945639
200104910,GSE104910,29669287,PMC5933875
200099247,GSE99247,29634432,PMC7147957
200098922,GSE98922,29769248,PMC5987917
200088757,GSE88757,29748571,PMC5945639
200101413,GSE101413,29662633,PMC5882324
200109690,GSE109690,29759984,PMC6004073
200108938,GSE108938,29880867,PMC5992162
200106500,GSE106500,29710228,PMC6087485
200101560,GSE101560,29628309,PMC6258263
200080352,GSE80352,29360641,PMC5873878
200080313,GSE80313,29360641,PMC5873878
200080305,GSE80305,29360641,PMC5873878
200113126,GSE113126,29942093,PMC6475503
200113070,GSE113070,30125329,PMC6117096
200109825,GSE109825,29658882,PMC5902165
200089975,GSE89975,29641997,PMC8241223
200111085,GSE111085,29616851,PMC6214785
200110536,GSE110536,29590112,PMC5873940
200103990,GSE103990,29625057,PMC5890941
200096538,GSE96538,29730990,PMC5937035
200094396,GSE94396,29730990,PMC5937035
200111005,GSE111005,29496664,PMC6858088
200108907,GSE108907,29684168,PMC6009696
200100708,GSE100708,29622725,PMC6409205
200111084,GSE111084,29718933,PMC5931457
200098206,GSE98206,28993409,PMC5732856
200107932,GSE107932,29568378,PMC5862599
200085170,GSE85170,29973406,PMC8054766
200112362,GSE112362,29186366,PMC5819842
200104621,GSE104621,29659627,PMC5919695
200112365,GSE112365,30038266,PMC6283862
200063217,GSE63217,29590629,PMC5896174
200090642,GSE90642,29476152,PMC5826585
200085606,GSE85606,29650553;32571390,PMC5932604;PMC7310104
200112007,GSE112007,30911355,PMC6398008
200104091,GSE104091,29534157;34278269,PMC5917821;PMC8271161
200103486,GSE103486,29867192,PMC6075671
200112026,GSE112026,31097695,PMC6522544
200101803,GSE101803,30038221,PMC6082694
200090715,GSE90715,30038221,PMC6082694
200109604,GSE109604,29660014,PMC6158595
200109422,GSE109422,29660014,PMC6158595
200095180,GSE95180,29528143,PMC5930076
200096852,GSE96852,29636421,PMC5924926
200090684,GSE90684,29476152,PMC5826585
200098104,GSE98104,29532865,PMC5843401
200074253,GSE74253,29552290,PMC5844726
200109892,GSE109892,29539426;31649055,PMC5870123;PMC6836741
200107633,GSE107633,29339544;30926878;32498018,PMC5856628;PMC6441033;PMC7267732
200109491,GSE109491,29526696,PMC5856641
200100144,GSE100144,29662084,PMC5902613
200087757,GSE87757,29426832,PMC5807365
200111655,GSE111655,29679004,PMC5910401
200107201,GSE107201,29590609,PMC5903572
200068836,GSE68836,29513652,PMC6318124
200111538,GSE111538,29759990,PMC6072573
200098010,GSE98010,28805822,PMC5653288
200105161,GSE105161,29463564,PMC6061932
200093996,GSE93996,29422670,PMC5833835
200080741,GSE80741,29309643,PMC5829742
200110853,GSE110853,29483136,PMC6369413
200106579,GSE106579,29507391,PMC5866761
200100572,GSE100572,29507391,PMC5866761
200111305,GSE111305,29759990,PMC6072573
200102505,GSE102505,30642878,PMC8797269
200101821,GSE101821,29491412,PMC5955861
200095648,GSE95648,30404791,PMC6279404
200095644,GSE95644,29434212,PMC5809368
200109870,GSE109870,30385738,PMC6212493
200108928,GSE108928,29502955,PMC5881394
200106359,GSE106359,36920904,PMC10312363
200104545,GSE104545,29949775,PMC6146183
200097296,GSE97296,29490948,PMC6314302
200095079,GSE95079,29667003,PMC6338618
200094660,GSE94660,29212479,PMC5719570
200111195,GSE111195,31426476,PMC6721756
200111168,GSE111168,29741668;32366932;32440155;32669100,PMC6158754;PMC7198571;PMC7218403;PMC7362570
200109607,GSE109607,29463813;29684110,PMC5820273;PMC5972632
200101774,GSE101774,29453404;35550602,PMC5816642;PMC9098460
200089484,GSE89484,29301935,PMC5818173
200103383,GSE103383,29472102,PMC5985229
200108050,GSE108050,29669006,PMC6176896
200098894,GSE98894,29915428,PMC6421579
200089183,GSE89183,29551269,PMC5866246
200095386,GSE95386,29129908,PMC5682287
200094241,GSE94241,29317678,PMC5760651
200092459,GSE92459,29587824,PMC5872397
200069810,GSE69810,29242506,PMC5802506
200100882,GSE100882,29352181;33117517,PMC5802577;PMC7570784
200098230,GSE98230,29100359,PMC5652753
200095461,GSE95461,29058695,PMC5668886
200093229,GSE93229,29608602;29614078;36765275,PMC5880349;PMC5882141;PMC9912664
200080033,GSE80033,29228717,PMC5716757
200110903,GSE110903,29808028,PMC5980762
200110810,GSE110810,30154439,PMC6113304
200101594,GSE101594,29548303,PMC5857099
200095153,GSE95153,29650805,PMC5938620
200094863,GSE94863,29202480,PMC5749518
200110762,GSE110762,30419821,PMC6233266
200110709,GSE110709,29769286,PMC6200133
200104594,GSE104594,29227282,PMC5749502
200103327,GSE103327,29142068,PMC5752584
200094919,GSE94919,29109117,PMC5754246
200080537,GSE80537,29202474,PMC5749504
200109001,GSE109001,29456185,PMC5918339
200101410,GSE101410,29581865,PMC5865691
200057401,GSE57401,28396539,PMC5426967
200104178,GSE104178,29330370,PMC5766599
200104020,GSE104020,29164052,PMC5673842
200102220,GSE102220,29566098,PMC5882172
200099483,GSE99483,28782559,PMC5695663
200095072,GSE95072,29190885,PMC5696151
200094693,GSE94693,29416646,PMC5787501
200094367,GSE94367,28988820,PMC5718961
200086549,GSE86549,28559491,PMC5558910
200083342,GSE83342,29202482,PMC5749509
200107770,GSE107770,29456968,PMC5801399
200104295,GSE104295,29150601,PMC5693921
200100687,GSE100687,29422643,PMC5805692
200096877,GSE96877,29098080,PMC5665210
200092250,GSE92250,29491376,PMC5830406
200086232,GSE86232,28887309;34314419,PMC5655502;PMC8345871
200102301,GSE102301,29476010,PMC5856557
200106503,GSE106503,29662176,PMC5920728
200106502,GSE106502,29662176,PMC5920728
200108500,GSE108500,30409062,PMC6422458
200103938,GSE103938,29138277,PMC5733499
200102854,GSE102854,29703144,PMC6389165
200102852,GSE102852,29703144,PMC6389165
200094928,GSE94928,29138277,PMC5733499
200107313,GSE107313,29467282,PMC5891417
200110220,GSE110220,29593334,PMC5871815
200107555,GSE107555,29471413,PMC5909421
200102744,GSE102744,29398709,PMC5916919
200097831,GSE97831,29402932,PMC5799368
200069770,GSE69770,28854564,PMC5886283
200110180,GSE110180,29719619,PMC5915086
200110114,GSE110114,30519573,PMC6241233
200108693,GSE108693,29462945,PMC5855815
200095027,GSE95027,28596487,PMC5564707
200110149,GSE110149,29691407,PMC5915440
200094570,GSE94570,29437778,PMC5840539
200108601,GSE108601,29358408;34843591,PMC5819419;PMC8659635
200104730,GSE104730,29396493,PMC5797120
200104559,GSE104559,29362363,PMC5833419
200107047,GSE107047,29275861,PMC6684025
200105088,GSE105088,29527701;31959131;34988553,PMC5893432;PMC6971947;PMC8725614
200101287,GSE101287,29355840,PMC5785244
200094874,GSE94874,28855212,PMC5645262
200103520,GSE103520,30253781,PMC6156859
200103420,GSE103420,29386396,PMC5834708
200102155,GSE102155,29378907,PMC5882506
200087624,GSE87624,29066513,PMC5935134
200080153,GSE80153,29379199,PMC6310397
200106989,GSE106989,29281661,PMC5744951
200099088,GSE99088,29374279,PMC5786109
200102616,GSE102616,29429977;31515496,PMC5848610;PMC6742760
200106261,GSE106261,29281661,PMC5744951
200105083,GSE105083,29356532;32699225,PMC5867665;PMC7376204
200095132,GSE95132,28459462,PMC5578878
200093627,GSE93627,29367285,PMC5835840
200091061,GSE91061,29033130,PMC5685550
200107542,GSE107542,29269483,PMC5769772
200093911,GSE93911,30154548,PMC6245953
200101665,GSE101665,29092903;31646252,PMC5892729;PMC6796235
200109373,GSE109373,29463573,PMC5859965
200095013,GSE95013,29335468,PMC5768781
200100684,GSE100684,29352292,PMC5792027
200093709,GSE93709,29662164,PMC6022759
200098183,GSE98183,29342134,PMC5785464
200074230,GSE74230,29334376,PMC5803371
200104552,GSE104552,29440125,PMC5836092
200101480,GSE101480,29235481,PMC5727390
200100075,GSE100075,29192207,PMC5709387
200090830,GSE90830,28625833,PMC5623120
200099149,GSE99149,29423269,PMC5798889
200109028,GSE109028,29339449,PMC5789414
200086855,GSE86855,29138278,PMC5733497
200108308,GSE108308,29309722,PMC6057476
200107096,GSE107096,29339449,PMC5789414
200096634,GSE96634,29324392,PMC6728079
200104308,GSE104308,29316427,PMC5764110
200108757,GSE108757,29386107,PMC5967622
200103907,GSE103907,29346775,PMC5843368
200097183,GSE97183,29395063,PMC5957072
200108495,GSE108495,30127373,PMC6170402
200106844,GSE106844,29295936,PMC5776985
200103934,GSE103934,34751409,PMC8600396
200103602,GSE103602,29769529,PMC5955993
200099867,GSE99867,30026510,PMC6053443
200098091,GSE98091,29079719,PMC5750844
200107762,GSE107762,29262329,PMC5746596
200098871,GSE98871,29931089,PMC6125624
200080619,GSE80619,29435103,PMC5796974
200080358,GSE80358,29435103,PMC5796974
200075742,GSE75742,28977470,PMC5737218
200075741,GSE75741,28977470,PMC5737218
200097443,GSE97443,29290617,PMC5860916
200097408,GSE97408,29290617,PMC5860916
200094243,GSE94243,28893982,PMC5625911
200108391,GSE108391,29472484,PMC6112415
200089799,GSE89799,28749464,PMC5550886
200088741,GSE88741,29269732,PMC5740069
200083231,GSE83231,29269732,PMC5740069
200108322,GSE108322,29415883,PMC5821187
200100530,GSE100530,29617667,PMC5933844
200094999,GSE94999,29457796,PMC6730556
200094528,GSE94528,29457796,PMC6730556
200078957,GSE78957,29262328,PMC5746598
200108140,GSE108140,28747380,PMC5629268
200096035,GSE96035,29317660,PMC5760624
200108111,GSE108111,30087459,PMC6265260
200102762,GSE102762,29757189,PMC5983322
200091062,GSE91062,29249691,PMC5760343
200087190,GSE87190,29249359,PMC5766423
200087189,GSE87189,29249359,PMC5766423
200087187,GSE87187,29249359,PMC5766423
200108003,GSE108003,29298978,PMC5752671
200103850,GSE103850,29220513,PMC5925763
200098050,GSE98050,29211711,PMC5841452
200107848,GSE107848,29215599,PMC5751259
200100755,GSE100755,29431736,PMC5967874
200107735,GSE107735,29143738,PMC5720590
200095374,GSE95374,29211708,PMC5774979
200105137,GSE105137,29438700,PMC5977991
200107601,GSE107601,29254993,PMC8108069
200085431,GSE85431,29202477,PMC5749506
200106804,GSE106804,29330365,PMC5766611
200106336,GSE106336,29170413,PMC5701042
200103242,GSE103242,29212856,PMC5967248
200095750,GSE95750,28951465,PMC6637769
200092316,GSE92316,29212856,PMC5967248
200103001,GSE103001,29234122,PMC5727077
200094613,GSE94613,29186125;33902106,PMC6217924;PMC7613134
200089569,GSE89569,28965760,PMC5728659
200087326,GSE87326,28923912,PMC6456057
200083763,GSE83763,29233992,PMC5727188
200107245,GSE107245,29463595,PMC5986238
200101638,GSE101638,29590631;39207122,PMC8204688;PMC11726342
200101209,GSE101209,29162797;29610481,PMC5698427;PMC5893414
200096860,GSE96860,29273624;29458327,PMC5793780;PMC5819162
200096859,GSE96859,29273624;29458327,PMC5793780;PMC5819162
200107181,GSE107181,30335683,PMC6343954
200106694,GSE106694,31644911,PMC6874102
200106681,GSE106681,31644911,PMC6874102
200104736,GSE104736,29228002,PMC5724894
200087585,GSE87585,29203764,PMC5715138
200099923,GSE99923,29212027,PMC5728698
200094488,GSE94488,29149598,PMC5993436
200106886,GSE106886,28985562,PMC5846482
200084389,GSE84389,29510988,PMC5967627
200083786,GSE83786,29186616,PMC5814809
200102511,GSE102511,28951454,PMC5774855
200098122,GSE98122,29142137,PMC5774889
200084073,GSE84073,29131160,PMC5722201
200063230,GSE63230,30723117,PMC6396169
200099304,GSE99304,29129640,PMC5728175
200089745,GSE89745,28076790,PMC5926788
200099641,GSE99641,28964699,PMC5679353
200089478,GSE89478,28847988,PMC5914504
200102910,GSE102910,29385522,PMC5861452
200100971,GSE100971,29263845,PMC5705701
200098898,GSE98898,29117547,PMC5726543
200090781,GSE90781,29057918,PMC5651844
200079463,GSE79463,28878246,PMC5587550
200070810,GSE70810,29023490,PMC5638242
200069599,GSE69599,28927099,PMC5588073
200095277,GSE95277,29107533,PMC5687892
200106092,GSE106092,29167454,PMC5802686
200103567,GSE103567,29045832,PMC5706555
200101419,GSE101419,28808038,PMC5668181
200089127,GSE89127,29054992,PMC5819998
200071876,GSE71876,29061961,PMC5653666
200094502,GSE94502,28847958,PMC5603999
200105142,GSE105142,29632539,PMC5879147
200069506,GSE69506,29691407,PMC5915440
200103559,GSE103559,29044188,PMC5647428
200099479,GSE99479,32232341;40479714,PMC7229857;PMC12143596
200099209,GSE99209,29022142,PMC5809304
200087541,GSE87541,28937961,PMC5915180
200104873,GSE104873,29162437,PMC7007299
200104854,GSE104854,29632808,PMC5881538
200094533,GSE94533,29087294,PMC5679755
200084275,GSE84275,29046454;30126415,PMC5730778;PMC6102855
200104836,GSE104836,30039525,PMC6144144
200099794,GSE99794,29020632,PMC5687273
200099381,GSE99381,29017058,PMC5750052
200096056,GSE96056,28994650,PMC5669633
200104714,GSE104714,29337990,PMC5786324
200104711,GSE104711,29321307,PMC5972905
200104209,GSE104209,29170510,PMC5700979
200085089,GSE85089,28982763,PMC5666678
200088977,GSE88977,28963353,PMC5760289
200101927,GSE101927,28832682,PMC5568388
200103252,GSE103252,28967884,PMC5685549
200095513,GSE95513,29472532,PMC5833769
200072577,GSE72577,27892494,PMC5125100
200101974,GSE101974,28967863,PMC5643100
200101966,GSE101966,28967863,PMC5643100
200099466,GSE99466,28991892,PMC5937676
200093813,GSE93813,28966034,PMC5929990
200104193,GSE104193,29383126,PMC5777738
200100183,GSE100183,29028833,PMC5640240
200072842,GSE72842,28611215,PMC5495225
200072840,GSE72840,28611215,PMC5495225
200069876,GSE69876,29028833,PMC5640240
200101547,GSE101547,28886030,PMC5590820
200103309,GSE103309,28925810,PMC5788436
200099825,GSE99825,29088719,PMC5650274
200087169,GSE87169,27697109,PMC5227301
200103997,GSE103997,29056323,PMC6013302
200098834,GSE98834,28878621;33390903,PMC5572227;PMC7772423
200087476,GSE87476,28912132,PMC5727891
200094964,GSE94964,28930685,PMC5646692
200098623,GSE98623,28920958,PMC5677536
200097725,GSE97725,28609784,PMC5570033
200093807,GSE93807,28654894,PMC5564823
200101234,GSE101234,29063830,PMC5655136
200101232,GSE101232,29063830,PMC5655136
200101167,GSE101167,29063830,PMC5655136
200101166,GSE101166,29063830,PMC5655136
200101157,GSE101157,29063830,PMC5655136
200103872,GSE103872,30144809,PMC6109294
200103837,GSE103837,28974650,PMC7330879
200097003,GSE97003,28986391,PMC5668941
200090748,GSE90748,28848560,PMC5554507
200074620,GSE74620,28855512,PMC5577318
200103711,GSE103711,28864476,PMC6668729
200103688,GSE103688,28864476,PMC6668729
200103687,GSE103687,28864476,PMC6668729
200103449,GSE103449,28891793,PMC5593504
200103650,GSE103650,28939678,PMC5898809
200103658,GSE103658,28864476,PMC6668729
200103630,GSE103630,28864476,PMC6668729
200087581,GSE87581,28570276,PMC5453711
200081301,GSE81301,28607076,PMC5488937
200103410,GSE103410,28887438,PMC5674883
200103409,GSE103409,28887438,PMC5674883
200084603,GSE84603,27893719,PMC5526658
200071651,GSE71651,28738804;30764831;30999914;31395854;31801944,PMC5525255;PMC6376750;PMC6471868;PMC6687715;PMC6892920
200075299,GSE75299,28864476,PMC6668729
200099065,GSE99065,29703781,PMC6004057
200097527,GSE97527,28860207,PMC6055228
200097215,GSE97215,28442587,PMC5705946
200080239,GSE80239,35031563,PMC8784159
200100291,GSE100291,28798667,PMC5526973
200095106,GSE95106,28512247,PMC5505315
200092651,GSE92651,28255027,PMC5539948
200082236,GSE82236,29035371,PMC5961502
200082312,GSE82312,28922346;31175345,PMC5953555;PMC7721247
200062563,GSE62563,25913192,PMC4447122
200103029,GSE103029,28971956,PMC5666673
200093656,GSE93656,28096468,PMC5354504
200094277,GSE94277,28844694,PMC6791823
200102924,GSE102924,28874392,PMC5626408
200102244,GSE102244,28874392,PMC5626408
200102183,GSE102183,28826504;35479411,PMC5629025;PMC9036123
200094140,GSE94140,29061142,PMC5651703
200089917,GSE89917,28826504;35479411,PMC5629025;PMC9036123
200085941,GSE85941,29180699,PMC5769471
200072482,GSE72482,28465412,PMC5931361
200096775,GSE96775,28484033,PMC5448232
200096048,GSE96048,28356514,PMC5393253
200095097,GSE95097,28275095,PMC5373337
200093365,GSE93365,28211871,PMC5384025
200086219,GSE86219,28904012,PMC5630028
200086165,GSE86165,28904012,PMC5630028
200080411,GSE80411,28099419,PMC5398413
200097440,GSE97440,28823558,PMC5755977
200094035,GSE94035,28921546,PMC5725737
200087456,GSE87456,28961236,PMC5636171
200102796,GSE102796,28963538;30076409,PMC5622043;PMC6859054
200097204,GSE97204,28428441;38030378,PMC5544558;PMC10985475
200094270,GSE94270,28526809,PMC5542230
200079884,GSE79884,28779122,PMC5544667
200075664,GSE75664,28786813,PMC5548489
200099651,GSE99651,28837588,PMC5587343
200099062,GSE99062,28813415,PMC5570667
200099060,GSE99060,28813415,PMC5570667
200096637,GSE96637,28695110,PMC5483589
200074383,GSE74383,28695110,PMC5483589
200089843,GSE89843,28810146;30894694;34344933;37291189,PMC6381325;PMC8333095;PMC10250384
200087087,GSE87087,28236660,PMC5527468
200083277,GSE83277,28977426;35380694,PMC5714221;PMC9023279
200099045,GSE99045,28959975,PMC5891832
200081620,GSE81620,28701793;31263129;34298743,PMC5507892;PMC6603045;PMC8307416
200078930,GSE78930,28548080,PMC5458547
200102395,GSE102395,35883107,PMC9316731
200102349,GSE102349,28851814;39744943,PMC11684818
200100878,GSE100878,31862882,PMC6925134
200100027,GSE100027,29133799,PMC5684409
200097239,GSE97239,28794202,PMC5579470
200102185,GSE102185,27994142,PMC5278483
200099385,GSE99385,28736425,PMC5547221
200101738,GSE101738,28867293,PMC5657607
200102073,GSE102073,29042553,PMC5645359
200100327,GSE100327,30003124,PMC6039985
200099015,GSE99015,28783173,PMC5700857
200099310,GSE99310,28757253,PMC5726277
200099299,GSE99299,28723893,PMC5924693
200090087,GSE90087,28867147,PMC5605802
200080746,GSE80746,28716088,PMC5513093
200090944,GSE90944,28753429,PMC5767127
200099812,GSE99812,28823557,PMC5587159
200099356,GSE99356,28619709,PMC5586597
200084610,GSE84610,28383660,PMC5834074
200078213,GSE78213,28805822,PMC5653288
200101668,GSE101668,29760071,PMC5984534
200092375,GSE92375,28973462;31592021,PMC5737680;PMC6771395
200084694,GSE84694,28685772,PMC5587854
200101642,GSE101642,28739801,PMC5592672
200101528,GSE101528,28939823,PMC5610242
200100432,GSE100432,29256496,PMC5793997
200076271,GSE76271,28068325,PMC5760165
200099839,GSE99839,28811345,PMC5559635
200087701,GSE87701,28591870,PMC5837682
200084405,GSE84405,28737768,PMC5541905
200088750,GSE88750,28619718,PMC5865750
200101168,GSE101168,29893976,PMC6101486
200096689,GSE96689,28560170,PMC5443917
200100925,GSE100925,30930117,PMC6472943
200100855,GSE100855,28704716,PMC5731452
200083687,GSE83687,28892060,PMC5660607
200092739,GSE92739,28671673,PMC5666320
200095299,GSE95299,29180470,PMC5774586
200095176,GSE95176,30814526,PMC6393509
200093071,GSE93071,28709002,PMC6611169
200093070,GSE93070,28709002,PMC6611169
200099508,GSE99508,29123100,PMC5680222
200084211,GSE84211,28588024,PMC5555189
200084209,GSE84209,28588024,PMC5555189
200083772,GSE83772,28931820,PMC5606997
200081405,GSE81405,28684431,PMC5551580
200071359,GSE71359,26952838,PMC5014577
200100568,GSE100568,28696319,PMC5544284
200087517,GSE87517,28652380,PMC5628128
200097317,GSE97317,28642487,PMC5481333
200095352,GSE95352,29296742,PMC5728324
200094549,GSE94549,28658220,PMC6005659
200096075,GSE96075,28920001,PMC5593706
200087285,GSE87285,28538183,PMC5457485
200092625,GSE92625,28939884,PMC5610324
200100427,GSE100427,28968964,PMC5609896
200100392,GSE100392,29632659,PMC5887255
200083647,GSE83647,28633018,PMC5536848
200090729,GSE90729,28628092,PMC6036910
200090728,GSE90728,28628092,PMC6036910
200088945,GSE88945,28628110,PMC6055224
200084461,GSE84461,28911096,PMC5587728
200098273,GSE98273,28618162,PMC5579340
200089205,GSE89205,28618162,PMC5579340
200096716,GSE96716,28388414,PMC5388891
200094126,GSE94126,28332630,PMC5362932
200089930,GSE89930,28281638;31193934,PMC5345075;PMC6543196
200071081,GSE71081,28397780,PMC5394245
200090599,GSE90599,28214471,PMC5316229
200082102,GSE82102,28249000,PMC5332108
200076445,GSE76445,28123869;32943450,PMC5213309;PMC7500191
200072273,GSE72273,28536623,PMC5415789
200085579,GSE85579,28030809,PMC5352396
200076457,GSE76457,28079881,PMC5386382
200099819,GSE99819,28792927,PMC5706657
200092456,GSE92456,28490802,PMC5431861
200086504,GSE86504,28474697,PMC5424160
200084776,GSE84776,28587590,PMC5461714
200083560,GSE83560,28489070,PMC5436223
200063018,GSE63018,28486549,PMC5423588
200083652,GSE83652,28614298,PMC5576182
200083649,GSE83649,28614298,PMC5576182
200081063,GSE81063,28518056,PMC5459576
200099596,GSE99596,28827661;34433808,PMC5566498;PMC8387475
200099552,GSE99552,29563139,PMC6150856
200095558,GSE95558,28566434,PMC5558834
200092341,GSE92341,29066510,PMC5754241
200097262,GSE97262,28575377;36267332,PMC5570092;PMC9576154
200078519,GSE78519,28178529,PMC5313047
200082032,GSE82032,30232459,PMC6145927
200095453,GSE95453,28581500;33009411,PMC5493197;PMC7532188
200097632,GSE97632,28553926,PMC5466421
200099293,GSE99293,29622655,PMC6029548
200096917,GSE96917,28541300,PMC5458519
200079210,GSE79210,28533227,PMC7404813
200079209,GSE79209,28533227,PMC7404813
200098393,GSE98393,28488769,PMC5673560
200097323,GSE97323,28669490,PMC5593798
200083664,GSE83664,28669490,PMC5593798
200083662,GSE83662,28669490,PMC5593798
200081687,GSE81687,28538184,PMC5531293
200080963,GSE80963,28404898,PMC5444715
200099180,GSE99180,29029402,PMC5630302
200082115,GSE82115,27760318,PMC5125728
200098476,GSE98476,28575647,PMC5473733
200090444,GSE90444,28525743,PMC5446411
200069047,GSE69047,28578850,PMC5546878
200081518,GSE81518,28424164,PMC5473134
200081429,GSE81429,28659575,PMC5489516
200096777,GSE96777,28500257,PMC5452029
200093681,GSE93681,28494239,PMC8938989
200094696,GSE94696,28494942,PMC5425787
200083132,GSE83132,28283064,PMC5405733
200096619,GSE96619,28494868,PMC6420824
200089807,GSE89807,28416637,PMC5472832
200098394,GSE98394,28469092,PMC5414564
200092632,GSE92632,28444238;31980816,PMC5499592;PMC7144931
200091384,GSE91384,28515293,PMC5651724
200087042,GSE87042,28472656,PMC5508517
200081236,GSE81236,28188132,PMC5437734
200081043,GSE81043,28661478,PMC5520939
200094827,GSE94827,28490664,PMC5718051
200093395,GSE93395,28487543,PMC5681448
200098310,GSE98310,27258612,PMC5141352
200097214,GSE97214,28489570,PMC5522265
200084897,GSE84897,27829228,PMC5348409
200072634,GSE72634,28663557,PMC5491528
200083724,GSE83724,28446439;32744500,PMC7802885;PMC7438112
200079111,GSE79111,28389511,PMC5559338
200090491,GSE90491,28416184,PMC5425402
200094153,GSE94153,28436936,PMC5451246
200094259,GSE94259,28434841,PMC5462626
200089623,GSE89623,28264064,PMC5338779
200097979,GSE97979,29295995,PMC5750219
200096682,GSE96682,28434940,PMC5425658
200089368,GSE89368,28596291,PMC5538551
200089367,GSE89367,28596291,PMC5538551
200089365,GSE89365,28596291,PMC5538551
200079671,GSE79671,28420326,PMC5395849
200093750,GSE93750,28418038,PMC5594206
200080389,GSE80389,29720137,PMC5930761
200080388,GSE80388,29720137,PMC5930761
200092547,GSE92547,28504676,PMC5831360
200085857,GSE85857,28407681,PMC5392273
200077229,GSE77229,28399412,PMC5425285
200084504,GSE84504,28392220,PMC5425613
200097460,GSE97460,28740083,PMC5524642
200093578,GSE93578,30647404;28042144,PMC6333829;PMC5537055
200080774,GSE80774,28241141,PMC5372383
200085306,GSE85306,28928862,PMC5604205
200092852,GSE92852,28507805,PMC5414884
200094493,GSE94493,29438694,PMC5813700
200080450,GSE80450,28473532,PMC5497757
200079587,GSE79587,28813674,PMC5985663
200079586,GSE79586,28813674,PMC5985663
200079249,GSE79249,28877474,PMC5777516
200074516,GSE74516,28678782,PMC5896562
200092882,GSE92882,28369554,PMC5499738
200087515,GSE87515,28344040,PMC5427719
200093636,GSE93636,28345629,PMC5366898
200089223,GSE89223,28380430,PMC5464844
200094423,GSE94423,28445987,PMC5421939
200087626,GSE87626,28426722,PMC5398536
200092626,GSE92626,28314854,PMC5389283
200095304,GSE95304,28411283,PMC5400527
200094479,GSE94479,28289232,PMC5380023
200080409,GSE80409,28334900,PMC5499812
200088997,GSE88997,28272465,PMC5344977
200086874,GSE86874,28860622,PMC5578970
200086316,GSE86316,28273452,PMC5609449
200091383,GSE91383,28101782,PMC5243239
200082110,GSE82110,27987431,PMC5217771
200082104,GSE82104,27987431,PMC5217771
200095540,GSE95540,28270621,PMC5373369
200084675,GSE84675,28232744,PMC5599326
200075035,GSE75035,28415728,PMC5503531
200086958,GSE86958,28255028,PMC5376761
200086956,GSE86956,28255028,PMC5376761
200082204,GSE82204,29151363,PMC5694901
200094728,GSE94728,28530236,PMC5458144
200094588,GSE94588,28447610,PMC5414184
200093870,GSE93870,28442752,PMC5457678
200086538,GSE86538,28507152,PMC5465894
200085493,GSE85493,27795423,PMC5165202
200084829,GSE84829,28247413,PMC5468005
200081511,GSE81511,28475868,PMC5510478
200077829,GSE77829,31819114,PMC6901447
200095375,GSE95375,28209615,PMC5413378
200094948,GSE94948,29099484,PMC5762855
200078801,GSE78801,28263307,PMC5667640
200086506,GSE86506,28123069,PMC5624309
200082117,GSE82117,28241139,PMC5497220
200078195,GSE78195,37387446,PMC10552708
200092583,GSE92583,28213356,PMC5340587
200067295,GSE67295,28306507,PMC5546241
200077509,GSE77509,28194035,PMC5316832
200076903,GSE76903,28194035,PMC5316832
200092494,GSE92494,28215825,PMC5337161
200085417,GSE85417,28321286,PMC5357816
200094869,GSE94869,28640357,PMC5626593
200083968,GSE83968,28195176,PMC5316867
200092910,GSE92910,28239551,PMC5318344
200081194,GSE81194,28192450,PMC5305277
200079477,GSE79477,27941877,PMC5453834
200077992,GSE77992,33801424,PMC7958635
200073696,GSE73696,27604143,PMC5015087
200086239,GSE86239,28119415,PMC5416753
200086151,GSE86151,28191887,PMC5540325
200084863,GSE84863,27638861,PMC5136348
200077352,GSE77352,26925584,PMC4771715
200081796,GSE81796,27248322,PMC5190055
200070665,GSE70665,26474386;36267746,PMC4741887;PMC9577811
200069842,GSE69842,27129154,PMC5085129
200069205,GSE69205,27760161,PMC5070843
200056882,GSE56882,26436950,PMC4632088
200087360,GSE87360,27764183,PMC5072738
200084293,GSE84293,27574101,PMC5013636
200079256,GSE79256,27225120,PMC5021195
200077743,GSE77743,28525990,PMC5438547
200071797,GSE71797,27378372;35203681,PMC4932678;PMC8962351
200070404,GSE70404,26840567,PMC4905463
200068872,GSE68872,26251276,PMC4528692
200067713,GSE67713,26522723,PMC4853298
200064850,GSE64850,26311227,PMC4551378
200062905,GSE62905,26095609,PMC4618447
200057501,GSE57501,25749382,PMC4467114
200056742,GSE56742,26182353,PMC4504487
200084237,GSE84237,28257516,PMC5352148
200078102,GSE78102,27879268,PMC5243171
200077737,GSE77737,28169291,PMC5309719
200089413,GSE89413,28350380;34818552,PMC5369315;PMC8642810
200081978,GSE81978,28177281,PMC5357138
200076354,GSE76354,28212443,PMC5315303
200077568,GSE77568,27803105;29262321,PMC5117661;PMC5745042
200094461,GSE94461,28275008,PMC5376758
200094234,GSE94234,22955616,PMC3439153
200093448,GSE93448,22955616,PMC3439153
200093447,GSE93447,22955616,PMC3439153
200093446,GSE93446,22955616,PMC3439153
200093445,GSE93445,22955616,PMC3439153
200093444,GSE93444,22955616,PMC3439153
200093443,GSE93443,22955616,PMC3439153
200093442,GSE93442,22955616,PMC3439153
200093441,GSE93441,22955616,PMC3439153
200093440,GSE93440,22955616,PMC3439153
200093439,GSE93439,22955616,PMC3439153
200093438,GSE93438,22955616,PMC3439153
200093437,GSE93437,22955616,PMC3439153
200093436,GSE93436,22955616,PMC3439153
200094372,GSE94372,29523794,PMC5844962
200094057,GSE94057,28249162,PMC5340981
200078011,GSE78011,28886127;39000156,PMC5590942;PMC11241071
200086344,GSE86344,28498804,PMC5542220
200074417,GSE74417,27879268,PMC5243171
200074269,GSE74269,27879268,PMC5243171
200074251,GSE74251,27879268,PMC5243171
200089152,GSE89152,27926867,PMC5320932
200081781,GSE81781,27694442,PMC5114407
200077415,GSE77415,26999735,PMC4814347
200077422,GSE77422,28018973,PMC5161211
200093999,GSE93999,28273165,PMC5342222
200087328,GSE87328,28541577,PMC5570006
200074557,GSE74557,27989769,PMC5291795
200079899,GSE79899,28114278,PMC5474565
200058345,GSE58345,28122245,PMC5321610
200093877,GSE93877,28369036,PMC5885283
200087419,GSE87419,28108460,PMC5340640
200084114,GSE84114,28429794,PMC5413944
200093740,GSE93740,28160548;32204397,PMC5386711;PMC7140033
200089942,GSE89942,28114302,PMC5302127
200089940,GSE89940,28114302,PMC5302127
200093620,GSE93620,29246169,PMC5731058
200087809,GSE87809,28125717,PMC5268815
200085271,GSE85271,28067315,PMC5220314
200083671,GSE83671,28076791,PMC5263239
200080492,GSE80492,28030800,PMC5355239
200081626,GSE81626,28073004,PMC5233415
200075473,GSE75473,28058815,PMC5476855
200089485,GSE89485,28065413,PMC5351781
200089226,GSE89226,28059768,PMC5247742
200076614,GSE76614,27899423,PMC5290160
200093057,GSE93057,28729413,PMC5600857
200092226,GSE92226,22955616,PMC3439153
200092220,GSE92220,22955616,PMC3439153
200092215,GSE92215,22955616,PMC3439153
200092214,GSE92214,22955616,PMC3439153
200092212,GSE92212,22955616,PMC3439153
200092211,GSE92211,22955616,PMC3439153
200092205,GSE92205,22955616,PMC3439153
200092204,GSE92204,22955616,PMC3439153
200092201,GSE92201,22955616,PMC3439153
200092200,GSE92200,22955616,PMC3439153
200092191,GSE92191,22955616,PMC3439153
200092186,GSE92186,22955616,PMC3439153
200092185,GSE92185,22955616,PMC3439153
200092182,GSE92182,22955616,PMC3439153
200092181,GSE92181,22955616,PMC3439153
200092180,GSE92180,22955616,PMC3439153
200092179,GSE92179,22955616,PMC3439153
200092178,GSE92178,22955616,PMC3439153
200092175,GSE92175,22955616,PMC3439153
200092174,GSE92174,22955616,PMC3439153
200092171,GSE92171,22955616,PMC3439153
200092170,GSE92170,22955616,PMC3439153
200092168,GSE92168,22955616,PMC3439153
200092166,GSE92166,22955616,PMC3439153
200092165,GSE92165,22955616,PMC3439153
200092163,GSE92163,22955616,PMC3439153
200092160,GSE92160,22955616,PMC3439153
200092158,GSE92158,22955616,PMC3439153
200092149,GSE92149,22955616,PMC3439153
200092146,GSE92146,22955616,PMC3439153
200092142,GSE92142,22955616,PMC3439153
200092141,GSE92141,22955616,PMC3439153
200092135,GSE92135,22955616,PMC3439153
200092133,GSE92133,22955616,PMC3439153
200092128,GSE92128,22955616,PMC3439153
200092127,GSE92127,22955616,PMC3439153
200092120,GSE92120,22955616,PMC3439153
200092119,GSE92119,22955616,PMC3439153
200092118,GSE92118,22955616,PMC3439153
200092113,GSE92113,22955616,PMC3439153
200092110,GSE92110,22955616,PMC3439153
200092108,GSE92108,22955616,PMC3439153
200092107,GSE92107,22955616,PMC3439153
200092105,GSE92105,22955616,PMC3439153
200092100,GSE92100,22955616,PMC3439153
200092099,GSE92099,22955616,PMC3439153
200092098,GSE92098,22955616,PMC3439153
200092096,GSE92096,22955616,PMC3439153
200092095,GSE92095,22955616,PMC3439153
200092094,GSE92094,22955616,PMC3439153
200092091,GSE92091,22955616,PMC3439153
200092090,GSE92090,22955616,PMC3439153
200092089,GSE92089,22955616,PMC3439153
200092088,GSE92088,22955616,PMC3439153
200092087,GSE92087,22955616,PMC3439153
200092086,GSE92086,22955616,PMC3439153
200092084,GSE92084,22955616,PMC3439153
200092082,GSE92082,22955616,PMC3439153
200092080,GSE92080,22955616,PMC3439153
200092079,GSE92079,22955616,PMC3439153
200092074,GSE92074,22955616,PMC3439153
200092073,GSE92073,22955616,PMC3439153
200092072,GSE92072,22955616,PMC3439153
200092069,GSE92069,22955616,PMC3439153
200092065,GSE92065,22955616,PMC3439153
200092063,GSE92063,22955616,PMC3439153
200092049,GSE92049,22955616,PMC3439153
200092047,GSE92047,22955616,PMC3439153
200092046,GSE92046,22955616,PMC3439153
200092044,GSE92044,22955616,PMC3439153
200092039,GSE92039,22955616,PMC3439153
200092033,GSE92033,22955616,PMC3439153
200092030,GSE92030,22955616,PMC3439153
200092029,GSE92029,22955616,PMC3439153
200092028,GSE92028,22955616,PMC3439153
200092027,GSE92027,22955616,PMC3439153
200092025,GSE92025,22955616,PMC3439153
200092024,GSE92024,22955616,PMC3439153
200092023,GSE92023,22955616,PMC3439153
200092022,GSE92022,22955616,PMC3439153
200092021,GSE92021,22955616,PMC3439153
200092019,GSE92019,22955616,PMC3439153
200092017,GSE92017,22955616,PMC3439153
200092016,GSE92016,22955616,PMC3439153
200092012,GSE92012,22955616,PMC3439153
200092009,GSE92009,22955616,PMC3439153
200091999,GSE91999,22955616,PMC3439153
200091998,GSE91998,22955616,PMC3439153
200091994,GSE91994,22955616,PMC3439153
200091991,GSE91991,22955616,PMC3439153
200091987,GSE91987,22955616,PMC3439153
200091986,GSE91986,22955616,PMC3439153
200091975,GSE91975,22955616,PMC3439153
200091974,GSE91974,22955616,PMC3439153
200091972,GSE91972,22955616,PMC3439153
200091967,GSE91967,22955616,PMC3439153
200091966,GSE91966,22955616,PMC3439153
200091965,GSE91965,22955616,PMC3439153
200091964,GSE91964,22955616,PMC3439153
200091961,GSE91961,22955616,PMC3439153
200091960,GSE91960,22955616,PMC3439153
200091957,GSE91957,22955616,PMC3439153
200091955,GSE91955,22955616,PMC3439153
200091954,GSE91954,22955616,PMC3439153
200091953,GSE91953,22955616,PMC3439153
200091952,GSE91952,22955616,PMC3439153
200091947,GSE91947,22955616,PMC3439153
200091945,GSE91945,22955616,PMC3439153
200091944,GSE91944,22955616,PMC3439153
200091943,GSE91943,22955616,PMC3439153
200091942,GSE91942,22955616,PMC3439153
200091930,GSE91930,22955616,PMC3439153
200091929,GSE91929,22955616,PMC3439153
200091928,GSE91928,22955616,PMC3439153
200091927,GSE91927,22955616,PMC3439153
200091921,GSE91921,22955616,PMC3439153
200091916,GSE91916,22955616,PMC3439153
200091915,GSE91915,22955616,PMC3439153
200091914,GSE91914,22955616,PMC3439153
200091903,GSE91903,22955616,PMC3439153
200091901,GSE91901,22955616,PMC3439153
200091897,GSE91897,22955616,PMC3439153
200091893,GSE91893,22955616,PMC3439153
200091892,GSE91892,22955616,PMC3439153
200091887,GSE91887,22955616,PMC3439153
200091886,GSE91886,22955616,PMC3439153
200091884,GSE91884,22955616,PMC3439153
200091883,GSE91883,22955616,PMC3439153
200091881,GSE91881,22955616,PMC3439153
200091878,GSE91878,22955616,PMC3439153
200091875,GSE91875,22955616,PMC3439153
200091874,GSE91874,22955616,PMC3439153
200091862,GSE91862,22955616,PMC3439153
200091860,GSE91860,22955616,PMC3439153
200091857,GSE91857,22955616,PMC3439153
200091856,GSE91856,22955616,PMC3439153
200091854,GSE91854,22955616,PMC3439153
200091852,GSE91852,22955616,PMC3439153
200091850,GSE91850,22955616,PMC3439153
200091849,GSE91849,22955616,PMC3439153
200091845,GSE91845,22955616,PMC3439153
200091844,GSE91844,22955616,PMC3439153
200091843,GSE91843,22955616,PMC3439153
200091842,GSE91842,22955616,PMC3439153
200091829,GSE91829,22955616,PMC3439153
200091828,GSE91828,22955616,PMC3439153
200091826,GSE91826,22955616,PMC3439153
200091825,GSE91825,22955616,PMC3439153
200091824,GSE91824,22955616,PMC3439153
200091820,GSE91820,22955616,PMC3439153
200091818,GSE91818,22955616,PMC3439153
200091817,GSE91817,22955616,PMC3439153
200091812,GSE91812,22955616,PMC3439153
200091810,GSE91810,22955616,PMC3439153
200091808,GSE91808,22955616,PMC3439153
200091807,GSE91807,22955616,PMC3439153
200091806,GSE91806,22955616,PMC3439153
200091804,GSE91804,22955616,PMC3439153
200091803,GSE91803,22955616,PMC3439153
200091802,GSE91802,22955616,PMC3439153
200091801,GSE91801,22955616,PMC3439153
200091799,GSE91799,22955616,PMC3439153
200091795,GSE91795,22955616,PMC3439153
200091791,GSE91791,22955616,PMC3439153
200091787,GSE91787,22955616,PMC3439153
200091781,GSE91781,22955616,PMC3439153
200091780,GSE91780,22955616,PMC3439153
200091778,GSE91778,22955616,PMC3439153
200091777,GSE91777,22955616,PMC3439153
200091776,GSE91776,22955616,PMC3439153
200091775,GSE91775,22955616,PMC3439153
200091774,GSE91774,22955616,PMC3439153
200091772,GSE91772,22955616,PMC3439153
200091765,GSE91765,22955616,PMC3439153
200091764,GSE91764,22955616,PMC3439153
200091762,GSE91762,22955616,PMC3439153
200091761,GSE91761,22955616,PMC3439153
200091760,GSE91760,22955616,PMC3439153
200091759,GSE91759,22955616,PMC3439153
200091758,GSE91758,22955616,PMC3439153
200091757,GSE91757,22955616,PMC3439153
200091744,GSE91744,22955616,PMC3439153
200091740,GSE91740,22955616,PMC3439153
200091737,GSE91737,22955616,PMC3439153
200091733,GSE91733,22955616,PMC3439153
200091729,GSE91729,22955616,PMC3439153
200091725,GSE91725,22955616,PMC3439153
200091722,GSE91722,22955616,PMC3439153
200091719,GSE91719,22955616,PMC3439153
200091714,GSE91714,22955616,PMC3439153
200091708,GSE91708,22955616,PMC3439153
200091703,GSE91703,22955616,PMC3439153
200091702,GSE91702,22955616,PMC3439153
200091694,GSE91694,22955616,PMC3439153
200091691,GSE91691,22955616,PMC3439153
200091689,GSE91689,22955616,PMC3439153
200091685,GSE91685,22955616,PMC3439153
200091684,GSE91684,22955616,PMC3439153
200091683,GSE91683,22955616,PMC3439153
200091680,GSE91680,22955616,PMC3439153
200091677,GSE91677,22955616,PMC3439153
200091676,GSE91676,22955616,PMC3439153
200091675,GSE91675,22955616,PMC3439153
200091672,GSE91672,22955616,PMC3439153
200091670,GSE91670,22955616,PMC3439153
200091665,GSE91665,22955616,PMC3439153
200091660,GSE91660,22955616,PMC3439153
200091657,GSE91657,22955616,PMC3439153
200091654,GSE91654,22955616,PMC3439153
200091653,GSE91653,22955616,PMC3439153
200091652,GSE91652,22955616,PMC3439153
200091650,GSE91650,22955616,PMC3439153
200091649,GSE91649,22955616,PMC3439153
200091648,GSE91648,22955616,PMC3439153
200091645,GSE91645,22955616,PMC3439153
200091637,GSE91637,22955616,PMC3439153
200091625,GSE91625,22955616,PMC3439153
200091622,GSE91622,22955616,PMC3439153
200091621,GSE91621,22955616,PMC3439153
200091617,GSE91617,22955616,PMC3439153
200091616,GSE91616,22955616,PMC3439153
200091613,GSE91613,22955616,PMC3439153
200091610,GSE91610,22955616,PMC3439153
200091609,GSE91609,22955616,PMC3439153
200091607,GSE91607,22955616,PMC3439153
200091605,GSE91605,22955616,PMC3439153
200091604,GSE91604,22955616,PMC3439153
200091603,GSE91603,22955616,PMC3439153
200091592,GSE91592,22955616,PMC3439153
200091591,GSE91591,22955616,PMC3439153
200091586,GSE91586,22955616,PMC3439153
200091582,GSE91582,22955616,PMC3439153
200091579,GSE91579,22955616,PMC3439153
200091575,GSE91575,22955616,PMC3439153
200091574,GSE91574,22955616,PMC3439153
200091573,GSE91573,22955616,PMC3439153
200091571,GSE91571,22955616,PMC3439153
200091570,GSE91570,22955616,PMC3439153
200091569,GSE91569,22955616,PMC3439153
200091568,GSE91568,22955616,PMC3439153
200091564,GSE91564,22955616,PMC3439153
200091563,GSE91563,22955616,PMC3439153
200091562,GSE91562,22955616,PMC3439153
200091559,GSE91559,22955616,PMC3439153
200091558,GSE91558,22955616,PMC3439153
200091557,GSE91557,22955616,PMC3439153
200091556,GSE91556,22955616,PMC3439153
200091552,GSE91552,22955616,PMC3439153
200091551,GSE91551,22955616,PMC3439153
200091546,GSE91546,22955616,PMC3439153
200091545,GSE91545,22955616,PMC3439153
200091540,GSE91540,22955616,PMC3439153
200091536,GSE91536,22955616,PMC3439153
200091533,GSE91533,22955616,PMC3439153
200091530,GSE91530,22955616,PMC3439153
200091527,GSE91527,22955616,PMC3439153
200091523,GSE91523,22955616,PMC3439153
200091519,GSE91519,22955616,PMC3439153
200091516,GSE91516,22955616,PMC3439153
200091515,GSE91515,22955616,PMC3439153
200091512,GSE91512,22955616,PMC3439153
200091508,GSE91508,22955616,PMC3439153
200091507,GSE91507,22955616,PMC3439153
200091500,GSE91500,22955616,PMC3439153
200091499,GSE91499,22955616,PMC3439153
200091496,GSE91496,22955616,PMC3439153
200091484,GSE91484,22955616,PMC3439153
200091482,GSE91482,22955616,PMC3439153
200091478,GSE91478,22955616,PMC3439153
200091476,GSE91476,22955616,PMC3439153
200091474,GSE91474,22955616,PMC3439153
200091467,GSE91467,22955616,PMC3439153
200091461,GSE91461,22955616,PMC3439153
200091457,GSE91457,22955616,PMC3439153
200091453,GSE91453,22955616,PMC3439153
200091449,GSE91449,22955616,PMC3439153
200091445,GSE91445,22955616,PMC3439153
200091443,GSE91443,22955616,PMC3439153
200091442,GSE91442,22955616,PMC3439153
200091441,GSE91441,22955616,PMC3439153
200091439,GSE91439,22955616,PMC3439153
200091438,GSE91438,22955616,PMC3439153
200091436,GSE91436,22955616,PMC3439153
200091435,GSE91435,22955616,PMC3439153
200091434,GSE91434,22955616,PMC3439153
200091432,GSE91432,22955616,PMC3439153
200091430,GSE91430,22955616,PMC3439153
200091424,GSE91424,22955616,PMC3439153
200091423,GSE91423,22955616,PMC3439153
200091421,GSE91421,22955616,PMC3439153
200091418,GSE91418,22955616,PMC3439153
200091417,GSE91417,22955616,PMC3439153
200091409,GSE91409,22955616,PMC3439153
200091404,GSE91404,22955616,PMC3439153
200089511,GSE89511,29296880,PMC5729629
200083712,GSE83712,28669490,PMC5593798
200077261,GSE77261,29100376,PMC5652769
200076792,GSE76792,28004750,PMC5192221
200068040,GSE68040,27058786,PMC4836061
200068039,GSE68039,27058786,PMC4836061
200064882,GSE64882,27052315,PMC4834053
200089442,GSE89442,30455688;28186996;33675038,PMC6230993;PMC5386730;PMC8251546
200087495,GSE87495,28273136,PMC5362247
200081712,GSE81712,28028313,PMC5529293
200080753,GSE80753,27894074,PMC5354800
200074036,GSE74036,27879268,PMC5243171
200073966,GSE73966,27879268,PMC5243171
200070602,GSE70602,28423633,PMC5386637
200069511,GSE69511,30266989,PMC6372575
200059598,GSE59598,27727273,PMC5065120
200088956,GSE88956,28031488,PMC5255621
200089182,GSE89182,28028053,PMC5694947
200079029,GSE79029,28046107,PMC5234848
200092574,GSE92574,28055971,PMC5354662
200090035,GSE90035,28108474,PMC5287114
200085008,GSE85008,28017614,PMC5234852
200084944,GSE84944,28017614,PMC5234852
200076414,GSE76414,28017614,PMC5234852
200066216,GSE66216,27899379,PMC5290184
200079955,GSE79955,28134252,PMC5290269
200084577,GSE84577,28077088,PMC5225521
200085088,GSE85088,27638884,PMC5159541
200077383,GSE77383,27422411,PMC11482124
200090322,GSE90322,22955616,PMC3439153
200090267,GSE90267,22955616,PMC3439153
200090266,GSE90266,22955616,PMC3439153
200090265,GSE90265,22955616,PMC3439153
200090264,GSE90264,22955616,PMC3439153
200090261,GSE90261,22955616,PMC3439153
200090259,GSE90259,22955616,PMC3439153
200090258,GSE90258,22955616,PMC3439153
200090256,GSE90256,22955616,PMC3439153
200090255,GSE90255,22955616,PMC3439153
200090251,GSE90251,22955616,PMC3439153
200090250,GSE90250,22955616,PMC3439153
200090249,GSE90249,22955616,PMC3439153
200090248,GSE90248,22955616,PMC3439153
200090247,GSE90247,22955616,PMC3439153
200090246,GSE90246,22955616,PMC3439153
200090242,GSE90242,22955616,PMC3439153
200090241,GSE90241,22955616,PMC3439153
200090240,GSE90240,22955616,PMC3439153
200090239,GSE90239,22955616,PMC3439153
200090238,GSE90238,22955616,PMC3439153
200090237,GSE90237,22955616,PMC3439153
200090236,GSE90236,22955616,PMC3439153
200090235,GSE90235,22955616,PMC3439153
200090234,GSE90234,22955616,PMC3439153
200090232,GSE90232,22955616,PMC3439153
200090231,GSE90231,22955616,PMC3439153
200090230,GSE90230,22955616,PMC3439153
200090229,GSE90229,22955616,PMC3439153
200090228,GSE90228,22955616,PMC3439153
200090220,GSE90220,22955616,PMC3439153
200063086,GSE63086,27672039,PMC5314791
200089219,GSE89219,27930301,PMC5187731
200087340,GSE87340,24894543;28057009,PMC4060138;PMC5217568
200089729,GSE89729,28097239,PMC5214933
200085011,GSE85011,27980086,PMC5394926
200084339,GSE84339,28087642,PMC5496791
200077179,GSE77179,29084210,PMC5823716
200074981,GSE74981,27211549,PMC4856749
200085541,GSE85541,27959342,PMC5159881
200075859,GSE75859,27364557,PMC5010452
200089154,GSE89154,27980103,PMC5292054
200090523,GSE90523,28035057,PMC5351655
200089448,GSE89448,27881822,PMC5123566
200089446,GSE89446,27881822,PMC5123566
200086348,GSE86348,27922002,PMC5150648
200085988,GSE85988,27856324,PMC5333536
200077312,GSE77312,27353028,PMC5025366
200076978,GSE76978,27846391;39705535,PMC11875166
200066200,GSE66200,27922002,PMC5150648
200071511,GSE71511,27941798,PMC5285448
200071505,GSE71505,27941797,PMC5285474
200071503,GSE71503,27941797,PMC5285474
200081550,GSE81550,27363021,PMC5226503
200089879,GSE89879,28831000,PMC5594639
200086518,GSE86518,27852622,PMC5283599
200089225,GSE89225,27851913,PMC5134901
200084471,GSE84471,27846392,PMC5175469
200089777,GSE89777,28089908,PMC5508733
200077635,GSE77635,27671336;30619609,PMC6311003
200089775,GSE89775,27910913,PMC5133573
200075906,GSE75906,28157484,PMC5106529
200047597,GSE47597,25216519,PMC4196166
200088696,GSE88696,22955616,PMC3439153
200088693,GSE88693,22955616,PMC3439153
200088692,GSE88692,22955616,PMC3439153
200088691,GSE88691,22955616,PMC3439153
200088689,GSE88689,22955616,PMC3439153
200088687,GSE88687,22955616,PMC3439153
200088685,GSE88685,22955616,PMC3439153
200088684,GSE88684,22955616,PMC3439153
200088683,GSE88683,22955616,PMC3439153
200088681,GSE88681,22955616,PMC3439153
200088678,GSE88678,22955616,PMC3439153
200088676,GSE88676,22955616,PMC3439153
200088675,GSE88675,22955616,PMC3439153
200088674,GSE88674,22955616,PMC3439153
200088672,GSE88672,22955616,PMC3439153
200088671,GSE88671,22955616,PMC3439153
200088670,GSE88670,22955616,PMC3439153
200088667,GSE88667,22955616,PMC3439153
200088665,GSE88665,22955616,PMC3439153
200088664,GSE88664,22955616,PMC3439153
200088663,GSE88663,22955616,PMC3439153
200088661,GSE88661,22955616,PMC3439153
200088660,GSE88660,22955616,PMC3439153
200088659,GSE88659,22955616,PMC3439153
200088657,GSE88657,22955616,PMC3439153
200088655,GSE88655,22955616,PMC3439153
200088654,GSE88654,22955616,PMC3439153
200088651,GSE88651,22955616,PMC3439153
200088650,GSE88650,22955616,PMC3439153
200088649,GSE88649,22955616,PMC3439153
200088648,GSE88648,22955616,PMC3439153
200088647,GSE88647,22955616,PMC3439153
200088646,GSE88646,22955616,PMC3439153
200088645,GSE88645,22955616,PMC3439153
200088642,GSE88642,22955616,PMC3439153
200088641,GSE88641,22955616,PMC3439153
200088640,GSE88640,22955616,PMC3439153
200088639,GSE88639,22955616,PMC3439153
200088638,GSE88638,22955616,PMC3439153
200088637,GSE88637,22955616,PMC3439153
200088636,GSE88636,22955616,PMC3439153
200088635,GSE88635,22955616,PMC3439153
200088633,GSE88633,22955616,PMC3439153
200088632,GSE88632,22955616,PMC3439153
200088631,GSE88631,22955616,PMC3439153
200088630,GSE88630,22955616,PMC3439153
200088629,GSE88629,22955616,PMC3439153
200088628,GSE88628,22955616,PMC3439153
200088626,GSE88626,22955616,PMC3439153
200088623,GSE88623,22955616,PMC3439153
200088622,GSE88622,22955616,PMC3439153
200088620,GSE88620,22955616,PMC3439153
200088617,GSE88617,22955616,PMC3439153
200088612,GSE88612,22955616,PMC3439153
200088611,GSE88611,22955616,PMC3439153
200088610,GSE88610,22955616,PMC3439153
200088609,GSE88609,22955616,PMC3439153
200088607,GSE88607,22955616,PMC3439153
200088604,GSE88604,22955616,PMC3439153
200088602,GSE88602,22955616,PMC3439153
200088598,GSE88598,22955616,PMC3439153
200088597,GSE88597,22955616,PMC3439153
200088596,GSE88596,22955616,PMC3439153
200088593,GSE88593,22955616,PMC3439153
200088591,GSE88591,22955616,PMC3439153
200088590,GSE88590,22955616,PMC3439153
200088589,GSE88589,22955616,PMC3439153
200088587,GSE88587,22955616,PMC3439153
200088584,GSE88584,22955616,PMC3439153
200088582,GSE88582,22955616,PMC3439153
200088578,GSE88578,22955616,PMC3439153
200088576,GSE88576,22955616,PMC3439153
200088575,GSE88575,22955616,PMC3439153
200088574,GSE88574,22955616,PMC3439153
200088572,GSE88572,22955616,PMC3439153
200088570,GSE88570,22955616,PMC3439153
200088569,GSE88569,22955616,PMC3439153
200088568,GSE88568,22955616,PMC3439153
200088566,GSE88566,22955616,PMC3439153
200088564,GSE88564,22955616,PMC3439153
200088563,GSE88563,22955616,PMC3439153
200088562,GSE88562,22955616,PMC3439153
200088561,GSE88561,22955616,PMC3439153
200088560,GSE88560,22955616,PMC3439153
200088558,GSE88558,22955616,PMC3439153
200088556,GSE88556,22955616,PMC3439153
200088555,GSE88555,22955616,PMC3439153
200088553,GSE88553,22955616,PMC3439153
200088552,GSE88552,22955616,PMC3439153
200088551,GSE88551,22955616,PMC3439153
200088545,GSE88545,22955616,PMC3439153
200088544,GSE88544,22955616,PMC3439153
200088543,GSE88543,22955616,PMC3439153
200088541,GSE88541,22955616,PMC3439153
200088540,GSE88540,22955616,PMC3439153
200088539,GSE88539,22955616,PMC3439153
200088538,GSE88538,22955616,PMC3439153
200088537,GSE88537,22955616,PMC3439153
200088536,GSE88536,22955616,PMC3439153
200088535,GSE88535,22955616,PMC3439153
200088533,GSE88533,22955616,PMC3439153
200088530,GSE88530,22955616,PMC3439153
200088529,GSE88529,22955616,PMC3439153
200088528,GSE88528,22955616,PMC3439153
200088527,GSE88527,22955616,PMC3439153
200088526,GSE88526,22955616,PMC3439153
200088525,GSE88525,22955616,PMC3439153
200088524,GSE88524,22955616,PMC3439153
200088523,GSE88523,22955616,PMC3439153
200088522,GSE88522,22955616,PMC3439153
200088521,GSE88521,22955616,PMC3439153
200088520,GSE88520,22955616,PMC3439153
200088519,GSE88519,22955616,PMC3439153
200088516,GSE88516,22955616,PMC3439153
200088515,GSE88515,22955616,PMC3439153
200088514,GSE88514,22955616,PMC3439153
200088513,GSE88513,22955616,PMC3439153
200088511,GSE88511,22955616,PMC3439153
200088507,GSE88507,22955616,PMC3439153
200088506,GSE88506,22955616,PMC3439153
200088505,GSE88505,22955616,PMC3439153
200088504,GSE88504,22955616,PMC3439153
200088502,GSE88502,22955616,PMC3439153
200088498,GSE88498,22955616,PMC3439153
200088496,GSE88496,22955616,PMC3439153
200088493,GSE88493,22955616,PMC3439153
200088492,GSE88492,22955616,PMC3439153
200088489,GSE88489,22955616,PMC3439153
200088488,GSE88488,22955616,PMC3439153
200088487,GSE88487,22955616,PMC3439153
200088486,GSE88486,22955616,PMC3439153
200088485,GSE88485,22955616,PMC3439153
200088484,GSE88484,22955616,PMC3439153
200088480,GSE88480,22955616,PMC3439153
200088478,GSE88478,22955616,PMC3439153
200088476,GSE88476,22955616,PMC3439153
200088474,GSE88474,22955616,PMC3439153
200088473,GSE88473,22955616,PMC3439153
200088472,GSE88472,22955616,PMC3439153
200088471,GSE88471,22955616,PMC3439153
200088470,GSE88470,22955616,PMC3439153
200088469,GSE88469,22955616,PMC3439153
200088468,GSE88468,22955616,PMC3439153
200088467,GSE88467,22955616,PMC3439153
200088466,GSE88466,22955616,PMC3439153
200088463,GSE88463,22955616,PMC3439153
200088462,GSE88462,22955616,PMC3439153
200088461,GSE88461,22955616,PMC3439153
200088459,GSE88459,22955616,PMC3439153
200088457,GSE88457,22955616,PMC3439153
200088456,GSE88456,22955616,PMC3439153
200088455,GSE88455,22955616,PMC3439153
200088454,GSE88454,22955616,PMC3439153
200088453,GSE88453,22955616,PMC3439153
200088452,GSE88452,22955616,PMC3439153
200088447,GSE88447,22955616,PMC3439153
200088446,GSE88446,22955616,PMC3439153
200088443,GSE88443,22955616,PMC3439153
200088442,GSE88442,22955616,PMC3439153
200088441,GSE88441,22955616,PMC3439153
200088440,GSE88440,22955616,PMC3439153
200088439,GSE88439,22955616,PMC3439153
200088434,GSE88434,22955616,PMC3439153
200088433,GSE88433,22955616,PMC3439153
200088430,GSE88430,22955616,PMC3439153
200088429,GSE88429,22955616,PMC3439153
200088428,GSE88428,22955616,PMC3439153
200088427,GSE88427,22955616,PMC3439153
200088425,GSE88425,22955616,PMC3439153
200088423,GSE88423,22955616,PMC3439153
200088422,GSE88422,22955616,PMC3439153
200088420,GSE88420,22955616,PMC3439153
200088419,GSE88419,22955616,PMC3439153
200088417,GSE88417,22955616,PMC3439153
200088416,GSE88416,22955616,PMC3439153
200088413,GSE88413,22955616,PMC3439153
200088412,GSE88412,22955616,PMC3439153
200088411,GSE88411,22955616,PMC3439153
200088410,GSE88410,22955616,PMC3439153
200088408,GSE88408,22955616,PMC3439153
200088407,GSE88407,22955616,PMC3439153
200088401,GSE88401,22955616,PMC3439153
200088400,GSE88400,22955616,PMC3439153
200088397,GSE88397,22955616,PMC3439153
200088396,GSE88396,22955616,PMC3439153
200088395,GSE88395,22955616,PMC3439153
200088394,GSE88394,22955616,PMC3439153
200088391,GSE88391,22955616,PMC3439153
200088389,GSE88389,22955616,PMC3439153
200088388,GSE88388,22955616,PMC3439153
200088387,GSE88387,22955616,PMC3439153
200088385,GSE88385,22955616,PMC3439153
200088384,GSE88384,22955616,PMC3439153
200088383,GSE88383,22955616,PMC3439153
200088382,GSE88382,22955616,PMC3439153
200088377,GSE88377,22955616,PMC3439153
200088376,GSE88376,22955616,PMC3439153
200088375,GSE88375,22955616,PMC3439153
200088374,GSE88374,22955616,PMC3439153
200088372,GSE88372,22955616,PMC3439153
200088371,GSE88371,22955616,PMC3439153
200088370,GSE88370,22955616,PMC3439153
200088368,GSE88368,22955616,PMC3439153
200088366,GSE88366,22955616,PMC3439153
200088364,GSE88364,22955616,PMC3439153
200088363,GSE88363,22955616,PMC3439153
200088362,GSE88362,22955616,PMC3439153
200088361,GSE88361,22955616,PMC3439153
200088360,GSE88360,22955616,PMC3439153
200088358,GSE88358,22955616,PMC3439153
200088357,GSE88357,22955616,PMC3439153
200088355,GSE88355,22955616,PMC3439153
200088352,GSE88352,22955616,PMC3439153
200088351,GSE88351,22955616,PMC3439153
200088348,GSE88348,22955616,PMC3439153
200088347,GSE88347,22955616,PMC3439153
200088346,GSE88346,22955616,PMC3439153
200088343,GSE88343,22955616,PMC3439153
200088342,GSE88342,22955616,PMC3439153
200088341,GSE88341,22955616,PMC3439153
200088339,GSE88339,22955616,PMC3439153
200088338,GSE88338,22955616,PMC3439153
200088337,GSE88337,22955616,PMC3439153
200088335,GSE88335,22955616,PMC3439153
200088334,GSE88334,22955616,PMC3439153
200088332,GSE88332,22955616,PMC3439153
200088331,GSE88331,22955616,PMC3439153
200088330,GSE88330,22955616,PMC3439153
200088329,GSE88329,22955616,PMC3439153
200088328,GSE88328,22955616,PMC3439153
200088326,GSE88326,22955616,PMC3439153
200088325,GSE88325,22955616,PMC3439153
200088322,GSE88322,22955616,PMC3439153
200088321,GSE88321,22955616,PMC3439153
200088320,GSE88320,22955616,PMC3439153
200088319,GSE88319,22955616,PMC3439153
200088313,GSE88313,22955616,PMC3439153
200088312,GSE88312,22955616,PMC3439153
200088310,GSE88310,22955616,PMC3439153
200088309,GSE88309,22955616,PMC3439153
200088307,GSE88307,22955616,PMC3439153
200088305,GSE88305,22955616,PMC3439153
200088304,GSE88304,22955616,PMC3439153
200088302,GSE88302,22955616,PMC3439153
200088301,GSE88301,22955616,PMC3439153
200088299,GSE88299,22955616,PMC3439153
200088298,GSE88298,22955616,PMC3439153
200088295,GSE88295,22955616,PMC3439153
200088292,GSE88292,22955616,PMC3439153
200088291,GSE88291,22955616,PMC3439153
200088287,GSE88287,22955616,PMC3439153
200088285,GSE88285,22955616,PMC3439153
200088283,GSE88283,22955616,PMC3439153
200088281,GSE88281,22955616,PMC3439153
200088280,GSE88280,22955616,PMC3439153
200088279,GSE88279,22955616,PMC3439153
200088276,GSE88276,22955616,PMC3439153
200088275,GSE88275,22955616,PMC3439153
200088272,GSE88272,22955616,PMC3439153
200088268,GSE88268,22955616,PMC3439153
200088266,GSE88266,22955616,PMC3439153
200088265,GSE88265,22955616,PMC3439153
200088264,GSE88264,22955616,PMC3439153
200088261,GSE88261,22955616,PMC3439153
200088259,GSE88259,22955616,PMC3439153
200088258,GSE88258,22955616,PMC3439153
200088256,GSE88256,22955616,PMC3439153
200088255,GSE88255,22955616,PMC3439153
200088252,GSE88252,22955616,PMC3439153
200088250,GSE88250,22955616,PMC3439153
200088249,GSE88249,22955616,PMC3439153
200088248,GSE88248,22955616,PMC3439153
200088246,GSE88246,22955616,PMC3439153
200088245,GSE88245,22955616,PMC3439153
200088243,GSE88243,22955616,PMC3439153
200088242,GSE88242,22955616,PMC3439153
200088241,GSE88241,22955616,PMC3439153
200088240,GSE88240,22955616,PMC3439153
200088239,GSE88239,22955616,PMC3439153
200088238,GSE88238,22955616,PMC3439153
200088237,GSE88237,22955616,PMC3439153
200088235,GSE88235,22955616,PMC3439153
200088233,GSE88233,22955616,PMC3439153
200088231,GSE88231,22955616,PMC3439153
200088229,GSE88229,22955616,PMC3439153
200088228,GSE88228,22955616,PMC3439153
200088226,GSE88226,22955616,PMC3439153
200088225,GSE88225,22955616,PMC3439153
200088224,GSE88224,22955616,PMC3439153
200088223,GSE88223,22955616,PMC3439153
200088221,GSE88221,22955616,PMC3439153
200088220,GSE88220,22955616,PMC3439153
200088216,GSE88216,22955616,PMC3439153
200088215,GSE88215,22955616,PMC3439153
200088213,GSE88213,22955616,PMC3439153
200088211,GSE88211,22955616,PMC3439153
200088210,GSE88210,22955616,PMC3439153
200088209,GSE88209,22955616,PMC3439153
200088208,GSE88208,22955616,PMC3439153
200088207,GSE88207,22955616,PMC3439153
200088205,GSE88205,22955616,PMC3439153
200088204,GSE88204,22955616,PMC3439153
200088203,GSE88203,22955616,PMC3439153
200088200,GSE88200,22955616,PMC3439153
200088199,GSE88199,22955616,PMC3439153
200088198,GSE88198,22955616,PMC3439153
200088196,GSE88196,22955616,PMC3439153
200088193,GSE88193,22955616,PMC3439153
200088192,GSE88192,22955616,PMC3439153
200088189,GSE88189,22955616,PMC3439153
200088185,GSE88185,22955616,PMC3439153
200088184,GSE88184,22955616,PMC3439153
200088182,GSE88182,22955616,PMC3439153
200088181,GSE88181,22955616,PMC3439153
200088180,GSE88180,22955616,PMC3439153
200088179,GSE88179,22955616,PMC3439153
200088178,GSE88178,22955616,PMC3439153
200088176,GSE88176,22955616,PMC3439153
200088175,GSE88175,22955616,PMC3439153
200088174,GSE88174,22955616,PMC3439153
200088172,GSE88172,22955616,PMC3439153
200088170,GSE88170,22955616,PMC3439153
200088168,GSE88168,22955616,PMC3439153
200088163,GSE88163,22955616,PMC3439153
200088160,GSE88160,22955616,PMC3439153
200088159,GSE88159,22955616,PMC3439153
200088158,GSE88158,22955616,PMC3439153
200088156,GSE88156,22955616,PMC3439153
200088154,GSE88154,22955616,PMC3439153
200088152,GSE88152,22955616,PMC3439153
200088151,GSE88151,22955616,PMC3439153
200088150,GSE88150,22955616,PMC3439153
200088149,GSE88149,22955616,PMC3439153
200088148,GSE88148,22955616,PMC3439153
200088144,GSE88144,22955616,PMC3439153
200088142,GSE88142,22955616,PMC3439153
200088140,GSE88140,22955616,PMC3439153
200088139,GSE88139,22955616,PMC3439153
200088138,GSE88138,22955616,PMC3439153
200088137,GSE88137,22955616,PMC3439153
200088135,GSE88135,22955616,PMC3439153
200088134,GSE88134,22955616,PMC3439153
200088132,GSE88132,22955616,PMC3439153
200088129,GSE88129,22955616,PMC3439153
200088127,GSE88127,22955616,PMC3439153
200088126,GSE88126,22955616,PMC3439153
200088125,GSE88125,22955616,PMC3439153
200088122,GSE88122,22955616,PMC3439153
200088119,GSE88119,22955616,PMC3439153
200088118,GSE88118,22955616,PMC3439153
200088117,GSE88117,22955616,PMC3439153
200088116,GSE88116,22955616,PMC3439153
200088115,GSE88115,22955616,PMC3439153
200088114,GSE88114,22955616,PMC3439153
200088111,GSE88111,22955616,PMC3439153
200088110,GSE88110,22955616,PMC3439153
200088109,GSE88109,22955616,PMC3439153
200088108,GSE88108,22955616,PMC3439153
200088107,GSE88107,22955616,PMC3439153
200088106,GSE88106,22955616,PMC3439153
200088105,GSE88105,22955616,PMC3439153
200088104,GSE88104,22955616,PMC3439153
200088099,GSE88099,22955616,PMC3439153
200088098,GSE88098,22955616,PMC3439153
200088097,GSE88097,22955616,PMC3439153
200088096,GSE88096,22955616,PMC3439153
200088092,GSE88092,22955616,PMC3439153
200088091,GSE88091,22955616,PMC3439153
200088089,GSE88089,22955616,PMC3439153
200088088,GSE88088,22955616,PMC3439153
200088087,GSE88087,22955616,PMC3439153
200088086,GSE88086,22955616,PMC3439153
200088083,GSE88083,22955616,PMC3439153
200088081,GSE88081,22955616,PMC3439153
200088080,GSE88080,22955616,PMC3439153
200088078,GSE88078,22955616,PMC3439153
200088076,GSE88076,22955616,PMC3439153
200088075,GSE88075,22955616,PMC3439153
200088074,GSE88074,22955616,PMC3439153
200088070,GSE88070,22955616,PMC3439153
200088069,GSE88069,22955616,PMC3439153
200088068,GSE88068,22955616,PMC3439153
200088067,GSE88067,22955616,PMC3439153
200088066,GSE88066,22955616,PMC3439153
200088063,GSE88063,22955616,PMC3439153
200088062,GSE88062,22955616,PMC3439153
200088061,GSE88061,22955616,PMC3439153
200088060,GSE88060,22955616,PMC3439153
200088059,GSE88059,22955616,PMC3439153
200088058,GSE88058,22955616,PMC3439153
200088056,GSE88056,22955616,PMC3439153
200088055,GSE88055,22955616,PMC3439153
200088054,GSE88054,22955616,PMC3439153
200088053,GSE88053,22955616,PMC3439153
200088052,GSE88052,22955616,PMC3439153
200088051,GSE88051,22955616,PMC3439153
200088050,GSE88050,22955616,PMC3439153
200088048,GSE88048,22955616,PMC3439153
200088047,GSE88047,22955616,PMC3439153
200088046,GSE88046,22955616,PMC3439153
200088045,GSE88045,22955616,PMC3439153
200088044,GSE88044,22955616,PMC3439153
200088043,GSE88043,22955616,PMC3439153
200088041,GSE88041,22955616,PMC3439153
200088040,GSE88040,22955616,PMC3439153
200088039,GSE88039,22955616,PMC3439153
200088038,GSE88038,22955616,PMC3439153
200088034,GSE88034,22955616,PMC3439153
200088033,GSE88033,22955616,PMC3439153
200088032,GSE88032,22955616,PMC3439153
200088031,GSE88031,22955616,PMC3439153
200088029,GSE88029,22955616,PMC3439153
200088026,GSE88026,22955616,PMC3439153
200088022,GSE88022,22955616,PMC3439153
200088021,GSE88021,22955616,PMC3439153
200088020,GSE88020,22955616,PMC3439153
200088018,GSE88018,22955616,PMC3439153
200088016,GSE88016,22955616,PMC3439153
200088015,GSE88015,22955616,PMC3439153
200088014,GSE88014,22955616,PMC3439153
200088013,GSE88013,22955616,PMC3439153
200088012,GSE88012,22955616,PMC3439153
200088011,GSE88011,22955616,PMC3439153
200088009,GSE88009,22955616,PMC3439153
200088008,GSE88008,22955616,PMC3439153
200088007,GSE88007,22955616,PMC3439153
200088006,GSE88006,22955616,PMC3439153
200088004,GSE88004,22955616,PMC3439153
200088002,GSE88002,22955616,PMC3439153
200088001,GSE88001,22955616,PMC3439153
200088000,GSE88000,22955616,PMC3439153
200087999,GSE87999,22955616,PMC3439153
200087998,GSE87998,22955616,PMC3439153
200087997,GSE87997,22955616,PMC3439153
200087996,GSE87996,22955616,PMC3439153
200087995,GSE87995,22955616,PMC3439153
200087993,GSE87993,22955616,PMC3439153
200087992,GSE87992,22955616,PMC3439153
200087990,GSE87990,22955616,PMC3439153
200087989,GSE87989,22955616,PMC3439153
200087988,GSE87988,22955616,PMC3439153
200087987,GSE87987,22955616,PMC3439153
200087986,GSE87986,22955616,PMC3439153
200087985,GSE87985,22955616,PMC3439153
200087983,GSE87983,22955616,PMC3439153
200087982,GSE87982,22955616,PMC3439153
200087981,GSE87981,22955616,PMC3439153
200087980,GSE87980,22955616,PMC3439153
200087979,GSE87979,22955616,PMC3439153
200087977,GSE87977,22955616,PMC3439153
200087975,GSE87975,22955616,PMC3439153
200087974,GSE87974,22955616,PMC3439153
200087973,GSE87973,22955616,PMC3439153
200087971,GSE87971,22955616,PMC3439153
200087969,GSE87969,22955616,PMC3439153
200087962,GSE87962,22955616,PMC3439153
200087960,GSE87960,22955616,PMC3439153
200087958,GSE87958,22955616,PMC3439153
200087957,GSE87957,22955616,PMC3439153
200087956,GSE87956,22955616,PMC3439153
200087955,GSE87955,22955616,PMC3439153
200087954,GSE87954,22955616,PMC3439153
200087953,GSE87953,22955616,PMC3439153
200087952,GSE87952,22955616,PMC3439153
200087951,GSE87951,22955616,PMC3439153
200087950,GSE87950,22955616,PMC3439153
200087948,GSE87948,22955616,PMC3439153
200087946,GSE87946,22955616,PMC3439153
200087922,GSE87922,22955616,PMC3439153
200087532,GSE87532,27825143,PMC5341258
200066627,GSE66627,27749084,PMC5359537
200075369,GSE75369,27791031,PMC5087040
200083905,GSE83905,27992407,PMC5182091
200081493,GSE81493,27783944,PMC5123826
200079968,GSE79968,27880818,PMC5120958
200078913,GSE78913,27833659,PMC5103450
200074377,GSE74377,27899639,PMC5389682
200089122,GSE89122,27144525,PMC5058651
200085297,GSE85297,27775701,PMC5117849
200078285,GSE78285,27748765,PMC5245767
200080802,GSE80802,27663586,PMC5354947
200063124,GSE63124,28092686,PMC5695682
200062613,GSE62613,27164560,PMC7505026
200088943,GSE88943,28481029,PMC5527746
200080126,GSE80126,27765019,PMC5072325
200082241,GSE82241,27832591,PMC5130111
200084697,GSE84697,27855702,PMC5114739
200082177,GSE82177,27721404,PMC5383522
200086661,GSE86661,22955616,PMC3439153
200086660,GSE86660,22955616,PMC3439153
200086659,GSE86659,22955616,PMC3439153
200086657,GSE86657,22955616,PMC3439153
200076487,GSE76487,26883358,PMC4762424
200076486,GSE76486,26883358,PMC4762424
200079888,GSE79888,27482887,PMC5004937
200079684,GSE79684,27733359,PMC5300005
200080351,GSE80351,27482887,PMC5004937
200085897,GSE85897,27713405,PMC5059781
200085899,GSE85899,27703239,PMC5059489
200084432,GSE84432,27641228,PMC5027586
200075234,GSE75234,27229140;33762579,PMC5460624;PMC7991640
200072932,GSE72932,27980063,PMC5389510
200083860,GSE83860,27672034,PMC5314794
200070089,GSE70089,27737935,PMC5131824
200076371,GSE76371,26862702,PMC4750166
200062852,GSE62852,28679652,PMC5622856
200080136,GSE80136,27776121,PMC5077151
200087400,GSE87400,27999094,PMC5204336
200085465,GSE85465,27677335,PMC5052795
200080333,GSE80333,27671678,PMC5344673
200081534,GSE81534,27647875,PMC5069555
200081593,GSE81593,27681615,PMC5068336
200074698,GSE74698,28297567,PMC5442765
200087307,GSE87307,27942860,PMC11819050
200079572,GSE79572,27259239,PMC5173106
200077538,GSE77538,27580029,PMC5136292
200086564,GSE86564,27756306,PMC5069826
200086563,GSE86563,27756306,PMC5069826
200086562,GSE86562,27756306,PMC5069826
200084186,GSE84186,27681123,PMC5110153
200085969,GSE85969,27604489,PMC5096979
200080176,GSE80176,27378792,PMC4967941
200078512,GSE78512,27602759,PMC5323210
200084320,GSE84320,27625374,PMC5069553
200073065,GSE73065,28180324,PMC5388417
200086577,GSE86577,27679845,PMC5081620
200086532,GSE86532,27728805,PMC5540451
200079301,GSE79301,27605307;29875794,PMC5015059;PMC5985396
200073471,GSE73471,27536004,PMC5224492
200086337,GSE86337,27899618,PMC5389713
200082143,GSE82143,28425916,PMC5435462
200072536,GSE72536,27462861;30655616,PMC5302866;PMC6353968
200071401,GSE71401,27533040,PMC5133388
200077950,GSE77950,27049681;30429154,PMC6262852
200084166,GSE84166,27546534,PMC5031988
200077034,GSE77034,27573823,PMC5027469
200077032,GSE77032,27573823,PMC5027469
200077031,GSE77031,27573823,PMC5027469
200084430,GSE84430,27519597,PMC4983003
200083314,GSE83314,27488962,PMC4976218
200086053,GSE86053,30307528;31690262,PMC6833242
200077808,GSE77808,27465917,PMC5025899
200075070,GSE75070,27514584,PMC5071180
200074718,GSE74718,27571262,PMC5042848
200085107,GSE85107,27535106,PMC5584808
200085133,GSE85133,27548314;37805627,PMC5114141;PMC10560290
200078167,GSE78167,27539783,PMC5029456
200084986,GSE84986,27546791,PMC5065530
200074439,GSE74439,27546460,PMC5031559
200084639,GSE84639,27506453,PMC4978994
200077460,GSE77460,27527891,PMC6739073
200071756,GSE71756,28112170,PMC5264244
200072524,GSE72524,28167697,PMC5391141
200083100,GSE83100,27617304;34771603,PMC5017158;PMC8582439
200076688,GSE76688,27618450;30275516,PMC6173298
200083520,GSE83520,27459529,PMC5095253
200081601,GSE81601,27477908,PMC5893147
200085050,GSE85050,28102193,PMC5253665
200082223,GSE82223,27342777;32704143,PMC5016176;PMC7378231
200081254,GSE81254,27415791,PMC4961003
200078199,GSE78199,28492543,PMC5520704
200071551,GSE71551,26671595,PMC4681058
200084896,GSE84896,29088702,PMC5933935
200082260,GSE82260,27477906,PMC4975651
200081513,GSE81513,28480052,PMC5417364
200071340,GSE71340,27306793;29196464;31940494,PMC5837004;PMC6963791
200081795,GSE81795,27447986,PMC4996622
200066388,GSE66388,27434182,PMC4951031
200063537,GSE63537,27434182,PMC4951031
200078960,GSE78960,27655340,PMC5031259
200082329,GSE82329,27452461,PMC4972668
200075146,GSE75146,26932476,PMC4836651
200073663,GSE73663,27221711,PMC4896643
200073109,GSE73109,23680150,PMC3681809
200080137,GSE80137,27412690,PMC5013317
200071831,GSE71831,27432957,PMC4978254
200084425,GSE84425,27876874,PMC5120297
200083660,GSE83660,27498870,PMC4996374
200081167,GSE81167,27456471,PMC4963474
200083785,GSE83785,27390128,PMC5010049
200079804,GSE79804,27406171,PMC4947167
200077356,GSE77356,27460974,PMC4963202
200071139,GSE71139,26341737,PMC4560928
200075327,GSE75327,27280393,PMC5321534
200082333,GSE82333,27340176,PMC4926866
200081498,GSE81498,27383785,PMC4947006
200081497,GSE81497,27383785,PMC4947006
200067540,GSE67540,27431763;33218352,PMC4951197;PMC7679990
200079492,GSE79492,27765027,PMC5073873
200073470,GSE73470,39856157,PMC11760944
200070189,GSE70189,27373332;31053798,PMC4955522;PMC6615061
200057871,GSE57871,26868908,PMC4946889
200043726,GSE43726,28126920,PMC5416844
200057681,GSE57681,26095918,PMC4557300
200073982,GSE73982,27263970,PMC4911262
200083592,GSE83592,27169980,PMC4867668
200081417,GSE81417,27477696,PMC5311252
200083479,GSE83479,27391784,PMC4938529
200080372,GSE80372,27291620,PMC4909989
200076173,GSE76173,27282340,PMC4901365
200075797,GSE75797,27281208,PMC4998062
200070211,GSE70211,27309803,PMC4946961
200080591,GSE80591,27292631,PMC5094353
200071812,GSE71812,27252488,PMC4946139
200079669,GSE79669,27282075,PMC5423196
200079668,GSE79668,27282075,PMC5423196
200077039,GSE77039,27401066,PMC4940857
200069896,GSE69896,27276681,PMC5130036
200082184,GSE82184,29416688,PMC5787431
200080182,GSE80182,27270440,PMC5140780
200074142,GSE74142,27256882;34158394,PMC5540732;PMC8492518
200078236,GSE78236,27273737,PMC4895220
200081062,GSE81062,27325891,PMC4925018
200080722,GSE80722,27270588,PMC4938731
200068873,GSE68873,29130426,PMC5959327
200074716,GSE74716,27435934,PMC5052043
200082071,GSE82071,26460041,PMC4664352
200081089,GSE81089,29282718;33576873,PMC8360842
200080366,GSE80366,27386569,PMC4928895
200080365,GSE80365,27386569,PMC4928895
200074958,GSE74958,27422173,PMC4947293
200073527,GSE73527,28264810,PMC5493476
200073737,GSE73737,27320919,PMC4929150
200066539,GSE66539,27320919;30286710,PMC4929150;PMC6172735
200061290,GSE61290,27246849,PMC4965574
200080952,GSE80952,22955616,PMC3439153
200080951,GSE80951,22955616,PMC3439153
200080950,GSE80950,22955616,PMC3439153
200080949,GSE80949,22955616,PMC3439153
200080948,GSE80948,22955616,PMC3439153
200080947,GSE80947,22955616,PMC3439153
200080946,GSE80946,22955616,PMC3439153
200080945,GSE80945,22955616,PMC3439153
200080944,GSE80944,22955616,PMC3439153
200080943,GSE80943,22955616,PMC3439153
200080942,GSE80942,22955616,PMC3439153
200080941,GSE80941,22955616,PMC3439153
200080940,GSE80940,22955616,PMC3439153
200080939,GSE80939,22955616,PMC3439153
200080938,GSE80938,22955616,PMC3439153
200080937,GSE80937,22955616,PMC3439153
200080936,GSE80936,22955616,PMC3439153
200080935,GSE80935,22955616,PMC3439153
200080934,GSE80934,22955616,PMC3439153
200080933,GSE80933,22955616,PMC3439153
200080932,GSE80932,22955616,PMC3439153
200080931,GSE80931,22955616,PMC3439153
200080930,GSE80930,22955616,PMC3439153
200080929,GSE80929,22955616,PMC3439153
200080928,GSE80928,22955616,PMC3439153
200080927,GSE80927,22955616,PMC3439153
200080926,GSE80926,22955616,PMC3439153
200080925,GSE80925,22955616,PMC3439153
200080924,GSE80924,22955616,PMC3439153
200080923,GSE80923,22955616,PMC3439153
200080922,GSE80922,22955616,PMC3439153
200080921,GSE80921,22955616,PMC3439153
200080920,GSE80920,22955616,PMC3439153
200080919,GSE80919,22955616,PMC3439153
200080918,GSE80918,22955616,PMC3439153
200080917,GSE80917,22955616,PMC3439153
200080916,GSE80916,22955616,PMC3439153
200080915,GSE80915,22955616,PMC3439153
200080914,GSE80914,22955616,PMC3439153
200080913,GSE80913,22955616,PMC3439153
200080912,GSE80912,22955616,PMC3439153
200080910,GSE80910,22955616,PMC3439153
200080909,GSE80909,22955616,PMC3439153
200080908,GSE80908,22955616,PMC3439153
200080907,GSE80907,22955616,PMC3439153
200080906,GSE80906,22955616,PMC3439153
200080905,GSE80905,22955616,PMC3439153
200080904,GSE80904,22955616,PMC3439153
200080903,GSE80903,22955616,PMC3439153
200080902,GSE80902,22955616,PMC3439153
200080901,GSE80901,22955616,PMC3439153
200080900,GSE80900,22955616,PMC3439153
200080899,GSE80899,22955616,PMC3439153
200080898,GSE80898,22955616,PMC3439153
200080897,GSE80897,22955616,PMC3439153
200080896,GSE80896,22955616,PMC3439153
200080895,GSE80895,22955616,PMC3439153
200080894,GSE80894,22955616,PMC3439153
200080893,GSE80893,22955616,PMC3439153
200080892,GSE80892,22955616,PMC3439153
200080891,GSE80891,22955616,PMC3439153
200080890,GSE80890,22955616,PMC3439153
200080889,GSE80889,22955616,PMC3439153
200080888,GSE80888,22955616,PMC3439153
200080886,GSE80886,22955616,PMC3439153
200080885,GSE80885,22955616,PMC3439153
200080884,GSE80884,22955616,PMC3439153
200080883,GSE80883,22955616,PMC3439153
200080882,GSE80882,22955616,PMC3439153
200080881,GSE80881,22955616,PMC3439153
200080880,GSE80880,22955616,PMC3439153
200080879,GSE80879,22955616,PMC3439153
200080878,GSE80878,22955616,PMC3439153
200080876,GSE80876,22955616,PMC3439153
200080875,GSE80875,22955616,PMC3439153
200080874,GSE80874,22955616,PMC3439153
200080873,GSE80873,22955616,PMC3439153
200080872,GSE80872,22955616,PMC3439153
200080871,GSE80871,22955616,PMC3439153
200080870,GSE80870,22955616,PMC3439153
200080869,GSE80869,22955616,PMC3439153
200080868,GSE80868,22955616,PMC3439153
200080867,GSE80867,22955616,PMC3439153
200080866,GSE80866,22955616,PMC3439153
200080865,GSE80865,22955616,PMC3439153
200080864,GSE80864,22955616,PMC3439153
200080863,GSE80863,22955616,PMC3439153
200080862,GSE80862,22955616,PMC3439153
200080861,GSE80861,22955616,PMC3439153
200080860,GSE80860,22955616,PMC3439153
200080859,GSE80859,22955616,PMC3439153
200080858,GSE80858,22955616,PMC3439153
200080857,GSE80857,22955616,PMC3439153
200080856,GSE80856,22955616,PMC3439153
200080855,GSE80855,22955616,PMC3439153
200080854,GSE80854,22955616,PMC3439153
200080853,GSE80853,22955616,PMC3439153
200080852,GSE80852,22955616,PMC3439153
200080851,GSE80851,22955616,PMC3439153
200080849,GSE80849,22955616,PMC3439153
200080848,GSE80848,22955616,PMC3439153
200080847,GSE80847,22955616,PMC3439153
200080846,GSE80846,22955616,PMC3439153
200080845,GSE80845,22955616,PMC3439153
200080844,GSE80844,22955616,PMC3439153
200080843,GSE80843,22955616,PMC3439153
200080842,GSE80842,22955616,PMC3439153
200080841,GSE80841,22955616,PMC3439153
200080840,GSE80840,22955616,PMC3439153
200080839,GSE80839,22955616,PMC3439153
200080838,GSE80838,22955616,PMC3439153
200080837,GSE80837,22955616,PMC3439153
200080836,GSE80836,22955616,PMC3439153
200080835,GSE80835,22955616,PMC3439153
200076608,GSE76608,26944194,PMC4813787
200069415,GSE69415,26646695,PMC4791222
200081814,GSE81814,27362937,PMC4928811
200069234,GSE69234,27520449,PMC5050123
200069233,GSE69233,27520449,PMC5050123
200077902,GSE77902,27210747,PMC4889529
200077901,GSE77901,27210747,PMC4889529
200059093,GSE59093,27180681,PMC4867597
200081485,GSE81485,27015110,PMC4884079
200079338,GSE79338,27261081,PMC4922177
200072534,GSE72534,27466232,PMC5052056
200080525,GSE80525,27450084,PMC4987817
200075853,GSE75853,27174990,PMC4928577
200074927,GSE74927,27091409;30061624;32406560,PMC5026546;PMC6065423;PMC8052131
200081266,GSE81266,28221248,PMC5988644
200077370,GSE77370,27163456,PMC4957600
200067931,GSE67931,26867566,PMC4836134
200076199,GSE76199,27100670,PMC4839679
200081032,GSE81032,27405981,PMC5036860
200077314,GSE77314,27119355,PMC5078037
200080716,GSE80716,27183917,PMC5077964
200079735,GSE79735,27322055,PMC4922685
200079284,GSE79284,27376689,PMC4990482
200076860,GSE76860,27196599,PMC5912916
200075962,GSE75962,27733505,PMC5314799
200075811,GSE75811,27130590,PMC4956150
200074031,GSE74031,27058900,PMC5085137
200069737,GSE69737,26784546,PMC4731168
200079917,GSE79917,27210757,PMC4889472
200069583,GSE69583,27121842,PMC4880456
200080563,GSE80563,27157620,PMC5102814
200078527,GSE78527,27138336,PMC4857405
200074324,GSE74324,27099234,PMC4893996
200051281,GSE51281,27110918,PMC4984527
200074999,GSE74999,27087856,PMC4833939
200080082,GSE80082,26989177,PMC4874484
200076987,GSE76987,27026680,PMC4941619
200064367,GSE64367,27034728,PMC4815258
200076507,GSE76507,26960573,PMC4792926
200071326,GSE71326,27058665,PMC4826479
200071325,GSE71325,27058665,PMC4826479
200052260,GSE52260,26967054;27402901,PMC4924651
200079978,GSE79978,26766736,PMC4815766
200079861,GSE79861,27132940,PMC4874879
200075491,GSE75491,27044866,PMC4959312
200075489,GSE75489,27044866,PMC4959312
200075487,GSE75487,27044866,PMC4959312
200073784,GSE73784,27053337,PMC4889976
200071747,GSE71747,26384656,PMC4666751
200079688,GSE79688,23552882,PMC3641357
200072956,GSE72956,27015306,PMC4808520
200046597,GSE46597,27016420,PMC5041931
200079373,GSE79373,27540136,PMC5479611
200078686,GSE78686,22955616,PMC3439153
200078684,GSE78684,22955616,PMC3439153
200078666,GSE78666,22955616,PMC3439153
200078664,GSE78664,22955616,PMC3439153
200078663,GSE78663,22955616,PMC3439153
200078661,GSE78661,22955616,PMC3439153
200078659,GSE78659,22955616,PMC3439153
200078656,GSE78656,22955616,PMC3439153
200078655,GSE78655,22955616,PMC3439153
200078653,GSE78653,22955616,PMC3439153
200078652,GSE78652,22955616,PMC3439153
200078650,GSE78650,22955616,PMC3439153
200078648,GSE78648,22955616,PMC3439153
200078643,GSE78643,22955616,PMC3439153
200078642,GSE78642,22955616,PMC3439153
200078641,GSE78641,22955616,PMC3439153
200078639,GSE78639,22955616,PMC3439153
200078637,GSE78637,22955616,PMC3439153
200078632,GSE78632,22955616,PMC3439153
200078629,GSE78629,22955616,PMC3439153
200078628,GSE78628,22955616,PMC3439153
200078627,GSE78627,22955616,PMC3439153
200078625,GSE78625,22955616,PMC3439153
200078624,GSE78624,22955616,PMC3439153
200078621,GSE78621,22955616,PMC3439153
200078561,GSE78561,22955616,PMC3439153
200078560,GSE78560,22955616,PMC3439153
200078559,GSE78559,22955616,PMC3439153
200078558,GSE78558,22955616,PMC3439153
200078557,GSE78557,22955616,PMC3439153
200078556,GSE78556,22955616,PMC3439153
200078459,GSE78459,22955616,PMC3439153
200078382,GSE78382,22955616,PMC3439153
200078220,GSE78220,26997480,PMC4808437
200077530,GSE77530,26973881,PMC4784261
200066993,GSE66993,27811843,PMC5097163
200077033,GSE77033,26984228,PMC4864462
200079147,GSE79147,27210763,PMC4889463
200074734,GSE74734,26766592,PMC4809063
200072483,GSE72483,27019329,PMC5030109
200078918,GSE78918,24292813,PMC3901081
200077661,GSE77661,27050392,PMC4823868
200075591,GSE75591,26542979,PMC4867233
200073610,GSE73610,26979953,PMC4822608
200075059,GSE75059,26609053,PMC4738160
200069125,GSE69125,26838548,PMC4991033
200068085,GSE68085,26416693;27177224;27604545,PMC4587870;PMC5122362;PMC5015097
200071569,GSE71569,26896798,PMC4797308
200061910,GSE61910,26923328,PMC5036161
200063183,GSE63183,26680004,PMC4816137
200078506,GSE78506,27050516,PMC4833653
200078138,GSE78138,26833731,PMC4743061
200070285,GSE70285,26842848,PMC4739097
200077946,GSE77946,27063598,PMC4972641
200053698,GSE53698,26894958,PMC4798961
200055030,GSE55030,27068475;27221037,PMC5395199;PMC5122410
200075168,GSE75168,26783963,PMC4868673
200060052,GSE60052,27093186,PMC4836692
200064032,GSE64032,26837576;27799565,PMC4824105;PMC5135356
200046613,GSE46613,26926465,PMC4771717
200077624,GSE77624,27050099,PMC4829466
200070462,GSE70462,26527316,PMC4791239
200066158,GSE66158,26621032,PMC4732299
200071890,GSE71890,26679841,PMC4701976
200076307,GSE76307,26981430,PMC4778681
200075602,GSE75602,26828195;37407818,PMC4900892;PMC10804446
200075354,GSE75354,26823433,PMC4868069
200074484,GSE74484,26853473,PMC4752889
200074457,GSE74457,27230261,PMC4895048
200072299,GSE72299,26944678,PMC4782046
200065515,GSE65515,27917918,PMC5137168
200072141,GSE72141,26922637;32811816;40479714,PMC4769547;PMC7434886;PMC12143596
200073318,GSE73318,26752646,PMC4731162
200068378,GSE68378,26588041,PMC4845657
200056331,GSE56331,26659825;27466232,PMC4828727;PMC5052056
200073857,GSE73857,26632845,PMC4669165
200076433,GSE76433,26818199,PMC4728775
200065545,GSE65545,26729287,PMC4728380
200064558,GSE64558,26769127,PMC4801945
200076931,GSE76931,26974154,PMC4811152
200073526,GSE73526,26771497,PMC4724865
200063034,GSE63034,26743006,PMC4872073
200076747,GSE76747,26927674,PMC4811120
200063265,GSE63265,26603836,PMC4760090
200063582,GSE63582,26735014,PMC4854653
200064317,GSE64317,26731516,PMC4775225
200074550,GSE74550,26748848,PMC4733364
200072986,GSE72986,26612782,PMC4733224
200069284,GSE69284,26715761;33753848,PMC4872072;PMC7985518
200076367,GSE76367,27117702,PMC4860043
200074339,GSE74339,26611474,PMC5004401
200067519,GSE67519,27620872,PMC5088590
200064025,GSE64025,26124181,PMC4695135
200071284,GSE71284,26670263,PMC4829315
200075398,GSE75398,26656874,PMC4675984
200071074,GSE71074,26864203,PMC4780610
200073887,GSE73887,26468528,PMC4702570
200075839,GSE75839,26598604,PMC4719424
200075935,GSE75935,26735499;35619151,PMC4703369;PMC9134657
200074493,GSE74493,26588988,PMC4691886
200073721,GSE73721,26687838,PMC4707064
200062171,GSE62171,26659056,PMC8729149
200071900,GSE71900,26637368,PMC4707053
200071898,GSE71898,26637368,PMC4707053
200071893,GSE71893,26637368,PMC4707053
200069333,GSE69333,26631571,PMC4668370
200075440,GSE75440,26724866;34108682,PMC4715682;PMC8266761
200057780,GSE57780,26487287,PMC4618137
200075147,GSE75147,23651857,PMC3656321
200069567,GSE69567,26716708,PMC4699898
200067115,GSE67115,26569308,PMC4695887
200075130,GSE75130,25776849;27081631,PMC4361875;PMC4818341
200074866,GSE74866,27869830,PMC5195898
200063700,GSE63700,26657335,PMC4849803
200073893,GSE73893,26575292,PMC4775220
200064451,GSE64451,26575290,PMC4744188
200065885,GSE65885,26900662;26687005,PMC4824641;PMC4739776
200074442,GSE74442,26566875,PMC4744547
200073588,GSE73588,26555175,PMC4941640
200062909,GSE62909,26516633,PMC4620585
200071208,GSE71208,26627478,PMC4667504
200062920,GSE62920,26641092,PMC4671683
200062919,GSE62919,26641092,PMC4671683
200063485,GSE63485,26494788,PMC4617977
200072955,GSE72955,26467507,PMC4761857
200068086,GSE68086,26525104,PMC4644263
200062731,GSE62731,25551752,PMC4281219
200073405,GSE73405,26593424,PMC4695625
200072001,GSE72001,26656844,PMC4857881
200060570,GSE60570,26404941,PMC4604343
200070767,GSE70767,28701475,PMC6039096
200072915,GSE72915,26440048,PMC4595011
200073114,GSE73114,26437858,PMC4600730
200071520,GSE71520,26431317,PMC4592187
200071519,GSE71519,26431317,PMC4592187
200069822,GSE69822,26464442,PMC4787766
200072202,GSE72202,26461092,PMC4646058
200071446,GSE71446,26275810,PMC4600658
200068815,GSE68815,27094684,PMC4837395
200071154,GSE71154,26404942,PMC4604345
200073277,GSE73277,26971878,PMC4789728
200073189,GSE73189,29113323,PMC5655218
200056022,GSE56022,26374485,PMC4573460
200073099,GSE73099,26697058,PMC4667072
200065185,GSE65185,26359985,PMC4821508
200062520,GSE62520,25701737,PMC4446190
200058989,GSE58989,26307088,PMC4599679
200072983,GSE72983,27221067,PMC4879555
200072468,GSE72468,26455392,PMC4609298
200072790,GSE72790,26565915;27604819;32211880,PMC5336192;PMC7160262
200063782,GSE63782,26367798,PMC4921058
200066182,GSE66182,26331541,PMC4831063
200071862,GSE71862,26415882,PMC4587679
200064590,GSE64590,25956916,PMC4424892
200057254,GSE57254,26498364,PMC4791255
200072082,GSE72082,26355004,PMC4579343
200070537,GSE70537,26259570,PMC4531430
200069308,GSE69308,26565589,PMC4629278
200067004,GSE67004,26132860,PMC4510696
200062889,GSE62889,26240283,PMC4573706
200065473,GSE65473,26302407,PMC4699446
200063511,GSE63511,26282166;35562181,PMC9095586
200056924,GSE56924,26338483,PMC4665005
200072131,GSE72131,26411344,PMC4635069
200071275,GSE71275,26276636,PMC4642453
200070668,GSE70668,26299965,PMC4562906
200070408,GSE70408,26279188,PMC4679144
200040069,GSE40069,23703590,PMC3770762
200071960,GSE71960,23979844,PMC3787129
200069687,GSE69687,26257057,PMC4650263
200066744,GSE66744,26265142,PMC4534116
200071299,GSE71299,26261309,PMC4553800
200064113,GSE64113,26253700,PMC4561495
200070073,GSE70073,26234182,PMC4532886
200066962,GSE66962,26504231,PMC4653227
200066446,GSE66446,26150553,PMC4543687
200069259,GSE69259,25998508,PMC4534471
200063189,GSE63189,26236012,PMC4546522
200071414,GSE71414,27148573,PMC4850884
200071012,GSE71012,26149387,PMC4539381
200071009,GSE71009,26149387,PMC4539381
200069240,GSE69240,26249178,PMC4768486
200070764,GSE70764,26268681,PMC4562119
200071100,GSE71100,27773931,PMC5382134
200067109,GSE67109,26183718,PMC4597140
200069825,GSE69825,26130076,PMC4487992
200061220,GSE61220,26187636,PMC4506436
200071070,GSE71070,39766901,PMC11675482
200070513,GSE70513,26178981,PMC4577887
200066207,GSE66207,26164662,PMC4603665
200062228,GSE62228,26166704;33977073,PMC5770188;PMC8097366
200068219,GSE68219,26175417,PMC4518499
200066767,GSE66767,26201599,PMC4754787
200067237,GSE67237,26262842,PMC4532367
200069197,GSE69197,26181416,PMC4504486
200068221,GSE68221,26051178,PMC4490946
200067994,GSE67994,26413216,PMC4575920
200067447,GSE67447,26245647,PMC4918335
200062968,GSE62968,26057633,PMC4673289
200048953,GSE48953,24297791,PMC3913813
200070380,GSE70380,26695660,PMC4687867
200043126,GSE43126,24606633;26135619,PMC4016586;PMC4507016
200068800,GSE68800,26100017;26303183,PMC4525321;PMC4713339
200068645,GSE68645,26097870,PMC4468322
200060477,GSE60477,26148230,PMC4833872
200066173,GSE66173,25972361,PMC4673270
200045162,GSE45162,26098574,PMC5310712
200068919,GSE68919,25985394;26524530,PMC5769922;PMC4788391
200066879,GSE66879,26073078,PMC4679725
200064233,GSE64233,26113076,PMC4561488
200063234,GSE63234,26007656,PMC4499136
200064713,GSE64713,25992859,PMC4560365
200069678,GSE69678,26669855,PMC4680874
200065235,GSE65235,26053097,PMC4621908
200068228,GSE68228,26784191,PMC4730362
200068975,GSE68975,26940867,PMC4884612
200068341,GSE68341,26025803,PMC4510000
200068358,GSE68358,26153859,PMC4650274
200059066,GSE59066,27499906,PMC4939892
200045510,GSE45510,25896974;26240788;33941787,PMC4526352;PMC4521214;PMC8093268
200068813,GSE68813,25918241;27288410,PMC4456445;PMC5016180
200068795,GSE68795,26046767,PMC4457876
200065349,GSE65349,25965569,PMC4429920
200067945,GSE67945,25973543,PMC4546468
200066014,GSE66014,25784680,PMC4424629
200067240,GSE67240,26030458,PMC4450877
200064912,GSE64912,25803323,PMC4484453
200057803,GSE57803,26087292,PMC4472931
200067070,GSE67070,26924072,PMC4773505
200062518,GSE62518,25918379,PMC4434739
200068027,GSE68027,25990724,PMC4499142
200055005,GSE55005,25710561,PMC4339844
200055727,GSE55727,25883152,PMC4482066
200062829,GSE62829,25942495,PMC4420468
200061515,GSE61515,25873175,PMC4398915
200067770,GSE67770,25918225,PMC4411280
200065112,GSE65112,25693838,PMC4973854
200058123,GSE58123,25860607,PMC4397979
200057925,GSE57925,25961939,PMC4767150
200062077,GSE62077,26168401,PMC5086585
200066228,GSE66228,25787252,PMC4394264
200061966,GSE61966,25803486,PMC4407272
200065485,GSE65485,25901726;26697315,PMC4406717;PMC4664659
200061162,GSE61162,25822018,PMC4611703
200064741,GSE64741,25807485,PMC4507807
200053499,GSE53499,25813522,PMC4389233
200057732,GSE57732,25779048,PMC4402532
200066876,GSE66876,25985394,PMC5769922
200064098,GSE64098,25925576;27899618,PMC4551905;PMC5389713
200060664,GSE60664,25865119,PMC4403341
200059531,GSE59531,25752574,PMC4385449
200062789,GSE62789,26438844,PMC4620908
200065985,GSE65985,25722371,PMC4357734
200063966,GSE63966,25757056,PMC4698803
200061052,GSE61052,26124281,PMC4525309
200066301,GSE66301,31907974,PMC7263938
200054505,GSE54505,25716682,PMC4417413
200066117,GSE66117,27461342,PMC4965721
200057397,GSE57397,25720964,PMC4401662
200063122,GSE63122,25488971,PMC4311229
200064078,GSE64078,25625564,PMC4338613
200063487,GSE63487,25658338,PMC4450057
200065420,GSE65420,25843712,PMC4394036
200063202,GSE63202,25619691,PMC4422651
200062966,GSE62966,25653311,PMC4381521
200063452,GSE63452,25583473,PMC4313835
200063816,GSE63816,25586593,PMC4349895
200062241,GSE62241,25607463;27183590,PMC4302272;PMC4875802
200064795,GSE64795,25414701,PMC4222131
200063776,GSE63776,26191083;30548288,PMC4506402;PMC6476548
200063314,GSE63314,25561494,PMC4281563
200063646,GSE63646,25512507,PMC4284555
200043785,GSE43785,25535248,PMC4331004
200060138,GSE60138,25543152,PMC4310934
200063397,GSE63397,25414352,PMC4267623
200058507,GSE58507,25524025,PMC4284803
200062526,GSE62526,25502142,PMC4428333
200060581,GSE60581,25540362,PMC4325751
200052201,GSE52201,25482560,PMC4268354
200038886,GSE38886,22955620,PMC3684276
200038234,GSE38234,23019147,PMC3483545
200034914,GSE34914,22655260,PMC3356053
200038447,GSE38447,22951069,PMC3491396
200029968,GSE29968,26158411,PMC4627292
200028115,GSE28115,22684280,PMC3409256
200037752,GSE37752,22615383,PMC3384175
200034097,GSE34097,22547686,PMC3434493
200033092,GSE33092,22581800,PMC3371703
200037061,GSE37061,22689670,PMC3487446
200035126,GSE35126,22396588,PMC3311343
200029738,GSE29738,22467206,PMC3401465
200028254,GSE28254,22466170,PMC3371717
200035296,GSE35296,22412385;26061776,PMC3297576;PMC4480275
200025882,GSE25882,22421545,PMC3371706
200036217,GSE36217,22859977,PMC3409179
200034995,GSE34995,22574288,PMC3345519
200034993,GSE34993,22574288,PMC3345519
200033772,GSE33772,22319583,PMC3270023
200033665,GSE33665,22384406,PMC3284335
200034791,GSE34791,22214611,PMC3296256
200034329,GSE34329,22203967,PMC3268328
200030251,GSE30251,22140575,PMC3227660
200030250,GSE30250,22140575,PMC3227660
200025115,GSE25115,21402899,PMC3106338
200033328,GSE33328,22199257,PMC3315322
200032307,GSE32307,22128135,PMC3246200
200031486,GSE31486,21964334,PMC7398428
200028040,GSE28040,21960545,PMC3246201
200029119,GSE29119,22156296,PMC3266032
200029098,GSE29098,21840877,PMC3187648
200025183,GSE25183,21804560,PMC3152676
200026439,GSE26439,21822215,PMC3173790
200030786,GSE30786,21764852,PMC3143939
200030290,GSE30290,21876675,PMC3158048
200030567,GSE30567,22019781;22955974;22955988;25582907,PMC3576853;PMC3431479;PMC3431493;PMC4308717
200029006,GSE29006,21636547,PMC3694393
200029155,GSE29155,21724842,PMC3129246
200027463,GSE27463,21549415,PMC3099127
200022260,GSE22260,21571633,PMC3107329
200022932,GSE22932,21494657,PMC3072964
200027315,GSE27315,21454787,PMC3773223
200027003,GSE27003,21364760,PMC3045451
200015780,GSE15780,21459846,PMC3152320
200026463,GSE26463,21325135,PMC3042160
200024565,GSE24565,22955620;22955974;22955988,PMC3684276;PMC3431479;PMC3431493
200024283,GSE24283,21261984,PMC3041646
200018927,GSE18927,20944595;22955618;22955828;24336318;25693567;26030523;23576721;26502339,PMC3607281;PMC3736582;PMC3771521;PMC4116484;PMC4405175;PMC4499021;PMC3631675;PMC4666772
200017312,GSE17312,20944595,PMC3607281
200016256,GSE16256,19829295;20452322;20944595;21289626;26030523;28637928;23526891,PMC2857523;PMC2867844;PMC3607281;PMC3100360;PMC4499021;PMC5643582;PMC3597546
200016190,GSE16190,19528076,PMC2760790
200014362,GSE14362,19169241,PMC2719882
200011892,GSE11892,18599741;20150413,PMC2879520
